date,temperature,humidity,rainfall
2015-02-20,20.45,38.25,0.3
2015-02-21,,,0.0
2015-02-22,,,0.0
2015-02-23,,,0.0
2015-02-24,,,0.0
2015-02-25,,,0.0
2015-02-26,,,0.0
2015-02-27,,,0.0
2015-02-28,,,0.0
2015-03-01,,,0.0
2015-03-02,,,0.0
2015-03-03,14.41,88.43,0.0
2015-03-04,13.06,69.69,0.0
2015-03-05,14.27,74.53,1.8
2015-03-06,11.05,96.39,28.8
2015-03-07,10.65,70.82,0.0
2015-03-08,9.95,59.31,0.0
2015-03-09,9.91,62.94,0.0
2015-03-10,9.63,76.01,0.0
2015-03-11,9.1,89.01,1.8
2015-03-12,7.74,72.98,0.0
2015-03-13,4.55,95.25,0.0
2015-03-14,,,0.0
2015-03-15,12.17,69.6,0.0
2015-03-16,10.68,56.04,0.0
2015-03-17,11.04,59.03,0.0
2015-03-18,10.38,61.88,0.0
2015-03-19,9.67,83.11,7.5
2015-03-20,8.8,40.27,0.0
2015-03-21,6.52,59.38,0.0
2015-03-22,7.13,82.91,1.5
2015-03-23,13.48,87.57,0.6
2015-03-24,14.92,69.77,0.0
2015-03-25,11.38,95.45,6.9
2015-03-26,12.7,83.38,6.0
2015-03-27,12.34,93.89,9.6
2015-03-28,11.88,80.26,3.9
2015-03-29,13.4,73.28,0.0
2015-03-30,11.62,75.68,1.1
2015-03-31,13.08,76.95,0.1
2015-04-01,12.74,81.26,0.0
2015-04-02,13.99,63.7,0.0
2015-04-03,11.3,77.93,0.0
2015-04-04,11.31,70.94,0.0
2015-04-05,11.41,92.47,11.5
2015-04-06,14.13,79.72,6.3
2015-04-07,9.09,71.5,0.2
2015-04-08,9.73,71.79,0.0
2015-04-09,9.25,66.0,0.0
2015-04-10,11.34,66.14,0.0
2015-04-11,11.35,72.42,0.0
2015-04-12,12.07,75.48,0.0
2015-04-13,14.43,83.06,0.0
2015-04-14,13.67,78.38,0.3
2015-04-15,14.88,71.99,0.0
2015-04-16,14.47,71.49,0.0
2015-04-17,13.78,67.58,0.0
2015-04-18,15.67,70.94,0.0
2015-04-19,14.64,75.29,0.0
2015-04-20,15.5,73.93,0.4
2015-04-21,14.1,69.81,0.0
2015-04-22,14.79,69.16,0.0
2015-04-23,14.62,73.81,0.0
2015-04-24,15.69,78.57,0.6
2015-04-25,14.12,70.8,0.3
2015-04-26,15.66,66.34,0.0
2015-04-27,15.98,71.63,0.0
2015-04-28,16.26,77.15,0.0
2015-04-29,17.64,82.57,0.9
2015-04-30,16.64,81.06,0.0
2015-05-01,16.65,73.58,0.0
2015-05-02,16.23,75.75,0.0
2015-05-03,16.95,68.83,0.0
2015-05-04,19.04,69.66,0.0
2015-05-05,19.03,72.51,0.0
2015-05-06,20.22,68.26,0.0
2015-05-07,20.69,73.25,0.0
2015-05-08,21.1,69.98,0.0
2015-05-09,20.6,69.28,0.0
2015-05-10,18.46,69.72,0.0
2015-05-11,15.61,77.12,4.1
2015-05-12,19.56,52.1,0.0
2015-05-13,17.77,72.19,0.0
2015-05-14,18.97,73.9,0.0
2015-05-15,18.97,72.09,0.0
2015-05-16,20.28,64.07,0.0
2015-05-17,20.12,64.96,0.0
2015-05-18,20.23,78.12,0.0
2015-05-19,18.12,78.75,7.8
2015-05-20,18.69,78.27,1.2
2015-05-21,19.45,79.08,0.1
2015-05-22,21.22,71.75,0.0
2015-05-23,18.83,69.68,0.0
2015-05-24,17.27,71.42,0.0
2015-05-25,17.41,70.3,0.0
2015-05-26,18.32,71.6,0.0
2015-05-27,18.16,83.53,0.0
2015-05-28,17.3,85.84,2.5
2015-05-29,17.94,66.16,0.0
2015-05-30,17.62,72.01,0.0
2015-05-31,18.54,73.3,0.0
2015-06-01,19.44,73.09,0.2
2015-06-02,20.71,62.9,0.0
2015-06-03,21.46,62.76,0.0
2015-06-04,21.44,70.91,0.0
2015-06-05,22.97,70.53,0.0
2015-06-06,21.89,67.62,0.0
2015-06-07,21.16,67.51,0.0
2015-06-08,22.39,69.46,0.6
2015-06-09,19.22,82.98,7.2
2015-06-10,19.34,71.47,9.7
2015-06-11,21.44,72.64,0.1
2015-06-12,23.96,60.98,0.0
2015-06-13,23.4,67.63,0.0
2015-06-14,24.19,66.08,0.0
2015-06-15,23.64,61.97,0.0
2015-06-16,24.21,76.88,0.0
2015-06-17,24.39,70.76,0.0
2015-06-18,21.62,70.32,1.1
2015-06-19,21.47,66.37,0.0
2015-06-20,21.76,69.9,0.0
2015-06-21,21.89,72.4,0.0
2015-06-22,22.39,70.9,0.0
2015-06-23,20.73,72.77,0.0
2015-06-24,20.93,66.66,0.0
2015-06-25,21.95,72.04,0.0
2015-06-26,21.41,69.43,0.0
2015-06-27,19.91,74.95,0.3
2015-06-28,20.25,73.79,2.0
2015-06-29,21.35,70.51,0.0
2015-06-30,21.63,69.42,0.0
2015-07-01,20.72,73.94,8.7
2015-07-02,21.94,64.91,0.0
2015-07-03,24.07,65.09,0.0
2015-07-04,24.77,71.11,0.0
2015-07-05,23.87,71.9,0.0
2015-07-06,24.31,68.27,0.0
2015-07-07,25.74,64.51,0.0
2015-07-08,25.33,72.87,0.0
2015-07-09,25.57,67.36,0.0
2015-07-10,25.26,77.83,0.0
2015-07-11,25.5,75.1,0.0
2015-07-12,25.33,66.6,0.0
2015-07-13,25.16,68.71,0.0
2015-07-14,24.32,74.91,0.0
2015-07-15,27.13,55.46,0.0
2015-07-16,26.83,64.97,0.0
2015-07-17,27.52,61.85,0.0
2015-07-18,28.78,56.26,0.0
2015-07-19,28.05,52.22,0.0
2015-07-20,26.36,65.69,0.0
2015-07-21,29.21,64.55,0.0
2015-07-22,29.18,53.67,0.0
2015-07-23,26.02,62.67,0.0
2015-07-24,26.09,72.8,0.0
2015-07-25,26.47,73.22,0.0
2015-07-26,26.26,78.85,0.0
2015-07-27,26.88,74.05,0.0
2015-07-28,27.58,75.46,0.0
2015-07-29,28.12,70.86,0.0
2015-07-30,27.55,71.82,0.0
2015-07-31,28.22,69.08,0.0
2015-08-01,28.77,66.83,0.0
2015-08-02,28.73,67.82,0.0
2015-08-03,28.09,69.57,0.0
2015-08-04,24.83,74.77,1.3
2015-08-05,24.3,73.82,0.2
2015-08-06,27.66,61.62,0.0
2015-08-07,27.92,56.33,0.8
2015-08-08,26.63,55.42,0.1
2015-08-09,25.95,60.45,0.0
2015-08-10,24.77,69.63,0.0
2015-08-11,25.06,72.6,0.0
2015-08-12,24.51,74.62,0.5
2015-08-13,25.24,62.97,6.7
2015-08-14,24.79,59.99,4.4
2015-08-15,25.73,64.11,0.1
2015-08-16,26.39,77.1,9.5
2015-08-17,24.45,69.82,9.9
2015-08-18,24.57,70.42,0.0
2015-08-19,25.44,67.5,0.0
2015-08-20,25.2,72.96,0.0
2015-08-21,25.28,68.87,0.0
2015-08-22,24.77,72.86,0.0
2015-08-23,24.02,71.85,0.0
2015-08-24,24.26,70.92,0.0
2015-08-25,24.98,67.93,0.0
2015-08-26,25.38,60.51,0.0
2015-08-27,25.33,64.55,0.0
2015-08-28,23.78,67.58,0.0
2015-08-29,24.57,65.75,0.0
2015-08-30,25.51,57.26,0.0
2015-08-31,26.88,60.58,0.0
2015-09-01,24.64,63.74,0.0
2015-09-02,24.54,76.51,0.0
2015-09-03,25.92,80.4,0.0
2015-09-04,26.01,75.29,0.0
2015-09-05,25.91,64.28,0.0
2015-09-06,25.92,76.78,0.0
2015-09-07,25.87,64.94,0.0
2015-09-08,24.38,70.49,0.0
2015-09-09,22.09,76.23,2.6
2015-09-10,23.81,75.99,15.9
2015-09-11,22.45,77.14,16.7
2015-09-12,21.23,68.15,0.0
2015-09-13,22.43,61.88,0.0
2015-09-14,22.58,64.49,0.0
2015-09-15,23.1,69.42,0.0
2015-09-16,23.53,68.66,0.0
2015-09-17,24.21,68.37,0.0
2015-09-18,24.77,64.1,0.0
2015-09-19,25.41,65.75,0.0
2015-09-20,24.23,77.76,5.8
2015-09-21,17.64,93.87,6.9
2015-09-22,20.5,67.77,0.0
2015-09-23,21.59,71.74,0.0
2015-09-24,20.94,81.55,16.5
2015-09-25,18.74,99.4,30.6
2015-09-26,19.04,,17.7
2015-09-27,19.34,75.22,0.0
2015-09-28,19.63,71.94,0.0
2015-09-29,19.81,69.88,0.0
2015-09-30,20.38,67.83,0.0
2015-10-01,18.26,67.01,0.0
2015-10-02,16.93,68.34,0.0
2015-10-03,17.64,61.26,0.0
2015-10-04,20.04,72.79,0.0
2015-10-05,20.21,75.72,0.0
2015-10-06,19.81,77.35,0.0
2015-10-07,19.36,79.67,9.5
2015-10-08,19.2,75.29,0.0
2015-10-09,19.68,72.23,0.0
2015-10-10,18.36,96.52,10.5
2015-10-11,21.24,85.93,31.6
2015-10-12,19.11,73.18,0.8
2015-10-13,16.38,67.98,0.0
2015-10-14,17.43,63.12,0.1
2015-10-15,18.48,68.79,0.0
2015-10-16,16.69,94.43,3.3
2015-10-17,18.73,85.9,2.1
2015-10-18,19.34,76.98,0.0
2015-10-19,20.36,72.04,0.0
2015-10-20,20.54,73.86,5.0
2015-10-21,19.92,82.62,3.5
2015-10-22,17.82,100.0,33.4
2015-10-23,16.89,77.52,0.2
2015-10-24,14.72,70.71,0.4
2015-10-25,13.07,58.44,0.0
2015-10-26,12.76,62.87,0.0
2015-10-27,13.57,60.38,0.1
2015-10-28,13.15,64.53,0.0
2015-10-29,11.84,64.74,0.0
2015-10-30,12.3,75.78,0.0
2015-10-31,16.03,53.74,0.0
2015-11-01,13.94,58.95,0.0
2015-11-02,10.97,70.02,0.0
2015-11-03,10.17,62.98,0.0
2015-11-04,10.85,69.96,0.0
2015-11-05,11.01,67.9,0.0
2015-11-06,11.76,67.23,0.0
2015-11-07,11.88,64.02,0.0
2015-11-08,12.22,68.99,0.0
2015-11-09,12.86,67.49,0.0
2015-11-10,13.97,67.89,0.0
2015-11-11,13.98,67.34,0.0
2015-11-12,14.74,71.51,0.0
2015-11-13,14.2,72.35,0.1
2015-11-14,13.67,76.52,0.0
2015-11-15,13.22,78.64,0.1
2015-11-16,12.91,74.34,0.1
2015-11-17,13.53,65.84,0.1
2015-11-18,13.86,75.27,0.0
2015-11-19,13.62,77.71,0.0
2015-11-20,15.69,84.93,0.0
2015-11-21,15.29,96.26,3.9
2015-11-22,18.19,76.67,12.8
2015-11-23,14.82,95.75,0.2
2015-11-24,15.36,83.57,5.8
2015-11-25,12.24,92.48,31.6
2015-11-26,11.67,94.97,11.3
2015-11-27,11.08,95.33,38.9
2015-11-28,10.68,85.07,9.1
2015-11-29,9.02,75.55,0.1
2015-11-30,6.18,73.56,0.1
2015-12-01,7.83,69.43,0.1
2015-12-02,8.97,73.51,0.0
2015-12-03,10.0,66.48,0.1
2015-12-04,10.67,65.84,0.0
2015-12-05,9.63,67.34,0.0
2015-12-06,8.87,70.03,0.0
2015-12-07,8.14,71.84,0.1
2015-12-08,7.86,66.94,0.1
2015-12-09,7.47,68.76,0.1
2015-12-10,8.02,73.67,0.0
2015-12-11,8.01,88.26,0.0
2015-12-12,5.58,70.56,0.0
2015-12-13,5.43,61.75,0.0
2015-12-14,5.97,82.16,0.0
2015-12-15,6.2,74.96,0.0
2015-12-16,6.29,75.42,0.0
2015-12-17,7.45,72.37,0.0
2015-12-18,4.27,65.28,0.0
2015-12-19,5.4,77.55,0.0
2015-12-20,7.47,74.56,0.0
2015-12-21,6.15,72.3,0.0
2015-12-22,6.23,71.14,0.0
2015-12-23,6.13,69.0,0.1
2015-12-24,6.75,71.6,0.0
2015-12-25,6.38,82.83,0.1
2015-12-26,6.91,64.9,0.1
2015-12-27,6.37,63.77,0.0
2015-12-28,6.58,64.3,0.0
2015-12-29,6.77,76.17,0.0
2015-12-30,8.5,55.94,0.1
2015-12-31,4.38,58.9,0.0
2016-01-01,1.42,71.29,0.0
2016-01-02,4.89,76.01,0.0
2016-01-03,8.33,90.65,42.7
2016-01-04,9.67,85.83,22.6
2016-01-05,13.96,100.0,15.4
2016-01-06,15.05,88.2,17.1
2016-01-07,8.83,68.28,3.8
2016-01-08,7.61,68.7,0.1
2016-01-09,10.78,91.0,0.0
2016-01-10,12.43,92.6,6.5
2016-01-11,12.0,78.37,0.1
2016-01-12,13.28,84.16,0.0
2016-01-13,9.35,87.14,5.0
2016-01-14,5.73,70.98,0.1
2016-01-15,10.0,94.1,7.4
2016-01-16,12.63,94.8,18.1
2016-01-17,7.42,96.63,10.1
2016-01-18,3.54,80.03,0.5
2016-01-19,2.52,70.21,0.3
2016-01-20,4.79,77.67,8.5
2016-01-21,4.93,70.7,0.1
2016-01-22,6.4,68.58,0.0
2016-01-23,4.32,69.68,0.0
2016-01-24,2.0,70.16,0.0
2016-01-25,3.49,74.95,0.0
2016-01-26,5.63,75.88,0.0
2016-01-27,7.87,67.25,0.0
2016-01-28,9.04,84.0,0.0
2016-01-29,7.32,92.07,0.0
2016-01-30,8.28,67.63,0.0
2016-01-31,8.2,82.74,0.0
2016-02-01,11.23,81.27,0.0
2016-02-02,10.63,67.73,0.1
2016-02-03,10.94,79.32,0.0
2016-02-04,11.93,95.14,5.8
2016-02-05,8.08,52.99,0.0
2016-02-06,4.39,68.44,0.0
2016-02-07,5.47,72.2,0.0
2016-02-08,6.42,67.84,0.0
2016-02-09,8.19,89.8,0.0
2016-02-10,12.06,90.57,4.6
2016-02-11,10.99,68.43,8.9
2016-02-12,13.12,99.0,11.7
2016-02-13,14.03,93.13,6.2
2016-02-14,14.48,92.35,19.3
2016-02-15,16.32,76.2,0.5
2016-02-16,16.06,69.86,0.0
2016-02-17,15.03,78.99,0.0
2016-02-18,15.99,70.38,9.8
2016-02-19,13.93,83.73,1.9
2016-02-20,9.52,80.63,2.6
2016-02-21,8.08,68.78,0.2
2016-02-22,9.83,71.67,0.0
2016-02-23,12.34,76.1,0.0
2016-02-24,13.09,91.07,0.4
2016-02-25,12.08,75.08,0.1
2016-02-26,11.11,75.57,3.3
2016-02-27,11.86,70.21,0.0
2016-02-28,12.87,64.99,0.1
2016-02-29,14.36,78.78,0.9
2016-03-01,12.59,70.84,4.8
2016-03-02,10.83,82.44,5.3
2016-03-03,10.02,87.62,7.8
2016-03-04,6.68,99.38,7.5
2016-03-05,8.13,64.24,0.1
2016-03-06,11.36,73.46,0.0
2016-03-07,12.61,78.04,14.6
2016-03-08,10.05,74.58,0.1
2016-03-09,10.63,74.08,0.0
2016-03-10,8.79,79.81,3.8
2016-03-11,9.83,81.18,1.0
2016-03-12,10.5,88.93,8.6
2016-03-13,9.58,96.76,8.2
2016-03-14,10.6,79.64,0.2
2016-03-15,9.5,88.83,0.4
2016-03-16,10.76,64.56,0.0
2016-03-17,10.46,77.26,0.1
2016-03-18,10.82,85.27,6.6
2016-03-19,12.28,78.24,1.2
2016-03-20,12.01,75.53,0.0
2016-03-21,12.29,67.1,0.0
2016-03-22,15.5,52.85,0.0
2016-03-23,16.82,63.94,14.5
2016-03-24,12.45,92.72,16.6
2016-03-25,9.7,68.03,1.2
2016-03-26,8.37,58.96,0.1
2016-03-27,8.4,72.17,0.6
2016-03-28,8.7,64.88,0.1
2016-03-29,10.68,79.89,0.0
2016-03-30,12.81,71.96,0.0
2016-03-31,13.06,62.37,0.1
2016-04-01,12.78,69.57,0.0
2016-04-02,13.31,75.92,0.0
2016-04-03,15.36,66.04,0.1
2016-04-04,15.87,61.76,0.0
2016-04-05,15.29,66.87,0.1
2016-04-06,16.35,64.2,0.0
2016-04-07,18.56,63.77,0.0
2016-04-08,17.7,75.29,0.0
2016-04-09,16.58,85.68,0.3
2016-04-10,13.1,80.14,11.5
2016-04-11,13.72,78.86,0.0
2016-04-12,15.06,76.09,0.0
2016-04-13,15.73,69.46,0.0
2016-04-14,17.54,62.17,0.0
2016-04-15,15.73,63.22,0.0
2016-04-16,15.67,61.25,0.0
2016-04-17,16.07,60.41,0.0
2016-04-18,16.92,61.39,0.0
2016-04-19,19.41,60.14,0.0
2016-04-20,17.46,72.45,0.0
2016-04-21,18.01,55.73,0.0
2016-04-22,16.7,72.25,0.0
2016-04-23,17.76,78.98,0.0
2016-04-24,17.05,81.24,3.3
2016-04-25,15.38,73.8,3.8
2016-04-26,12.78,75.35,0.2
2016-04-27,12.69,65.12,0.0
2016-04-28,16.4,68.53,0.0
2016-04-29,17.15,81.37,0.4
2016-04-30,17.54,63.93,0.0
2016-05-01,17.45,63.7,1.7
2016-05-02,15.81,73.02,18.0
2016-05-03,13.14,80.04,0.5
2016-05-04,14.13,74.69,5.6
2016-05-05,15.4,71.56,0.1
2016-05-06,15.6,65.94,0.2
2016-05-07,15.92,69.53,0.0
2016-05-08,16.43,64.98,0.0
2016-05-09,17.4,61.52,0.0
2016-05-10,16.89,67.98,0.0
2016-05-11,18.54,60.71,0.0
2016-05-12,17.89,91.14,3.8
2016-05-13,19.13,73.79,0.0
2016-05-14,17.01,63.21,0.0
2016-05-15,17.45,69.89,0.0
2016-05-16,17.73,74.99,0.2
2016-05-17,16.95,70.01,0.0
2016-05-18,16.98,67.93,0.0
2016-05-19,15.78,75.38,0.0
2016-05-20,15.19,91.84,4.2
2016-05-21,14.41,98.18,14.7
2016-05-22,17.41,64.85,0.1
2016-05-23,17.41,63.44,0.0
2016-05-24,17.14,68.3,0.0
2016-05-25,16.73,69.99,0.0
2016-05-26,17.84,71.41,0.0
2016-05-27,19.72,75.07,0.0
2016-05-28,20.77,80.55,0.0
2016-05-29,20.82,73.37,0.0
2016-05-30,21.92,71.06,0.0
2016-05-31,20.35,81.63,0.0
2016-06-01,20.06,85.31,0.0
2016-06-02,20.85,80.51,0.0
2016-06-03,20.48,82.84,0.0
2016-06-04,19.81,81.88,0.0
2016-06-05,20.1,85.12,0.0
2016-06-06,20.95,84.53,0.0
2016-06-07,20.69,85.44,0.1
2016-06-08,20.11,83.52,18.7
2016-06-09,20.3,83.32,0.1
2016-06-10,20.07,85.2,0.0
2016-06-11,20.51,82.17,0.1
2016-06-12,21.18,81.47,0.0
2016-06-13,19.89,91.51,12.2
2016-06-14,21.01,87.79,1.4
2016-06-15,21.78,81.56,0.0
2016-06-16,23.23,77.19,0.0
2016-06-17,25.15,76.38,0.0
2016-06-18,25.96,76.87,0.0
2016-06-19,23.53,86.72,0.0
2016-06-20,24.58,84.25,0.0
2016-06-21,25.83,84.24,0.0
2016-06-22,27.25,72.01,0.0
2016-06-23,27.27,71.4,0.0
2016-06-24,29.27,57.74,0.0
2016-06-25,27.33,62.29,0.0
2016-06-26,23.29,89.69,0.7
2016-06-27,24.66,86.67,0.1
2016-06-28,24.22,89.56,0.9
2016-06-29,24.16,79.56,0.0
2016-06-30,24.09,82.19,0.0
2016-07-01,23.78,86.45,0.0
2016-07-02,24.51,82.56,0.0
2016-07-03,24.51,86.35,0.0
2016-07-04,26.71,76.42,0.0
2016-07-05,27.2,76.06,0.0
2016-07-06,25.86,83.67,0.0
2016-07-07,26.58,77.76,0.0
2016-07-08,26.35,71.12,0.0
2016-07-09,25.24,75.14,0.0
2016-07-10,26.3,72.58,0.0
2016-07-11,26.34,72.03,0.0
2016-07-12,26.85,73.15,0.0
2016-07-13,26.7,77.17,0.0
2016-07-14,26.53,79.06,0.0
2016-07-15,26.02,78.11,0.0
2016-07-16,23.34,73.19,0.0
2016-07-17,21.47,75.16,0.0
2016-07-18,22.63,74.03,0.0
2016-07-19,23.98,66.99,0.0
2016-07-20,25.15,64.72,0.0
2016-07-21,24.9,69.09,0.0
2016-07-22,24.99,72.15,0.0
2016-07-23,24.95,79.04,0.0
2016-07-24,26.26,78.77,0.0
2016-07-25,26.6,81.6,0.0
2016-07-26,27.05,74.36,0.0
2016-07-27,26.41,66.89,0.0
2016-07-28,26.29,73.78,0.0
2016-07-29,26.57,78.04,0.0
2016-07-30,27.08,77.49,0.0
2016-07-31,27.54,75.78,0.0
2016-08-01,27.53,75.76,0.0
2016-08-02,26.22,80.75,0.0
2016-08-03,26.74,80.59,0.0
2016-08-04,28.0,67.53,0.0
2016-08-05,27.66,66.74,0.0
2016-08-06,27.19,74.0,0.0
2016-08-07,27.39,71.49,0.0
2016-08-08,24.68,79.76,7.9
2016-08-09,24.98,78.12,0.0
2016-08-10,25.69,80.05,0.0
2016-08-11,26.05,82.71,0.0
2016-08-12,25.46,77.31,0.0
2016-08-13,24.97,67.96,0.0
2016-08-14,23.9,63.72,0.0
2016-08-15,23.46,71.72,0.0
2016-08-16,23.67,71.81,0.0
2016-08-17,23.38,77.75,0.0
2016-08-18,23.52,75.58,0.0
2016-08-19,24.17,80.45,0.0
2016-08-20,25.56,75.69,0.0
2016-08-21,26.62,70.55,0.0
2016-08-22,25.78,75.17,0.0
2016-08-23,23.77,82.12,0.2
2016-08-24,24.99,71.88,0.0
2016-08-25,26.7,65.7,0.0
2016-08-26,25.49,56.46,0.0
2016-08-27,23.58,62.77,0.0
2016-08-28,23.82,70.06,0.0
2016-08-29,23.75,79.05,0.0
2016-08-30,24.4,81.54,0.0
2016-08-31,25.27,80.58,0.0
2016-09-01,24.74,77.72,0.0
2016-09-02,23.24,80.14,0.0
2016-09-03,23.61,75.6,0.0
2016-09-04,24.27,68.67,0.0
2016-09-05,24.03,76.15,0.4
2016-09-06,20.12,98.03,11.8
2016-09-07,22.75,89.58,21.4
2016-09-08,20.14,96.88,17.2
2016-09-09,22.57,87.67,0.1
2016-09-10,22.2,89.02,6.2
2016-09-11,22.54,86.44,1.4
2016-09-12,21.59,88.46,3.6
2016-09-13,22.12,79.56,0.1
2016-09-14,21.66,82.62,0.0
2016-09-15,21.65,84.22,0.1
2016-09-16,23.07,87.47,0.0
2016-09-17,23.27,85.51,0.0
2016-09-18,21.72,94.19,0.0
2016-09-19,20.77,95.01,11.2
2016-09-20,19.83,87.52,0.1
2016-09-21,20.2,86.81,0.0
2016-09-22,20.1,91.64,1.9
2016-09-23,18.63,78.1,0.0
2016-09-24,18.19,76.03,0.0
2016-09-25,17.5,75.3,0.0
2016-09-26,18.14,76.6,0.0
2016-09-27,19.43,73.9,0.0
2016-09-28,18.62,70.69,0.0
2016-09-29,17.83,78.28,0.0
2016-09-30,18.31,83.39,0.0
2016-10-01,18.61,85.82,0.0
2016-10-02,19.39,84.24,0.0
2016-10-03,21.4,87.84,0.0
2016-10-04,20.74,87.61,0.0
2016-10-05,17.58,83.09,0.0
2016-10-06,15.94,83.4,0.0
2016-10-07,15.31,90.76,11.9
2016-10-08,17.28,89.37,1.5
2016-10-09,16.16,84.6,0.0
2016-10-10,15.68,98.76,9.9
2016-10-11,17.39,95.59,21.0
2016-10-12,16.51,89.07,6.9
2016-10-13,14.34,78.88,0.0
2016-10-14,,,0.0
2016-10-15,,,0.0
2016-10-16,,,0.0
2016-10-17,,,0.0
2016-10-18,,,0.0
2016-10-19,,,0.0
2016-10-20,,,0.0
2016-10-21,,,0.0
2016-10-22,,,0.0
2016-10-23,,,0.0
2016-10-24,,,0.0
2016-10-25,,,0.0
2016-10-26,,,0.0
2016-10-27,,,0.0
2016-10-28,,,0.0
2016-10-29,,,0.0
2016-10-30,,,0.0
2016-10-31,,,0.0
2016-11-01,,,0.0
2016-11-02,,,0.0
2016-11-03,,,0.0
2016-11-04,,,0.0
2016-11-05,,,0.0
2016-11-06,,,0.0
2016-11-07,-39.25,0.0,0.0
2016-11-08,645.03,527.81,5.0
2016-11-09,977.03,976.7,0.0
2016-11-10,4.66,3.0,0.0
2016-11-11,4.13,3.0,0.0
2016-11-12,,,0.0
2016-11-13,,,0.0
2016-11-14,,,0.0
2016-11-15,,,0.0
2016-11-16,,,0.0
2016-11-17,,,0.0
2016-11-18,,,0.0
2016-11-19,,,0.0
2016-11-20,13.21,78.37,0.0
2016-11-21,11.45,83.51,0.0
2016-11-22,9.96,84.93,0.0
2016-11-23,9.93,85.97,0.1
2016-11-24,10.01,88.46,0.0
2016-11-25,10.37,94.21,0.1
2016-11-26,11.93,99.87,4.9
2016-11-27,13.83,99.54,7.9
2016-11-28,11.14,98.87,5.2
2016-11-29,9.84,93.76,0.5
2016-11-30,6.14,74.56,0.4
2016-12-01,2.27,84.4,0.0
2016-12-02,6.6,85.99,0.1
2016-12-03,12.37,94.23,2.7
2016-12-04,11.91,95.79,0.1
2016-12-05,11.12,85.78,0.0
2016-12-06,9.8,94.33,0.0
2016-12-07,11.12,84.01,0.0
2016-12-08,7.27,82.44,0.0
2016-12-09,6.48,87.51,0.0
2016-12-10,6.66,88.88,0.0
2016-12-11,7.79,90.16,0.1
2016-12-12,9.14,96.92,0.0
2016-12-13,7.63,69.04,0.1
2016-12-14,2.36,72.19,0.0
2016-12-15,5.39,83.23,0.0
2016-12-16,6.63,67.69,0.0
2016-12-17,4.2,66.9,0.0
2016-12-18,1.89,75.85,0.0
2016-12-19,3.51,80.52,0.0
2016-12-20,3.36,85.4,0.0
2016-12-21,4.27,72.75,0.0
2016-12-22,3.8,61.99,0.0
2016-12-23,2.21,71.31,0.0
2016-12-24,4.18,75.76,0.0
2016-12-25,4.0,85.82,0.0
2016-12-26,4.77,82.69,0.0
2016-12-27,7.35,83.01,0.2
2016-12-28,7.8,59.13,0.0
2016-12-29,5.13,44.36,0.0
2016-12-30,1.03,59.05,0.0
2016-12-31,0.97,68.43,0.0
2017-01-01,2.78,80.08,0.0
2017-01-02,4.05,85.82,0.0
2017-01-03,5.46,85.81,0.8
2017-01-04,7.82,100.0,6.6
2017-01-05,8.75,99.58,9.6
2017-01-06,5.19,88.37,0.4
2017-01-07,-0.28,81.76,1.4
2017-01-08,-1.29,74.76,0.1
2017-01-09,-0.41,68.83,0.0
2017-01-10,-0.13,85.23,0.4
2017-01-11,2.06,99.72,8.6
2017-01-12,2.1,91.14,0.1
2017-01-13,3.6,96.33,3.4
2017-01-14,8.55,97.23,12.8
2017-01-15,5.01,87.24,0.2
2017-01-16,5.97,99.65,7.6
2017-01-17,6.82,99.68,5.2
2017-01-18,7.1,99.56,12.8
2017-01-19,7.12,99.46,5.4
2017-01-20,7.25,83.28,0.0
2017-01-21,4.67,83.73,0.0
2017-01-22,4.97,81.78,0.1
2017-01-23,5.3,85.89,0.0
2017-01-24,6.84,98.45,4.0
2017-01-25,6.42,90.4,0.0
2017-01-26,6.21,85.98,0.0
2017-01-27,5.55,77.19,0.0
2017-01-28,5.23,85.6,0.0
2017-01-29,6.61,88.72,0.2
2017-01-30,7.6,79.53,0.0
2017-01-31,6.8,82.89,0.0
2017-02-01,9.43,89.85,0.0
2017-02-02,10.77,89.6,0.0
2017-02-03,10.1,93.17,1.7
2017-02-04,12.82,93.84,6.1
2017-02-05,13.87,94.8,0.0
2017-02-06,13.99,85.53,14.8
2017-02-07,9.0,93.94,4.4
2017-02-08,8.55,85.37,0.1
2017-02-09,9.79,78.96,0.0
2017-02-10,11.09,61.24,0.0
2017-02-11,8.56,68.97,0.0
2017-02-12,6.12,74.02,0.0
2017-02-13,5.29,73.61,0.0
2017-02-14,3.73,74.01,0.0
2017-02-15,4.79,75.94,0.0
2017-02-16,7.25,78.34,0.0
2017-02-17,7.83,87.25,0.0
2017-02-18,9.83,93.4,1.1
2017-02-19,9.66,100.0,39.0
2017-02-20,8.92,92.06,1.1
2017-02-21,7.89,87.62,0.0
2017-02-22,8.4,85.17,0.0
2017-02-23,8.86,88.05,0.1
2017-02-24,11.11,86.62,0.0
2017-02-25,12.01,93.12,1.4
2017-02-26,13.23,95.64,1.2
2017-02-27,14.25,85.38,0.4
2017-02-28,11.81,92.05,0.0
2017-03-01,11.02,94.75,6.7
2017-03-02,9.23,86.58,0.2
2017-03-03,10.05,85.71,0.0
2017-03-04,11.03,81.54,0.1
2017-03-05,11.14,84.6,0.0
2017-03-06,10.31,98.61,11.8
2017-03-07,10.67,90.96,8.8
2017-03-08,11.94,83.22,0.2
2017-03-09,11.55,80.77,0.0
2017-03-10,11.63,86.65,0.0
2017-03-11,11.49,69.25,0.0
2017-03-12,10.24,78.77,0.0
2017-03-13,8.72,81.59,0.0
2017-03-14,8.91,81.06,0.0
2017-03-15,11.44,79.64,0.0
2017-03-16,9.13,85.98,0.0
2017-03-17,9.51,83.12,0.0
2017-03-18,10.96,84.51,0.0
2017-03-19,11.81,86.74,0.0
2017-03-20,13.05,85.47,0.0
2017-03-21,13.42,86.92,0.0
2017-03-22,14.29,88.48,0.0
2017-03-23,14.16,79.13,0.1
2017-03-24,14.06,77.17,0.0
2017-03-25,13.7,88.66,0.0
2017-03-26,15.6,87.1,0.0
2017-03-27,14.52,72.98,0.0
2017-03-28,12.1,66.79,0.0
2017-03-29,12.49,69.94,0.0
2017-03-30,13.97,74.86,0.0
2017-03-31,15.83,68.0,0.0
2017-04-01,14.13,77.0,0.0
2017-04-02,13.99,70.85,0.0
2017-04-03,12.1,88.2,7.9
2017-04-04,13.18,83.78,0.3
2017-04-05,14.63,82.62,0.0
2017-04-06,14.5,87.65,0.0
2017-04-07,12.68,91.92,0.6
2017-04-08,12.47,77.08,0.1
2017-04-09,13.71,72.17,0.0
2017-04-10,14.37,76.25,0.0
2017-04-11,14.5,78.77,0.0
2017-04-12,14.75,82.45,0.1
2017-04-13,15.3,82.4,0.0
2017-04-14,16.46,84.44,0.0
2017-04-15,14.79,80.49,0.0
2017-04-16,15.23,84.24,0.0
2017-04-17,14.42,96.21,11.3
2017-04-18,13.91,82.65,0.1
2017-04-19,16.84,88.9,0.4
2017-04-20,13.02,72.1,0.0
2017-04-21,9.68,70.9,0.0
2017-04-22,11.36,70.99,0.0
2017-04-23,11.09,77.53,0.0
2017-04-24,12.81,80.9,0.0
2017-04-25,14.49,79.41,0.0
2017-04-26,14.88,74.54,0.0
2017-04-27,15.38,69.55,0.0
2017-04-28,16.39,64.58,0.0
2017-04-29,18.19,67.9,0.0
2017-04-30,18.72,74.89,0.0
2017-05-01,17.85,85.88,0.0
2017-05-02,18.14,87.72,0.0
2017-05-03,17.52,89.62,0.0
2017-05-04,17.37,85.63,0.0
2017-05-05,16.94,83.71,0.0
2017-05-06,18.32,83.82,0.0
2017-05-07,17.38,87.05,0.0
2017-05-08,16.87,82.53,0.0
2017-05-09,16.61,84.89,0.0
2017-05-10,16.73,82.63,0.0
2017-05-11,17.95,76.31,0.0
2017-05-12,21.84,60.38,0.2
2017-05-13,22.66,67.51,0.0
2017-05-14,19.91,81.67,0.0
2017-05-15,19.88,80.12,0.0
2017-05-16,16.5,99.17,3.3
2017-05-17,17.27,82.4,0.1
2017-05-18,17.72,68.9,0.0
2017-05-19,17.06,81.56,2.0
2017-05-20,18.91,86.48,0.1
2017-05-21,16.19,92.48,3.1
2017-05-22,18.5,81.69,0.3
2017-05-23,19.98,85.11,0.1
2017-05-24,19.77,85.24,0.0
2017-05-25,19.69,86.74,0.1
2017-05-26,16.8,87.04,1.5
2017-05-27,17.02,89.09,9.1
2017-05-28,18.31,81.74,0.0
2017-05-29,19.66,76.4,0.0
2017-05-30,19.12,83.41,0.0
2017-05-31,19.93,85.83,0.0
2017-06-01,21.03,85.76,0.0
2017-06-02,21.17,82.04,0.0
2017-06-03,21.03,81.62,0.0
2017-06-04,22.48,86.9,0.0
2017-06-05,23.36,81.17,0.0
2017-06-06,23.17,79.16,0.0
2017-06-07,23.93,81.77,0.0
2017-06-08,22.79,84.27,1.4
2017-06-09,22.38,87.22,0.0
2017-06-10,22.53,83.38,0.0
2017-06-11,19.01,92.26,15.9
2017-06-12,22.25,77.4,0.0
2017-06-13,22.3,80.49,0.0
2017-06-14,23.64,83.89,0.0
2017-06-15,24.14,80.95,0.0
2017-06-16,24.63,83.1,0.0
2017-06-17,24.23,86.02,0.0
2017-06-18,23.09,70.26,0.0
2017-06-19,21.29,67.36,0.0
2017-06-20,22.28,72.99,0.0
2017-06-21,22.45,80.2,0.0
2017-06-22,23.61,81.07,0.0
2017-06-23,24.49,85.11,0.0
2017-06-24,24.84,84.03,0.0
2017-06-25,25.01,79.97,0.0
2017-06-26,25.12,78.45,0.0
2017-06-27,25.35,83.08,0.0
2017-06-28,26.11,75.24,0.0
2017-06-29,27.09,67.65,0.0
2017-06-30,27.58,68.35,0.0
2017-07-01,27.93,65.95,0.0
2017-07-02,25.5,73.88,0.0
2017-07-03,24.38,75.71,0.0
2017-07-04,24.12,66.29,0.0
2017-07-05,25.38,65.62,0.0
2017-07-06,24.9,72.08,0.0
2017-07-07,26.16,67.35,0.0
2017-07-08,25.9,72.08,0.0
2017-07-09,26.44,72.67,0.0
2017-07-10,26.9,71.35,0.0
2017-07-11,26.4,69.9,0.0
2017-07-12,26.71,71.67,0.0
2017-07-13,26.8,72.95,0.0
2017-07-14,27.95,72.69,0.0
2017-07-15,26.92,75.53,0.0
2017-07-16,23.8,82.35,18.3
2017-07-17,20.33,85.26,0.1
2017-07-18,23.18,72.53,0.0
2017-07-19,23.84,75.65,0.0
2017-07-20,24.75,80.26,0.0
2017-07-21,25.82,77.92,0.0
2017-07-22,26.17,76.16,0.0
2017-07-23,26.77,70.21,0.0
2017-07-24,25.65,74.78,0.0
2017-07-25,25.88,78.74,0.0
2017-07-26,25.39,77.79,0.0
2017-07-27,23.45,80.64,0.0
2017-07-28,23.71,80.54,0.0
2017-07-29,25.55,76.67,0.0
2017-07-30,25.84,75.65,0.0
2017-07-31,26.77,71.35,0.0
2017-08-01,28.83,58.58,0.0
2017-08-02,26.21,64.81,0.0
2017-08-03,26.94,68.1,0.0
2017-08-04,26.99,64.13,0.0
2017-08-05,26.88,65.44,0.0
2017-08-06,28.41,64.78,0.0
2017-08-07,28.53,67.94,0.0
2017-08-08,29.92,65.79,0.0
2017-08-09,31.08,59.92,0.0
2017-08-10,29.9,61.77,0.0
2017-08-11,28.73,72.26,0.0
2017-08-12,27.56,75.81,0.0
2017-08-13,24.09,72.37,0.0
2017-08-14,24.33,70.08,0.0
2017-08-15,25.21,68.8,0.0
2017-08-16,26.06,73.4,0.0
2017-08-17,27.34,65.96,0.1
2017-08-18,26.84,62.46,0.0
2017-08-19,26.27,63.17,0.0
2017-08-20,26.0,66.17,0.0
2017-08-21,25.66,77.08,0.0
2017-08-22,24.8,73.98,0.0
2017-08-23,24.47,70.24,0.0
2017-08-24,24.74,74.28,0.0
2017-08-25,24.24,67.87,0.0
2017-08-26,23.87,68.01,0.0
2017-08-27,23.9,65.12,0.0
2017-08-28,24.12,63.31,0.0
2017-08-29,24.13,73.76,0.0
2017-08-30,25.95,57.67,0.0
2017-08-31,23.16,73.16,0.0
2017-09-01,23.96,82.84,0.0
2017-09-02,23.78,78.47,0.0
2017-09-03,23.54,76.0,0.0
2017-09-04,21.79,72.24,0.0
2017-09-05,20.9,72.22,0.0
2017-09-06,20.61,70.31,0.0
2017-09-07,22.61,73.74,0.0
2017-09-08,23.42,80.16,0.0
2017-09-09,21.84,93.96,4.8
2017-09-10,23.67,83.72,0.0
2017-09-11,24.66,74.22,0.1
2017-09-12,22.61,83.01,0.2
2017-09-13,22.71,78.16,0.0
2017-09-14,20.78,77.54,0.0
2017-09-15,21.38,78.62,0.0
2017-09-16,21.45,77.68,0.0
2017-09-17,22.05,79.68,0.0
2017-09-18,22.44,81.62,0.0
2017-09-19,22.39,81.09,0.0
2017-09-20,21.04,83.88,0.0
2017-09-21,17.17,77.1,0.2
2017-09-22,16.37,69.9,0.0
2017-09-23,16.84,71.01,0.0
2017-09-24,18.65,75.02,0.0
2017-09-25,18.82,85.15,0.5
2017-09-26,19.93,79.02,0.0
2017-09-27,19.5,82.03,0.0
2017-09-28,20.0,75.13,0.0
2017-09-29,19.94,63.71,0.0
2017-09-30,17.83,63.87,0.0
2017-10-01,17.49,68.9,0.0
2017-10-02,18.16,75.47,0.0
2017-10-03,18.22,77.79,0.0
2017-10-04,18.76,81.46,0.0
2017-10-05,19.43,81.16,0.0
2017-10-06,19.93,82.71,0.0
2017-10-07,17.09,90.56,5.6
2017-10-08,13.11,76.6,0.0
2017-10-09,14.2,77.31,0.0
2017-10-10,15.74,75.47,0.0
2017-10-11,16.79,72.12,0.0
2017-10-12,17.07,78.97,0.0
2017-10-13,17.39,80.24,0.0
2017-10-14,16.83,75.19,0.0
2017-10-15,17.22,75.65,0.0
2017-10-16,18.17,76.38,0.0
2017-10-17,18.77,73.66,0.0
2017-10-18,16.77,71.14,0.0
2017-10-19,16.25,82.73,0.0
2017-10-20,17.38,85.71,0.0
2017-10-21,18.0,87.5,0.0
2017-10-22,18.42,87.69,0.0
2017-10-23,14.96,99.06,10.4
2017-10-24,13.27,89.39,0.3
2017-10-25,14.84,74.4,0.0
2017-10-26,14.59,78.53,0.0
2017-10-27,14.49,82.08,0.0
2017-10-28,13.76,79.35,0.0
2017-10-29,11.87,75.65,0.0
2017-10-30,14.81,81.76,0.0
2017-10-31,14.59,81.66,0.0
2017-11-01,14.0,81.58,0.0
2017-11-02,12.92,84.42,0.0
2017-11-03,12.89,86.92,0.0
2017-11-04,13.57,72.15,0.0
2017-11-05,10.88,76.99,0.0
2017-11-06,13.9,80.76,0.1
2017-11-07,16.11,86.08,0.5
2017-11-08,13.81,97.16,13.8
2017-11-09,14.13,91.13,1.7
2017-11-10,13.01,87.02,0.0
2017-11-11,13.94,94.76,12.0
2017-11-12,16.87,87.03,0.0
2017-11-13,15.4,90.04,0.0
2017-11-14,13.84,99.99,11.1
2017-11-15,14.19,97.72,9.9
2017-11-16,15.08,93.39,19.9
2017-11-17,13.97,97.01,4.6
2017-11-18,14.11,94.78,0.9
2017-11-19,14.31,90.9,2.0
2017-11-20,9.47,84.08,0.5
2017-11-21,6.93,82.33,0.0
2017-11-22,7.41,84.07,0.0
2017-11-23,8.69,86.35,0.0
2017-11-24,9.71,89.12,0.0
2017-11-25,9.77,91.5,0.1
2017-11-26,10.62,96.49,21.7
2017-11-27,11.29,98.74,18.9
2017-11-28,8.1,89.53,0.4
2017-11-29,7.45,90.69,0.3
2017-11-30,15.09,98.94,8.2
2017-12-01,16.71,98.43,10.1
2017-12-02,14.31,100.0,39.6
2017-12-03,12.97,95.17,2.0
2017-12-04,9.33,96.03,3.8
2017-12-05,5.57,90.94,0.2
2017-12-06,3.72,84.25,0.1
2017-12-07,4.96,86.15,0.2
2017-12-08,6.96,91.26,0.1
2017-12-09,11.36,92.12,11.9
2017-12-10,8.05,85.53,0.3
2017-12-11,6.12,94.02,0.1
2017-12-12,11.98,92.56,0.0
2017-12-13,12.22,94.81,1.8
2017-12-14,12.04,95.09,5.2
2017-12-15,11.67,97.59,0.4
2017-12-16,12.34,97.56,9.0
2017-12-17,10.43,96.45,8.3
2017-12-18,5.57,100.0,4.4
2017-12-19,3.3,90.89,0.3
2017-12-20,3.57,88.04,0.1
2017-12-21,5.3,96.17,2.6
2017-12-22,6.44,79.26,0.1
2017-12-23,5.47,69.57,0.0
2017-12-24,4.57,79.33,0.0
2017-12-25,6.26,86.87,0.0
2017-12-26,8.13,92.35,0.0
2017-12-27,10.18,99.14,6.2
2017-12-28,10.8,99.46,39.9
2017-12-29,7.65,98.83,14.1
2017-12-30,5.1,94.96,0.1
2017-12-31,3.49,88.24,0.4
2018-01-01,6.78,90.53,0.1
2018-01-02,9.65,95.61,6.7
2018-01-03,7.27,94.3,0.1
2018-01-04,7.67,90.35,4.6
2018-01-05,6.54,84.78,0.0
2018-01-06,9.68,89.48,0.0
2018-01-07,10.74,93.49,0.0
2018-01-08,11.35,91.8,0.0
2018-01-09,10.67,93.78,0.0
2018-01-10,11.26,87.88,0.0
2018-01-11,10.27,96.22,1.7
2018-01-12,9.08,98.15,3.2
2018-01-13,10.02,82.6,0.8
2018-01-14,8.28,80.59,0.3
2018-01-15,8.28,100.0,4.6
2018-01-16,9.67,98.4,8.1
2018-01-17,11.03,95.67,5.5
2018-01-18,7.62,64.81,0.5
2018-01-19,5.04,85.76,0.0
2018-01-20,10.46,99.61,14.4
2018-01-21,9.65,99.75,5.2
2018-01-22,7.48,82.28,0.2
2018-01-23,5.4,78.69,0.0
2018-01-24,6.28,65.36,0.0
2018-01-25,3.09,78.47,0.0
2018-01-26,4.65,83.87,0.0
2018-01-27,5.98,89.51,0.0
2018-01-28,6.48,89.06,0.1
2018-01-29,6.84,89.93,0.1
2018-01-30,7.62,93.32,0.0
2018-01-31,8.08,92.98,0.1
2018-02-01,7.8,96.11,0.0
2018-02-02,12.22,94.47,1.4
2018-02-03,12.45,98.58,63.9
2018-02-04,10.57,96.75,27.5
2018-02-05,7.22,89.07,0.2
2018-02-06,8.22,85.58,0.1
2018-02-07,10.48,88.65,5.1
2018-02-08,10.27,91.15,0.5
2018-02-09,9.51,95.24,0.2
2018-02-10,9.18,98.18,15.4
2018-02-11,7.91,99.91,12.1
2018-02-12,7.44,91.14,0.0
2018-02-13,7.39,99.6,19.6
2018-02-14,9.15,85.15,6.6
2018-02-15,9.17,78.16,0.5
2018-02-16,9.27,76.64,0.0
2018-02-17,7.92,82.98,0.0
2018-02-18,8.62,88.74,0.0
2018-02-19,11.02,86.79,0.0
2018-02-20,9.47,96.1,4.4
2018-02-21,9.93,97.01,6.3
2018-02-22,11.44,89.58,4.1
2018-02-23,11.76,75.29,0.0
2018-02-24,9.57,95.94,20.3
2018-02-25,9.1,98.59,7.6
2018-02-26,7.65,96.2,29.6
2018-02-27,8.34,90.6,12.7
2018-02-28,6.38,74.69,0.0
2018-03-01,6.33,87.71,0.0
2018-03-02,10.12,98.38,2.6
2018-03-03,12.73,92.18,2.8
2018-03-04,13.67,89.65,0.2
2018-03-05,13.64,84.13,15.9
2018-03-06,14.21,92.1,5.7
2018-03-07,13.9,88.87,0.0
2018-03-08,12.02,85.14,6.7
2018-03-09,10.02,84.8,0.0
2018-03-10,10.16,85.27,0.0
2018-03-11,10.91,86.81,0.0
2018-03-12,14.43,85.43,3.8
2018-03-13,13.26,92.16,0.2
2018-03-14,12.15,87.6,1.5
2018-03-15,10.43,87.56,0.0
2018-03-16,12.45,91.24,0.2
2018-03-17,17.71,62.75,0.0
2018-03-18,16.01,79.87,8.1
2018-03-19,11.49,98.59,12.1
2018-03-20,11.64,87.22,1.3
2018-03-21,13.25,89.06,1.9
2018-03-22,15.48,80.1,0.6
2018-03-23,10.05,94.47,12.9
2018-03-24,10.4,82.76,0.1
2018-03-25,9.29,98.58,2.8
2018-03-26,11.12,98.12,9.4
2018-03-27,11.73,91.74,4.6
2018-03-28,10.99,85.31,0.0
2018-03-29,10.0,79.76,0.0
2018-03-30,13.07,82.59,0.0
2018-03-31,16.11,71.1,0.0
2018-04-01,14.76,72.62,0.0
2018-04-02,12.15,85.58,0.0
2018-04-03,12.98,81.33,0.0
2018-04-04,12.68,75.52,0.0
2018-04-05,12.84,74.18,0.0
2018-04-06,14.29,84.62,0.7
2018-04-07,15.18,80.0,0.1
2018-04-08,14.72,77.76,0.0
2018-04-09,15.51,73.35,0.0
2018-04-10,14.62,82.4,0.0
2018-04-11,14.53,83.94,0.0
2018-04-12,17.29,74.68,0.0
2018-04-13,16.54,84.55,0.0
2018-04-14,19.68,76.46,0.0
2018-04-15,22.01,65.4,0.0
2018-04-16,18.04,84.84,0.0
2018-04-17,16.68,89.72,0.0
2018-04-18,17.31,89.62,0.0
2018-04-19,18.27,81.29,0.0
2018-04-20,18.1,83.74,0.0
2018-04-21,16.96,74.45,0.0
2018-04-22,16.51,87.97,0.0
2018-04-23,17.18,90.97,0.0
2018-04-24,17.65,86.62,0.0
2018-04-25,17.43,87.08,0.0
2018-04-26,17.42,88.62,0.0
2018-04-27,20.27,81.67,0.0
2018-04-28,22.57,61.81,0.0
2018-04-29,23.56,57.74,0.0
2018-04-30,19.55,80.2,0.0
2018-05-01,20.63,75.1,0.0
2018-05-02,22.4,68.78,0.0
2018-05-03,20.58,79.51,0.0
2018-05-04,18.86,87.26,0.0
2018-05-05,17.8,95.49,0.0
2018-05-06,18.32,97.13,1.2
2018-05-07,19.5,88.54,0.3
2018-05-08,19.37,90.92,0.0
2018-05-09,18.61,88.19,0.0
2018-05-10,17.62,89.74,0.1
2018-05-11,17.81,92.47,1.3
2018-05-12,19.57,80.62,0.2
2018-05-13,19.73,85.94,0.0
2018-05-14,19.63,87.76,0.0
2018-05-15,18.54,89.55,1.4
2018-05-16,19.7,86.21,0.2
2018-05-17,20.37,86.69,0.6
2018-05-18,21.04,86.88,0.0
2018-05-19,21.06,83.62,0.0
2018-05-20,22.53,79.99,0.1
2018-05-21,23.49,71.85,0.0
2018-05-22,22.68,75.5,0.0
2018-05-23,22.02,85.17,0.3
2018-05-24,20.49,91.16,14.5
2018-05-25,22.09,85.14,0.0
2018-05-26,22.79,78.71,0.0
2018-05-27,23.09,76.42,0.0
2018-05-28,23.07,80.29,0.0
2018-05-29,23.06,82.28,0.1
2018-05-30,22.58,78.15,0.0
2018-05-31,22.19,87.28,0.0
2018-06-01,23.85,83.47,0.0
2018-06-02,24.08,73.29,0.0
2018-06-03,23.98,80.81,0.0
2018-06-04,24.61,80.67,0.0
2018-06-05,24.59,81.02,0.0
2018-06-06,23.92,78.1,0.0
2018-06-07,24.71,75.06,0.0
2018-06-08,27.88,62.74,0.0
2018-06-09,24.42,80.86,0.0
2018-06-10,21.95,87.4,1.3
2018-06-11,24.35,81.19,0.0
2018-06-12,25.48,82.24,0.0
2018-06-13,25.2,81.99,0.0
2018-06-14,24.0,81.72,0.0
2018-06-15,19.98,94.95,7.4
2018-06-16,21.44,89.03,0.1
2018-06-17,22.28,90.53,0.4
2018-06-18,21.66,90.52,2.4
2018-06-19,21.48,87.99,0.1
2018-06-20,23.51,75.24,0.0
2018-06-21,22.17,85.03,0.0
2018-06-22,23.24,84.93,0.0
2018-06-23,23.35,85.01,0.0
2018-06-24,23.0,80.44,0.0
2018-06-25,21.6,81.2,0.4
2018-06-26,21.25,84.31,3.4
2018-06-27,21.11,86.39,1.6
2018-06-28,20.46,87.44,3.4
2018-06-29,20.87,83.93,0.0
2018-06-30,22.0,84.48,0.0
2018-07-01,24.39,81.87,0.0
2018-07-02,24.62,78.49,0.0
2018-07-03,24.47,77.26,0.0
2018-07-04,24.36,81.92,0.0
2018-07-05,25.44,84.94,0.0
2018-07-06,25.32,79.15,0.0
2018-07-07,24.97,84.01,0.0
2018-07-08,23.92,86.06,0.2
2018-07-09,23.19,82.85,0.0
2018-07-10,23.32,81.3,0.0
2018-07-11,23.72,82.77,0.0
2018-07-12,24.45,82.26,0.0
2018-07-13,25.72,81.07,0.0
2018-07-14,25.67,79.72,0.0
2018-07-15,26.54,74.26,0.0
2018-07-16,25.48,78.9,0.0
2018-07-17,25.87,82.34,0.0
2018-07-18,25.39,83.44,0.0
2018-07-19,25.59,78.58,0.0
2018-07-20,24.83,82.01,0.0
2018-07-21,25.24,80.62,0.0
2018-07-22,25.32,74.43,0.0
2018-07-23,25.48,81.47,0.0
2018-07-24,24.05,82.08,0.0
2018-07-25,23.6,84.01,0.1
2018-07-26,22.52,89.92,2.1
2018-07-27,24.01,86.92,0.0
2018-07-28,25.1,87.23,0.0
2018-07-29,23.45,88.71,0.9
2018-07-30,25.38,83.43,0.0
2018-07-31,26.82,80.44,0.0
2018-08-01,27.26,78.34,0.0
2018-08-02,27.11,77.76,0.0
2018-08-03,26.75,75.63,0.0
2018-08-04,26.44,67.12,0.0
2018-08-05,25.76,66.15,0.0
2018-08-06,25.83,67.24,0.0
2018-08-07,25.87,73.4,0.0
2018-08-08,27.14,73.33,0.0
2018-08-09,26.66,70.81,0.0
2018-08-10,27.45,64.19,0.0
2018-08-11,27.85,60.39,0.0
2018-08-12,26.03,70.81,0.0
2018-08-13,26.56,76.4,0.0
2018-08-14,26.95,84.17,0.0
2018-08-15,27.29,71.86,0.0
2018-08-16,22.78,88.69,1.8
2018-08-17,25.05,79.28,0.0
2018-08-18,25.72,78.21,0.0
2018-08-19,26.7,61.92,0.0
2018-08-20,25.4,66.48,0.5
2018-08-21,24.54,69.57,0.0
2018-08-22,24.25,66.5,0.0
2018-08-23,24.33,63.53,0.0
2018-08-24,25.32,68.4,0.0
2018-08-25,24.76,82.47,2.1
2018-08-26,24.55,86.67,0.1
2018-08-27,22.65,90.49,1.1
2018-08-28,23.78,81.38,0.0
2018-08-29,25.68,75.15,0.0
2018-08-30,25.52,70.85,0.0
2018-08-31,25.53,74.31,0.0
2018-09-01,25.44,75.07,0.0
2018-09-02,25.56,76.58,0.0
2018-09-03,25.49,80.2,0.0
2018-09-04,24.38,79.26,0.0
2018-09-05,23.34,75.15,0.0
2018-09-06,23.28,79.99,0.0
2018-09-07,24.03,81.89,0.0
2018-09-08,23.3,86.73,0.9
2018-09-09,23.1,80.57,0.1
2018-09-10,23.42,75.67,0.0
2018-09-11,23.62,77.3,0.0
2018-09-12,23.07,62.32,0.0
2018-09-13,23.81,62.31,0.0
2018-09-14,22.5,72.66,0.0
2018-09-15,23.0,81.19,0.0
2018-09-16,23.36,80.12,0.0
2018-09-17,23.58,68.44,0.0
2018-09-18,23.46,70.07,0.0
2018-09-19,22.47,73.54,0.0
2018-09-20,21.7,76.81,0.0
2018-09-21,21.23,71.88,0.0
2018-09-22,21.25,78.01,0.0
2018-09-23,21.83,84.36,0.0
2018-09-24,22.51,85.69,0.0
2018-09-25,22.95,66.12,0.0
2018-09-26,17.55,46.01,0.0
2018-09-27,18.74,39.07,0.0
2018-09-28,20.02,53.68,0.0
2018-09-29,19.49,73.12,0.1
2018-09-30,18.11,86.63,3.1
2018-10-01,17.72,90.2,0.4
2018-10-02,18.91,83.08,0.0
2018-10-03,18.8,93.17,1.5
2018-10-04,21.77,79.24,0.0
2018-10-05,21.5,76.95,0.0
2018-10-06,19.58,78.29,0.0
2018-10-07,18.79,85.33,0.0
2018-10-08,19.47,84.47,0.0
2018-10-09,19.6,78.19,0.0
2018-10-10,17.84,69.34,0.0
2018-10-11,16.34,70.97,0.0
2018-10-12,18.09,67.12,0.0
2018-10-13,18.0,66.27,0.0
2018-10-14,17.15,66.0,0.0
2018-10-15,18.09,69.06,0.0
2018-10-16,16.82,74.88,0.0
2018-10-17,17.69,78.47,0.0
2018-10-18,17.09,77.01,0.0
2018-10-19,17.72,78.92,0.0
2018-10-20,17.9,82.61,0.0
2018-10-21,18.06,82.31,0.1
2018-10-22,16.16,90.34,4.6
2018-10-23,16.33,89.59,0.6
2018-10-24,16.33,84.82,0.0
2018-10-25,13.8,66.84,0.0
2018-10-26,14.34,72.97,0.0
2018-10-27,19.29,87.42,0.2
2018-10-28,19.32,80.73,0.0
2018-10-29,18.49,81.08,0.0
2018-10-30,18.44,89.42,0.4
2018-10-31,21.14,86.49,0.0
2018-11-01,20.43,82.83,0.0
2018-11-02,19.0,83.37,0.0
2018-11-03,16.77,76.47,0.0
2018-11-04,14.9,78.67,0.0
2018-11-05,13.4,78.16,0.0
2018-11-06,13.96,80.1,0.0
2018-11-07,14.66,79.9,2.1
2018-11-08,14.04,94.74,0.6
2018-11-09,12.89,83.88,0.2
2018-11-10,12.46,81.28,0.0
2018-11-11,12.35,80.06,0.0
2018-11-12,11.72,79.46,0.0
2018-11-13,11.49,77.84,0.0
2018-11-14,10.84,82.03,0.0
2018-11-15,11.98,72.27,0.0
2018-11-16,9.85,87.51,8.7
2018-11-17,10.13,87.32,2.8
2018-11-18,9.92,99.44,23.4
2018-11-19,13.81,94.85,0.0
2018-11-20,16.08,93.97,4.9
2018-11-21,14.11,98.86,15.4
2018-11-22,12.99,93.17,0.1
2018-11-23,12.19,89.26,0.1
2018-11-24,11.35,87.49,0.1
2018-11-25,13.61,98.72,7.8
2018-11-26,15.5,98.45,57.2
2018-11-27,14.85,99.43,29.0
2018-11-28,12.46,95.92,10.7
2018-11-29,9.57,77.96,0.0
2018-11-30,6.87,82.69,0.0
2018-12-01,8.11,88.76,0.0
2018-12-02,8.28,91.31,0.0
2018-12-03,7.98,86.28,0.0
2018-12-04,11.73,90.67,0.0
2018-12-05,10.33,90.37,0.0
2018-12-06,7.32,78.23,0.0
2018-12-07,4.67,79.7,0.0
2018-12-08,7.79,89.84,15.7
2018-12-09,10.45,98.06,1.8
2018-12-10,10.26,88.82,8.8
2018-12-11,5.56,92.09,0.0
2018-12-12,4.02,85.8,0.2
2018-12-13,6.29,98.54,4.2
2018-12-14,10.68,97.97,0.2
2018-12-15,11.92,97.15,3.1
2018-12-16,8.28,95.09,0.0
2018-12-17,7.44,89.57,7.6
2018-12-18,9.06,89.36,3.3
2018-12-19,6.47,86.46,0.0
2018-12-20,6.95,90.43,0.0
2018-12-21,8.36,99.1,0.3
2018-12-22,8.93,94.97,0.0
2018-12-23,10.48,92.46,0.0
2018-12-24,10.22,98.6,7.5
2018-12-25,9.44,83.24,2.8
2018-12-26,2.9,76.72,0.0
2018-12-27,2.83,81.53,0.0
2018-12-28,4.31,85.01,0.0
2018-12-29,5.37,87.27,0.1
2018-12-30,6.85,88.47,0.0
2018-12-31,7.3,84.08,0.2
2019-01-01,8.18,60.24,0.0
2019-01-02,4.12,80.4,0.0
2019-01-03,4.2,95.73,8.1
2019-01-04,1.47,99.06,4.1
2019-01-05,1.85,88.15,0.2
2019-01-06,0.68,88.35,0.1
2019-01-07,1.23,74.53,0.0
2019-01-08,-0.83,73.44,0.0
2019-01-09,5.17,97.63,24.1
2019-01-10,9.87,95.16,30.1
2019-01-11,7.1,96.72,2.6
2019-01-12,5.6,91.58,0.0
2019-01-13,4.74,88.33,0.0
2019-01-14,4.58,95.43,0.4
2019-01-15,6.0,59.2,0.0
2019-01-16,1.84,70.6,0.0
2019-01-17,4.25,83.79,0.0
2019-01-18,8.35,94.27,0.2
2019-01-19,9.41,99.97,5.5
2019-01-20,8.89,96.56,2.5
2019-01-21,7.61,91.28,0.1
2019-01-22,8.55,99.28,18.0
2019-01-23,8.91,99.17,38.7
2019-01-24,8.95,92.4,2.5
2019-01-25,10.09,86.85,2.9
2019-01-26,8.16,91.1,0.0
2019-01-27,7.41,89.44,0.0
2019-01-28,9.38,99.19,4.2
2019-01-29,8.97,99.81,21.4
2019-01-30,9.12,97.51,7.8
2019-01-31,7.11,99.52,10.2
2019-02-01,9.3,97.47,0.5
2019-02-02,12.25,86.42,0.0
2019-02-03,13.34,74.97,0.0
2019-02-04,12.79,79.86,0.0
2019-02-05,16.33,53.19,0.0
2019-02-06,13.87,58.22,0.0
2019-02-07,9.18,71.63,0.0
2019-02-08,6.49,83.28,0.0
2019-02-09,7.93,86.09,0.0
2019-02-10,8.14,88.7,0.0
2019-02-11,10.9,92.06,2.7
2019-02-12,9.53,87.52,0.3
2019-02-13,7.29,56.76,0.0
2019-02-14,9.8,48.52,0.0
2019-02-15,7.71,55.71,0.0
2019-02-16,7.28,64.84,0.0
2019-02-17,6.29,78.9,0.0
2019-02-18,7.79,85.8,0.0
2019-02-19,8.69,89.89,0.0
2019-02-20,9.69,89.34,0.0
2019-02-21,8.58,87.42,0.0
2019-02-22,8.98,88.08,0.0
2019-02-23,7.8,70.69,0.0
2019-02-24,5.97,52.03,0.0
2019-02-25,5.15,60.65,0.0
2019-02-26,8.34,78.1,0.0
2019-02-27,10.07,56.82,0.0
2019-02-28,6.06,76.98,0.0
2019-03-01,7.96,86.91,0.0
2019-03-02,11.02,83.76,0.0
2019-03-03,9.54,76.3,0.0
2019-03-04,9.23,83.28,0.0
2019-03-05,10.09,87.92,0.0
2019-03-06,11.28,88.06,0.0
2019-03-07,11.02,85.81,0.1
2019-03-08,10.91,81.18,0.0
2019-03-09,10.61,83.32,0.0
2019-03-10,12.83,89.27,0.0
2019-03-11,11.65,88.67,0.0
2019-03-12,10.28,93.71,7.4
2019-03-13,10.51,69.08,0.0
2019-03-14,7.86,94.28,5.9
2019-03-15,10.13,82.49,0.0
2019-03-16,9.57,81.85,0.0
2019-03-17,12.5,86.95,0.0
2019-03-18,13.23,83.52,0.0
2019-03-19,11.72,85.02,0.0
2019-03-20,12.32,87.15,0.0
2019-03-21,15.16,61.69,0.0
2019-03-22,12.53,67.09,0.0
2019-03-23,12.08,73.51,0.0
2019-03-24,12.45,80.16,0.0
2019-03-25,12.08,86.44,0.0
2019-03-26,12.77,85.98,0.0
2019-03-27,12.45,87.27,2.0
2019-03-28,11.2,76.83,3.2
2019-03-29,12.12,49.7,0.0
2019-03-30,11.37,69.59,0.0
2019-03-31,11.77,80.35,0.0
2019-04-01,12.45,86.29,0.0
2019-04-02,14.05,67.19,0.0
2019-04-03,13.02,73.12,0.0
2019-04-04,14.19,77.33,0.0
2019-04-05,14.21,88.64,1.4
2019-04-06,14.93,77.06,0.4
2019-04-07,13.55,86.48,2.1
2019-04-08,13.68,89.19,4.8
2019-04-09,12.15,92.28,0.2
2019-04-10,13.47,95.29,0.8
2019-04-11,13.44,87.99,4.9
2019-04-12,12.79,97.92,28.5
2019-04-13,14.42,87.11,0.9
2019-04-14,13.45,90.9,3.6
2019-04-15,11.93,97.42,7.0
2019-04-16,12.05,86.13,0.4
2019-04-17,12.21,89.72,1.4
2019-04-18,12.55,82.59,0.5
2019-04-19,13.06,83.08,0.1
2019-04-20,14.65,82.94,0.0
2019-04-21,13.46,88.97,0.0
2019-04-22,14.77,86.09,0.0
2019-04-23,14.76,90.68,0.8
2019-04-24,18.62,75.17,0.1
2019-04-25,16.17,94.15,1.0
2019-04-26,18.8,79.6,0.0
2019-04-27,17.51,83.83,0.0
2019-04-28,16.1,79.49,0.0
2019-04-29,14.65,83.47,0.0
2019-04-30,14.48,82.64,0.0
2019-05-01,12.34,89.06,0.7
2019-05-02,14.71,87.94,0.3
2019-05-03,15.42,85.95,0.0
2019-05-04,14.22,91.33,0.5
2019-05-05,16.15,92.44,2.0
2019-05-06,13.72,93.84,12.0
2019-05-07,13.33,88.33,0.4
2019-05-08,13.41,83.16,0.0
2019-05-09,14.15,87.51,0.0
2019-05-10,16.51,91.02,0.0
2019-05-11,16.99,84.65,0.0
2019-05-12,16.4,80.88,5.6
2019-05-13,14.93,99.22,13.9
2019-05-14,16.24,93.41,1.0
2019-05-15,15.48,90.23,0.5
2019-05-16,15.81,89.6,0.0
2019-05-17,16.74,85.59,0.0
2019-05-18,17.59,84.19,0.0
2019-05-19,18.89,79.8,0.0
2019-05-20,18.6,84.4,0.0
2019-05-21,18.02,79.35,0.0
2019-05-22,16.7,86.96,0.0
2019-05-23,18.75,86.24,0.0
2019-05-24,17.75,88.97,0.7
2019-05-25,18.43,85.85,0.1
2019-05-26,20.32,80.38,0.0
2019-05-27,19.98,91.78,3.8
2019-05-28,19.49,85.85,0.0
2019-05-29,19.74,89.62,1.4
2019-05-30,19.2,83.5,0.0
2019-05-31,18.2,89.58,0.0
2019-06-01,17.88,87.37,0.0
2019-06-02,18.14,87.08,0.0
2019-06-03,16.52,94.7,3.6
2019-06-04,17.35,98.74,24.3
2019-06-05,20.12,91.49,0.1
2019-06-06,20.25,86.1,0.0
2019-06-07,20.98,86.0,0.0
2019-06-08,23.03,85.73,0.0
2019-06-09,25.2,81.08,0.0
2019-06-10,24.26,83.11,1.9
2019-06-11,22.51,86.51,0.3
2019-06-12,23.25,85.06,0.0
2019-06-13,24.47,80.7,0.0
2019-06-14,24.32,82.34,0.0
2019-06-15,25.85,84.07,0.0
2019-06-16,23.81,85.61,0.0
2019-06-17,24.3,75.56,0.0
2019-06-18,24.13,76.78,0.0
2019-06-19,24.73,83.69,0.0
2019-06-20,25.04,87.99,0.0
2019-06-21,25.51,86.16,0.0
2019-06-22,26.21,81.86,0.0
2019-06-23,25.58,81.81,0.0
2019-06-24,25.04,81.91,0.0
2019-06-25,25.88,76.09,0.0
2019-06-26,27.2,71.33,0.0
2019-06-27,26.87,72.78,0.0
2019-06-28,26.57,78.17,0.0
2019-06-29,28.16,73.03,0.0
2019-06-30,25.64,74.4,0.0
2019-07-01,25.77,71.98,0.0
2019-07-02,25.38,76.69,0.0
2019-07-03,25.37,81.89,0.0
2019-07-04,26.86,76.3,0.0
2019-07-05,27.15,75.88,0.0
2019-07-06,27.33,80.67,0.0
2019-07-07,26.98,81.47,0.0
2019-07-08,27.02,81.64,0.0
2019-07-09,27.31,82.26,0.0
2019-07-10,27.0,83.34,0.6
2019-07-11,25.87,78.3,0.0
2019-07-12,24.02,81.68,0.0
2019-07-13,25.08,76.92,0.2
2019-07-14,24.97,84.71,0.0
2019-07-15,22.72,85.4,0.0
2019-07-16,20.58,94.28,15.0
2019-07-17,22.35,86.58,0.4
2019-07-18,23.68,80.54,0.0
2019-07-19,23.66,83.59,0.0
2019-07-20,25.3,77.17,0.0
2019-07-21,26.2,75.28,0.0
2019-07-22,26.53,76.44,0.0
2019-07-23,25.83,83.58,10.0
2019-07-24,26.79,75.9,0.0
2019-07-25,26.58,75.61,0.0
2019-07-26,26.51,80.58,0.0
2019-07-27,26.35,82.54,0.0
2019-07-28,26.35,74.9,0.0
2019-07-29,26.29,83.18,0.0
2019-07-30,26.81,83.54,0.0
2019-07-31,27.73,82.89,0.0
2019-08-01,27.43,82.31,0.0
2019-08-02,27.43,81.96,0.0
2019-08-03,27.12,79.56,0.0
2019-08-04,26.37,83.58,0.0
2019-08-05,26.77,71.96,0.0
2019-08-06,26.13,73.9,0.0
2019-08-07,26.03,77.33,0.0
2019-08-08,25.78,74.78,0.0
2019-08-09,25.65,78.47,0.0
2019-08-10,28.12,70.51,0.0
2019-08-11,29.68,63.38,0.0
2019-08-12,30.11,50.33,0.0
2019-08-13,27.0,61.28,0.0
2019-08-14,26.07,79.34,0.0
2019-08-15,27.29,81.72,0.0
2019-08-16,25.65,81.46,0.0
2019-08-17,24.77,78.92,0.0
2019-08-18,24.7,73.34,0.0
2019-08-19,24.67,77.08,0.0
2019-08-20,25.62,75.11,0.0
2019-08-21,25.56,71.98,0.0
2019-08-22,25.97,72.05,0.0
2019-08-23,27.36,69.4,0.0
2019-08-24,28.07,62.99,0.0
2019-08-25,27.49,65.33,0.0
2019-08-26,26.97,66.62,0.0
2019-08-27,27.13,64.59,0.0
2019-08-28,27.24,63.14,0.0
2019-08-29,25.54,62.89,0.0
2019-08-30,25.11,64.88,0.0
2019-08-31,25.31,64.06,0.0
2019-09-01,25.44,72.27,0.0
2019-09-02,25.63,83.18,0.0
2019-09-03,25.94,84.56,0.0
2019-09-04,26.12,70.15,0.0
2019-09-05,24.4,65.05,0.0
2019-09-06,24.33,70.16,0.0
2019-09-07,24.47,78.08,0.0
2019-09-08,24.31,81.17,0.0
2019-09-09,23.4,82.12,0.0
2019-09-10,23.7,83.41,0.3
2019-09-11,23.76,82.99,0.0
2019-09-12,23.15,81.3,5.8
2019-09-13,22.0,75.27,0.1
2019-09-14,23.07,66.01,0.0
2019-09-15,23.05,65.92,0.0
2019-09-16,22.11,75.57,0.0
2019-09-17,21.65,83.44,0.0
2019-09-18,22.03,84.32,0.0
2019-09-19,23.71,85.2,0.0
2019-09-20,22.98,83.13,0.0
2019-09-21,21.73,65.13,0.0
2019-09-22,20.18,78.66,0.0
2019-09-23,21.51,85.83,0.0
2019-09-24,21.58,95.92,30.2
2019-09-25,20.63,85.74,0.1
2019-09-26,22.25,87.38,0.0
2019-09-27,22.15,86.71,0.0
2019-09-28,21.72,82.6,0.0
2019-09-29,21.53,86.17,0.0
2019-09-30,21.31,88.22,0.0
2019-10-01,21.99,88.17,0.0
2019-10-02,21.6,89.13,0.0
2019-10-03,19.52,98.74,14.6
2019-10-04,19.11,91.7,14.0
2019-10-05,18.18,86.42,0.0
2019-10-06,19.03,85.02,0.0
2019-10-07,18.15,92.79,0.3
2019-10-08,18.36,85.2,0.1
2019-10-09,18.61,82.03,0.0
2019-10-10,19.51,93.65,0.0
2019-10-11,21.48,89.62,0.0
2019-10-12,21.19,84.56,0.0
2019-10-13,20.68,86.43,0.0
2019-10-14,20.51,87.08,0.0
2019-10-15,20.18,90.72,0.0
2019-10-16,21.36,89.93,0.0
2019-10-17,20.39,90.89,0.0
2019-10-18,19.3,89.4,0.0
2019-10-19,18.54,87.12,0.0
2019-10-20,17.85,85.51,0.0
2019-10-21,18.44,84.3,0.1
2019-10-22,18.95,75.95,0.0
2019-10-23,18.61,63.52,0.0
2019-10-24,15.4,72.51,0.0
2019-10-25,15.56,75.02,0.0
2019-10-26,15.94,77.68,0.0
2019-10-27,15.34,79.97,0.0
2019-10-28,16.15,86.25,0.0
2019-10-29,16.53,87.29,0.0
2019-10-30,16.76,93.65,2.8
2019-10-31,16.97,95.8,3.3
2019-11-01,16.16,88.69,0.0
2019-11-02,15.48,84.55,0.0
2019-11-03,16.68,90.97,10.7
2019-11-04,16.38,99.7,20.3
2019-11-05,16.95,91.43,0.5
2019-11-06,17.62,92.57,0.0
2019-11-07,17.35,94.76,38.1
2019-11-08,15.65,95.19,5.7
2019-11-09,14.28,99.68,0.5
2019-11-10,15.67,91.58,22.9
2019-11-11,14.0,90.08,0.0
2019-11-12,16.03,94.81,13.1
2019-11-13,15.7,94.38,14.1
2019-11-14,14.55,97.62,2.0
2019-11-15,15.3,94.23,0.0
2019-11-16,15.01,93.6,0.1
2019-11-17,15.25,89.9,0.2
2019-11-18,15.33,91.45,9.5
2019-11-19,14.6,95.65,18.9
2019-11-20,15.5,96.82,19.3
2019-11-21,13.7,98.95,0.1
2019-11-22,12.09,94.76,0.1
2019-11-23,12.03,93.38,0.1
2019-11-24,12.8,96.59,0.6
2019-11-25,11.59,99.75,7.7
2019-11-26,11.94,93.11,0.1
2019-11-27,12.27,92.49,0.2
2019-11-28,14.49,99.94,12.3
2019-11-29,14.18,94.44,13.5
2019-11-30,13.01,97.85,4.6
2019-12-01,9.43,92.44,0.2
2019-12-02,8.77,92.98,0.1
2019-12-03,10.77,100.0,6.4
2019-12-04,11.68,95.61,11.2
2019-12-05,9.5,94.1,0.0
2019-12-06,12.0,96.44,0.7
2019-12-07,13.52,97.34,6.7
2019-12-08,10.2,94.65,0.1
2019-12-09,9.99,93.31,0.1
2019-12-10,10.58,100.0,7.2
2019-12-11,10.43,93.84,1.7
2019-12-12,9.41,89.96,0.7
2019-12-13,10.19,99.99,10.7
2019-12-14,10.51,98.74,29.0
2019-12-15,9.59,95.1,0.2
2019-12-16,11.02,92.84,0.1
2019-12-17,10.32,94.57,0.1
2019-12-18,10.17,94.98,0.1
2019-12-19,11.3,95.98,0.1
2019-12-20,13.19,97.17,2.0
2019-12-21,14.03,96.34,1.8
2019-12-22,14.64,98.32,56.9
2019-12-23,11.54,96.78,6.7
2019-12-24,7.85,88.26,0.1
2019-12-25,7.14,83.42,0.0
2019-12-26,5.52,90.03,0.1
2019-12-27,5.14,90.31,0.1
2019-12-28,4.07,79.14,0.0
2019-12-29,5.73,56.71,0.0
2019-12-30,5.06,60.88,0.0
2019-12-31,5.63,69.88,0.0
2020-01-01,7.37,64.49,0.0
2020-01-02,5.12,59.41,0.0
2020-01-03,1.85,79.95,0.0
2020-01-04,4.38,83.4,0.0
2020-01-05,7.49,75.47,0.1
2020-01-06,6.39,48.6,0.0
2020-01-07,1.2,75.95,0.0
2020-01-08,1.59,64.1,0.0
2020-01-09,1.38,72.06,0.0
2020-01-10,3.57,83.67,0.0
2020-01-11,5.93,89.64,0.0
2020-01-12,7.36,83.98,0.1
2020-01-13,7.57,84.76,0.0
2020-01-14,8.49,86.78,0.0
2020-01-15,6.93,85.19,0.0
2020-01-16,5.96,80.97,0.0
2020-01-17,5.58,79.35,0.0
2020-01-18,4.92,81.99,0.0
2020-01-19,6.06,86.22,0.0
2020-01-20,5.34,83.01,0.0
2020-01-21,3.37,78.38,0.0
2020-01-22,3.88,82.46,0.0
2020-01-23,4.33,86.44,0.2
2020-01-24,5.75,82.65,0.0
2020-01-25,10.28,91.92,0.0
2020-01-26,10.83,92.64,2.4
2020-01-27,10.18,99.49,21.1
2020-01-28,8.03,95.88,0.5
2020-01-29,11.95,98.22,1.8
2020-01-30,9.69,86.53,0.4
2020-01-31,7.13,89.06,0.0
2020-02-01,9.11,92.14,0.1
2020-02-02,10.41,94.46,0.0
2020-02-03,10.07,96.33,0.0
2020-02-04,10.84,96.65,0.0
2020-02-05,10.53,82.58,2.0
2020-02-06,6.77,63.67,0.0
2020-02-07,3.43,72.94,0.0
2020-02-08,4.54,76.98,0.0
2020-02-09,5.54,83.19,0.0
2020-02-10,8.03,90.91,0.2
2020-02-11,11.19,95.24,0.2
2020-02-12,12.53,94.15,0.0
2020-02-13,10.59,85.59,0.0
2020-02-14,10.71,98.22,21.2
2020-02-15,11.02,80.96,0.8
2020-02-16,9.47,75.31,0.0
2020-02-17,7.71,83.43,0.0
2020-02-18,8.47,92.29,0.0
2020-02-19,9.47,92.78,0.0
2020-02-20,9.6,93.13,4.8
2020-02-21,7.99,83.33,0.0
2020-02-22,7.92,70.44,0.0
2020-02-23,6.43,77.92,0.0
2020-02-24,9.09,89.23,0.0
2020-02-25,11.32,86.46,0.0
2020-02-26,12.83,91.21,0.0
2020-02-27,11.05,80.27,0.5
2020-02-28,5.76,98.47,9.7
2020-02-29,6.23,80.57,0.3
2020-03-01,7.8,82.89,0.0
2020-03-02,13.54,89.03,0.0
2020-03-03,16.62,67.64,0.0
2020-03-04,12.41,87.2,18.6
2020-03-05,9.92,87.59,0.1
2020-03-06,11.51,85.02,0.0
2020-03-07,15.6,83.24,0.3
2020-03-08,13.48,92.49,9.2
2020-03-09,10.55,91.19,0.1
2020-03-10,10.48,89.46,0.0
2020-03-11,11.4,84.97,0.0
2020-03-12,11.83,83.93,0.0
2020-03-13,12.7,87.51,0.0
2020-03-14,13.82,92.09,0.0
2020-03-15,14.39,92.73,1.3
2020-03-16,10.88,59.65,0.0
2020-03-17,7.63,73.55,0.0
2020-03-18,10.56,83.76,0.0
2020-03-19,10.43,79.02,0.0
2020-03-20,11.55,86.04,0.0
2020-03-21,12.29,79.01,0.0
2020-03-22,11.28,91.92,1.1
2020-03-23,11.57,100.0,4.1
2020-03-24,8.64,83.03,0.1
2020-03-25,10.49,71.7,0.0
2020-03-26,14.16,58.67,0.0
2020-03-27,9.97,94.81,9.7
2020-03-28,10.49,89.94,0.1
2020-03-29,11.65,88.05,0.0
2020-03-30,12.5,80.71,0.1
2020-03-31,12.89,79.69,0.0
2020-04-01,10.67,99.41,23.5
2020-04-02,7.87,85.17,0.0
2020-04-03,8.58,96.35,2.8
2020-04-04,10.59,99.0,6.0
2020-04-05,11.07,94.86,0.4
2020-04-06,11.64,69.9,0.0
2020-04-07,11.96,53.5,0.0
2020-04-08,13.56,45.06,0.0
2020-04-09,11.72,75.72,0.0
2020-04-10,12.71,82.76,0.0
2020-04-11,14.08,82.81,0.0
2020-04-12,14.56,83.47,0.0
2020-04-13,14.45,73.44,0.0
2020-04-14,13.78,68.68,0.0
2020-04-15,14.95,69.33,0.5
2020-04-16,12.48,72.62,0.0
2020-04-17,12.85,86.65,0.0
2020-04-18,15.1,86.8,0.0
2020-04-19,15.11,86.17,0.0
2020-04-20,15.55,92.78,0.0
2020-04-21,18.38,76.27,0.3
2020-04-22,14.53,73.35,5.4
2020-04-23,12.0,85.7,4.9
2020-04-24,12.48,78.67,0.0
2020-04-25,14.5,86.38,0.0
2020-04-26,14.95,87.44,0.0
2020-04-27,15.3,88.56,0.0
2020-04-28,16.07,87.35,0.0
2020-04-29,16.68,87.08,0.0
2020-04-30,17.13,88.38,0.0
2020-05-01,16.45,88.1,0.0
2020-05-02,16.49,89.74,1.1
2020-05-03,17.04,90.12,0.1
2020-05-04,17.63,72.91,0.0
2020-05-05,15.85,79.19,0.0
2020-05-06,17.01,83.59,0.0
2020-05-07,18.35,78.56,0.0
2020-05-08,15.86,70.22,0.0
2020-05-09,16.36,77.5,0.0
2020-05-10,16.44,81.36,0.0
2020-05-11,21.07,58.91,0.0
2020-05-12,20.31,77.24,0.0
2020-05-13,20.98,74.97,0.0
2020-05-14,22.54,67.07,0.0
2020-05-15,24.34,54.2,0.0
2020-05-16,23.74,62.92,0.0
2020-05-17,25.36,63.65,0.0
2020-05-18,25.07,63.23,0.0
2020-05-19,26.49,69.23,0.0
2020-05-20,22.37,85.44,0.0
2020-05-21,18.58,96.99,15.2
2020-05-22,19.92,80.71,0.0
2020-05-23,19.84,84.95,0.0
2020-05-24,20.04,82.08,0.0
2020-05-25,18.76,85.47,0.0
2020-05-26,15.78,85.38,1.4
2020-05-27,15.42,82.81,0.0
2020-05-28,15.95,86.59,9.0
2020-05-29,16.37,85.01,0.1
2020-05-30,16.45,84.44,0.0
2020-05-31,15.73,88.56,1.3
2020-06-01,16.23,83.19,0.0
2020-06-02,17.92,84.2,0.1
2020-06-03,19.16,86.97,0.1
2020-06-04,20.45,81.02,0.0
2020-06-05,20.07,74.56,0.0
2020-06-06,18.31,96.75,26.8
2020-06-07,20.27,89.63,0.0
2020-06-08,20.3,86.9,0.0
2020-06-09,21.33,88.78,0.0
2020-06-10,21.91,86.34,0.0
2020-06-11,20.76,88.08,0.0
2020-06-12,19.76,86.78,0.4
2020-06-13,20.49,84.11,0.1
2020-06-14,21.81,84.72,0.0
2020-06-15,21.87,84.75,0.0
2020-06-16,21.03,87.12,0.0
2020-06-17,20.84,88.78,0.0
2020-06-18,22.09,86.85,0.0
2020-06-19,22.67,86.56,0.0
2020-06-20,22.82,85.6,0.0
2020-06-21,21.92,81.99,0.0
2020-06-22,21.66,85.9,0.0
2020-06-23,21.51,87.9,0.0
2020-06-24,23.99,84.12,0.0
2020-06-25,25.39,80.24,0.0
2020-06-26,25.31,78.44,0.0
2020-06-27,25.71,75.65,0.0
2020-06-28,24.98,78.69,0.0
2020-06-29,24.76,83.31,0.0
2020-06-30,25.67,83.12,0.0
2020-07-01,26.63,77.19,0.0
2020-07-02,26.92,80.7,0.0
2020-07-03,27.36,80.01,0.0
2020-07-04,27.27,80.58,0.0
2020-07-05,23.41,88.33,5.5
2020-07-06,22.73,88.17,10.7
2020-07-07,24.11,88.83,3.1
2020-07-08,25.0,82.24,0.0
2020-07-09,24.91,80.97,0.0
2020-07-10,24.87,76.24,0.0
2020-07-11,24.23,75.14,0.0
2020-07-12,25.45,82.8,0.6
2020-07-13,26.26,81.59,0.0
2020-07-14,24.36,80.17,0.0
2020-07-15,23.93,82.02,0.0
2020-07-16,23.63,85.68,0.0
2020-07-17,24.99,82.28,0.0
2020-07-18,24.36,80.47,0.0
2020-07-19,24.2,78.61,0.0
2020-07-20,23.14,80.15,0.0
2020-07-21,24.96,77.17,0.0
2020-07-22,26.12,72.84,0.0
2020-07-23,26.92,70.62,0.0
2020-07-24,26.49,69.22,0.0
2020-07-25,25.87,78.47,0.0
2020-07-26,24.69,83.84,0.0
2020-07-27,25.89,81.91,0.0
2020-07-28,26.8,71.4,0.0
2020-07-29,27.34,69.27,0.0
2020-07-30,28.4,69.62,0.0
2020-07-31,28.1,72.26,0.0
2020-08-01,27.04,81.17,0.0
2020-08-02,28.37,69.44,0.0
2020-08-03,27.75,72.42,0.0
2020-08-04,26.41,78.31,0.0
2020-08-05,25.42,83.72,0.0
2020-08-06,25.49,81.97,0.1
2020-08-07,24.03,82.3,7.2
2020-08-08,22.4,87.83,7.5
2020-08-09,25.0,78.27,0.0
2020-08-10,26.17,74.61,0.0
2020-08-11,26.62,73.94,0.0
2020-08-12,26.63,80.1,0.0
2020-08-13,27.21,79.99,0.0
2020-08-14,27.45,77.75,0.0
2020-08-15,27.19,75.24,0.0
2020-08-16,26.38,82.85,0.0
2020-08-17,26.83,79.71,0.0
2020-08-18,26.37,77.66,0.0
2020-08-19,26.79,77.6,0.0
2020-08-20,25.74,73.12,0.0
2020-08-21,25.7,71.16,0.0
2020-08-22,26.8,74.12,0.0
2020-08-23,26.63,74.56,0.0
2020-08-24,26.88,75.54,0.0
2020-08-25,26.97,79.48,0.0
2020-08-26,26.25,78.7,0.0
2020-08-27,25.52,79.44,0.0
2020-08-28,25.97,70.99,0.0
2020-08-29,25.38,73.96,0.0
2020-08-30,24.62,80.55,0.0
2020-08-31,25.79,82.61,0.0
2020-09-01,25.45,83.36,0.0
2020-09-02,23.02,78.01,0.0
2020-09-03,23.7,75.31,0.0
2020-09-04,24.84,74.01,0.0
2020-09-05,23.28,67.82,0.0
2020-09-06,22.82,74.08,0.0
2020-09-07,23.19,75.35,0.0
2020-09-08,25.2,74.59,0.0
2020-09-09,26.84,67.35,0.0
2020-09-10,25.71,70.2,0.0
2020-09-11,24.6,70.85,0.0
2020-09-12,23.81,70.9,0.0
2020-09-13,23.92,71.06,0.0
2020-09-14,25.08,58.83,0.0
2020-09-15,26.27,45.88,0.0
2020-09-16,25.87,55.78,0.0
2020-09-17,23.54,77.25,4.0
2020-09-18,21.45,95.66,17.4
2020-09-19,22.89,77.2,0.6
2020-09-20,21.1,80.51,0.0
2020-09-21,21.6,82.37,0.0
2020-09-22,22.21,79.79,0.0
2020-09-23,19.84,98.36,7.9
2020-09-24,22.14,88.97,1.7
2020-09-25,22.95,84.08,0.0
2020-09-26,19.52,96.28,30.5
2020-09-27,19.43,85.55,0.0
2020-09-28,20.42,94.94,7.6
2020-09-29,18.48,94.99,11.8
2020-09-30,16.8,85.99,0.0
2020-10-01,17.26,82.35,0.0
2020-10-02,18.58,87.18,0.0
2020-10-03,21.9,83.35,0.0
2020-10-04,24.23,76.24,0.0
2020-10-05,24.05,82.08,0.0
2020-10-06,23.04,86.34,0.1
2020-10-07,21.13,92.33,0.1
2020-10-08,18.35,92.26,10.9
2020-10-09,16.65,85.26,0.1
2020-10-10,17.92,87.28,0.0
2020-10-11,17.99,88.66,0.0
2020-10-12,18.88,93.01,44.0
2020-10-13,16.06,91.41,11.4
2020-10-14,16.58,90.15,3.3
2020-10-15,17.13,93.38,0.2
2020-10-16,20.92,91.89,3.3
2020-10-17,17.0,88.79,0.0
2020-10-18,15.05,87.52,0.1
2020-10-19,15.8,82.26,0.0
2020-10-20,15.22,80.19,0.0
2020-10-21,14.49,81.45,0.0
2020-10-22,14.98,86.22,0.0
2020-10-23,15.85,86.45,0.0
2020-10-24,15.23,92.08,0.1
2020-10-25,14.66,96.64,1.3
2020-10-26,14.1,89.19,0.1
2020-10-27,15.0,89.88,0.0
2020-10-28,14.02,96.33,2.1
2020-10-29,15.73,85.83,0.0
2020-10-30,14.96,92.77,0.0
2020-10-31,14.2,85.69,0.1
2020-11-01,14.18,87.77,0.0
2020-11-02,14.22,90.45,0.0
2020-11-03,14.45,96.12,0.0
2020-11-04,15.76,90.56,0.1
2020-11-05,16.03,92.22,0.0
2020-11-06,14.23,79.26,0.0
2020-11-07,13.31,77.48,0.0
2020-11-08,11.52,83.85,0.0
2020-11-09,11.72,85.26,0.0
2020-11-10,12.1,81.81,0.0
2020-11-11,12.81,82.17,0.0
2020-11-12,11.42,84.67,0.0
2020-11-13,11.81,89.69,0.0
2020-11-14,11.92,92.25,0.0
2020-11-15,11.87,92.08,0.1
2020-11-16,12.14,91.75,0.0
2020-11-17,13.53,95.39,0.0
2020-11-18,12.27,97.14,0.1
2020-11-19,10.53,80.55,0.1
2020-11-20,8.06,83.33,0.0
2020-11-21,9.01,76.97,0.0
2020-11-22,11.32,76.1,0.0
2020-11-23,9.1,84.9,0.0
2020-11-24,9.05,89.34,0.0
2020-11-25,8.18,78.97,0.0
2020-11-26,6.44,78.9,0.0
2020-11-27,7.64,81.08,0.0
2020-11-28,8.56,88.22,0.0
2020-11-29,11.41,97.26,1.6
2020-11-30,11.81,92.76,0.2
2020-12-01,10.06,89.9,0.1
2020-12-02,11.42,89.97,0.7
2020-12-03,11.92,99.61,0.3
2020-12-04,11.34,98.72,10.7
2020-12-05,10.58,91.56,0.2
2020-12-06,12.58,86.33,0.0
2020-12-07,11.36,98.37,16.9
2020-12-08,11.09,96.01,2.3
2020-12-09,13.03,99.95,36.3
2020-12-10,10.06,100.0,20.7
2020-12-11,8.85,100.0,14.3
2020-12-12,9.54,100.0,6.8
2020-12-13,9.73,99.54,0.1
2020-12-14,11.91,86.63,0.1
2020-12-15,9.07,88.72,0.0
2020-12-16,9.2,90.57,0.0
2020-12-17,9.22,92.44,0.1
2020-12-18,9.71,92.47,0.0
2020-12-19,9.71,91.64,0.0
2020-12-20,9.9,94.14,0.0
2020-12-21,9.64,91.41,0.0
2020-12-22,9.73,93.2,0.0
2020-12-23,9.06,94.42,0.0
2020-12-24,10.54,95.43,0.1
2020-12-25,12.76,98.55,0.8
2020-12-26,13.14,96.49,13.1
2020-12-27,11.71,97.88,40.7
2020-12-28,10.49,97.78,9.1
2020-12-29,13.24,92.41,1.2
2020-12-30,13.1,89.83,0.1
2020-12-31,11.14,97.32,16.5
2021-01-01,8.03,94.81,1.5
2021-01-02,8.82,90.61,7.3
2021-01-03,11.92,98.31,16.5
2021-01-04,9.79,100.0,34.5
2021-01-05,8.19,96.6,0.9
2021-01-06,11.22,96.14,4.5
2021-01-07,12.7,97.79,0.9
2021-01-08,16.29,94.28,3.9
2021-01-09,15.67,99.08,8.3
2021-01-10,17.73,86.42,2.1
2021-01-11,17.51,90.8,25.5
2021-01-12,13.29,94.9,7.6
2021-01-13,6.91,94.47,1.0
2021-01-14,6.62,86.02,7.8
2021-01-15,7.4,96.46,2.2
2021-01-16,4.59,94.26,5.2
2021-01-17,0.9,85.97,0.1
2021-01-18,2.99,78.6,0.0
2021-01-19,2.37,81.66,0.0
2021-01-20,4.07,82.22,0.0
2021-01-21,8.67,100.0,8.8
2021-01-22,10.88,98.64,3.8
2021-01-23,10.61,99.88,32.4
2021-01-24,10.02,99.0,11.8
2021-01-25,10.95,88.77,18.0
2021-01-26,9.31,99.66,33.8
2021-01-27,3.4,81.69,0.2
2021-01-28,1.86,80.5,0.1
2021-01-29,6.0,95.3,0.8
2021-01-30,13.56,88.94,0.3
2021-01-31,11.55,91.72,4.0
2021-02-01,12.09,96.36,6.4
2021-02-02,11.14,99.91,6.2
2021-02-03,11.0,93.01,0.1
2021-02-04,10.77,93.81,0.0
2021-02-05,9.79,94.48,0.0
2021-02-06,10.99,88.46,0.1
2021-02-07,12.2,81.27,0.0
2021-02-08,15.1,78.35,2.4
2021-02-09,11.47,98.42,5.5
2021-02-10,12.94,89.77,0.1
2021-02-11,11.38,92.81,14.0
2021-02-12,9.34,90.6,0.1
2021-02-13,9.24,100.0,10.1
2021-02-14,4.04,95.69,14.0
2021-02-15,3.17,57.1,0.1
2021-02-16,2.07,65.94,0.0
2021-02-17,3.41,74.62,0.0
2021-02-18,7.79,84.72,0.0
2021-02-19,7.57,83.97,0.0
2021-02-20,7.96,89.59,0.0
2021-02-21,9.08,80.61,0.0
2021-02-22,8.37,84.84,0.0
2021-02-23,9.43,87.74,0.0
2021-02-24,10.22,85.28,0.0
2021-02-25,12.16,71.43,0.0
2021-02-26,11.41,79.26,0.0
2021-02-27,10.24,88.34,0.0
2021-02-28,13.2,78.66,0.0
2021-03-01,12.64,84.25,0.0
2021-03-02,10.44,75.03,0.0
2021-03-03,8.97,76.97,0.0
2021-03-04,9.6,81.53,0.0
2021-03-05,10.15,86.02,0.0
2021-03-06,10.58,93.81,0.0
2021-03-07,10.09,84.31,0.0
2021-03-08,10.94,86.44,0.0
2021-03-09,11.92,82.22,0.0
2021-03-10,12.19,93.94,5.3
2021-03-11,9.73,82.53,0.1
2021-03-12,8.44,82.06,0.0
2021-03-13,10.49,86.2,0.0
2021-03-14,11.77,86.82,0.0
2021-03-15,8.95,95.29,8.2
2021-03-16,7.55,89.16,0.0
2021-03-17,6.04,79.58,0.1
2021-03-18,6.82,78.35,0.0
2021-03-19,10.5,78.78,0.0
2021-03-20,8.94,99.08,15.9
2021-03-21,12.49,94.2,24.2
2021-03-22,10.41,99.5,8.8
2021-03-23,8.94,82.18,0.0
2021-03-24,9.39,63.06,0.0
2021-03-25,7.86,61.4,0.0
2021-03-26,7.13,74.88,0.0
2021-03-27,8.74,79.73,0.0
2021-03-28,11.39,85.94,0.0
2021-03-29,12.62,91.09,0.7
2021-03-30,13.14,75.22,0.0
2021-03-31,13.35,68.24,0.0
2021-04-01,11.63,84.6,0.0
2021-04-02,12.6,83.56,0.0
2021-04-03,13.77,83.24,0.3
2021-04-04,16.42,79.8,0.0
2021-04-05,14.52,83.81,0.0
2021-04-06,13.31,83.33,0.0
2021-04-07,14.73,80.99,1.9
2021-04-08,12.52,63.87,0.1
2021-04-09,8.67,61.26,0.0
2021-04-10,9.68,69.32,0.0
2021-04-11,10.66,78.43,0.0
2021-04-12,12.84,79.24,0.0
2021-04-13,13.53,79.79,0.0
2021-04-14,13.02,78.22,0.0
2021-04-15,11.0,74.78,0.0
2021-04-16,12.17,76.44,0.0
2021-04-17,15.22,73.92,0.0
2021-04-18,15.18,83.81,0.3
2021-04-19,11.0,98.17,12.5
2021-04-20,10.85,91.62,3.1
2021-04-21,11.96,85.35,0.0
2021-04-22,13.33,80.88,0.0
2021-04-23,15.44,88.45,0.1
2021-04-24,15.31,91.59,1.1
2021-04-25,16.42,77.63,0.0
2021-04-26,15.5,80.49,0.0
2021-04-27,17.4,70.33,0.0
2021-04-28,20.59,66.1,0.0
2021-04-29,19.62,77.49,0.0
2021-04-30,21.77,70.33,0.0
2021-05-01,22.57,70.06,0.0
2021-05-02,22.01,75.77,0.0
2021-05-03,19.52,87.3,0.0
2021-05-04,18.29,82.58,0.0
2021-05-05,17.71,79.41,1.5
2021-05-06,17.86,89.01,0.1
2021-05-07,19.28,82.51,0.0
2021-05-08,19.49,83.1,0.0
2021-05-09,21.15,73.42,0.0
2021-05-10,18.95,76.15,0.0
2021-05-11,18.75,78.85,0.0
2021-05-12,19.0,84.1,0.0
2021-05-13,18.26,80.4,0.0
2021-05-14,17.55,79.47,0.0
2021-05-15,15.19,92.7,10.6
2021-05-16,16.59,87.44,0.0
2021-05-17,19.03,79.76,0.0
2021-05-18,19.12,86.51,0.0
2021-05-19,18.8,76.61,0.0
2021-05-20,17.58,79.67,0.0
2021-05-21,16.9,73.47,0.0
2021-05-22,17.65,75.9,0.0
2021-05-23,17.75,75.87,0.0
2021-05-24,20.86,75.53,0.0
2021-05-25,22.13,72.45,0.0
2021-05-26,20.37,77.33,0.0
2021-05-27,20.25,82.56,0.0
2021-05-28,19.82,82.31,0.0
2021-05-29,20.09,80.73,0.0
2021-05-30,20.3,85.53,0.0
2021-05-31,19.16,82.6,0.0
2021-06-01,18.22,76.73,0.0
2021-06-02,17.98,75.4,0.0
2021-06-03,18.72,76.77,0.0
2021-06-04,20.61,73.96,0.0
2021-06-05,20.67,80.32,0.0
2021-06-06,21.23,77.44,0.0
2021-06-07,21.56,77.74,0.0
2021-06-08,21.42,75.07,0.0
2021-06-09,20.1,87.62,0.0
2021-06-10,20.85,80.52,0.4
2021-06-11,21.7,79.71,0.0
2021-06-12,20.66,80.53,0.0
2021-06-13,21.73,85.81,0.0
2021-06-14,23.31,69.94,0.0
2021-06-15,21.19,61.93,0.0
2021-06-16,20.74,77.33,0.0
2021-06-17,22.25,78.91,0.0
2021-06-18,22.09,84.22,0.0
2021-06-19,23.52,80.46,0.0
2021-06-20,23.82,84.17,0.0
2021-06-21,24.9,83.08,0.0
2021-06-22,26.06,76.59,0.0
2021-06-23,26.38,73.57,0.0
2021-06-24,27.21,75.79,0.0
2021-06-25,27.57,75.83,0.0
2021-06-26,27.73,71.51,0.0
2021-06-27,26.66,73.42,0.0
2021-06-28,26.29,73.39,0.0
2021-06-29,26.12,69.91,0.0
2021-06-30,26.78,69.44,0.0
2021-07-01,26.69,77.35,0.0
2021-07-02,26.63,77.43,0.0
2021-07-03,25.55,71.46,0.0
2021-07-04,25.1,78.03,0.0
2021-07-05,25.32,78.01,0.0
2021-07-06,27.0,79.84,0.0
2021-07-07,27.59,73.97,0.0
2021-07-08,27.93,74.13,0.0
2021-07-09,28.08,76.1,0.0
2021-07-10,27.8,74.92,0.0
2021-07-11,27.45,70.74,0.0
2021-07-12,27.14,75.75,0.0
2021-07-13,27.12,77.9,0.0
2021-07-14,27.02,76.19,0.0
2021-07-15,26.58,78.92,0.0
2021-07-16,27.26,79.93,0.0
2021-07-17,25.67,80.03,0.0
2021-07-18,24.56,82.02,0.0
2021-07-19,24.89,79.8,0.0
2021-07-20,25.12,82.25,0.0
2021-07-21,27.01,81.26,0.0
2021-07-22,27.33,72.35,0.0
2021-07-23,26.85,69.84,0.0
2021-07-24,25.68,75.17,0.0
2021-07-25,25.82,70.62,0.0
2021-07-26,26.14,71.44,0.0
2021-07-27,27.07,72.81,0.0
2021-07-28,29.16,68.4,0.0
2021-07-29,28.7,67.67,0.0
2021-07-30,27.79,72.38,0.0
2021-07-31,27.36,73.99,0.0
2021-08-01,28.01,71.87,0.0
2021-08-02,28.84,71.36,0.0
2021-08-03,28.4,71.32,0.0
2021-08-04,28.64,64.2,0.0
2021-08-05,28.05,59.38,0.0
2021-08-06,27.08,76.68,0.0
2021-08-07,26.23,71.03,0.0
2021-08-08,26.33,72.28,0.0
2021-08-09,26.52,81.54,0.0
2021-08-10,27.85,84.41,0.0
2021-08-11,27.92,85.06,0.0
2021-08-12,28.48,68.88,0.0
2021-08-13,27.41,64.24,0.0
2021-08-14,27.7,65.24,0.0
2021-08-15,27.27,72.86,0.0
2021-08-16,27.03,71.78,0.0
2021-08-17,26.84,78.17,0.0
2021-08-18,26.41,75.74,0.0
2021-08-19,27.04,76.81,0.0
2021-08-20,26.64,72.86,0.0
2021-08-21,25.84,74.12,0.0
2021-08-22,26.57,73.6,0.0
2021-08-23,26.5,70.07,0.0
2021-08-24,26.0,67.78,0.0
2021-08-25,25.57,75.1,0.0
2021-08-26,23.48,86.02,6.0
2021-08-27,25.28,88.41,9.9
2021-08-28,25.13,81.72,0.0
2021-08-29,24.96,80.93,0.0
2021-08-30,24.54,76.76,0.0
2021-08-31,23.39,74.28,0.0
2021-09-01,23.42,76.72,0.0
2021-09-02,23.61,72.22,0.0
2021-09-03,23.16,70.28,0.0
2021-09-04,22.76,77.88,0.0
2021-09-05,23.81,77.03,1.8
2021-09-06,22.94,70.28,0.1
2021-09-07,22.18,62.69,0.0
2021-09-08,21.16,66.76,0.0
2021-09-09,20.23,77.26,1.3
2021-09-10,19.89,83.59,0.2
2021-09-11,21.7,80.5,0.0
2021-09-12,20.89,89.49,0.0
2021-09-13,21.02,78.45,0.0
2021-09-14,22.0,78.27,0.0
2021-09-15,22.62,83.13,0.0
2021-09-16,23.03,85.4,0.0
2021-09-17,23.83,79.34,0.0
2021-09-18,24.0,86.43,0.0
2021-09-19,24.42,84.47,0.0
2021-09-20,24.69,87.22,0.0
2021-09-21,24.57,83.94,0.0
2021-09-22,22.27,76.05,0.0
2021-09-23,19.07,65.74,0.0
2021-09-24,17.05,69.32,0.0
2021-09-25,18.56,79.97,0.0
2021-09-26,19.29,77.58,0.0
2021-09-27,19.45,80.44,0.0
2021-09-28,22.06,82.66,0.0
2021-09-29,22.38,79.72,1.3
2021-09-30,21.53,77.37,0.0
2021-10-01,19.64,68.16,0.0
2021-10-02,16.31,72.11,0.0
2021-10-03,15.79,73.0,0.0
2021-10-04,16.99,71.56,0.0
2021-10-05,17.43,78.26,0.0
2021-10-06,18.82,76.0,0.0
2021-10-07,16.43,99.2,39.4
2021-10-08,16.89,100.0,12.9
2021-10-09,18.67,90.23,0.2
2021-10-10,18.96,93.66,7.4
2021-10-11,18.12,90.4,9.9
2021-10-12,15.64,90.81,10.6
2021-10-13,15.85,89.31,0.0
2021-10-14,14.66,99.69,19.6
2021-10-15,15.37,97.58,11.4
2021-10-16,16.75,93.68,0.1
2021-10-17,17.16,92.25,0.0
2021-10-18,17.48,93.44,1.4
2021-10-19,16.62,84.63,0.2
2021-10-20,16.09,87.45,0.0
2021-10-21,15.77,89.39,0.1
2021-10-22,17.41,88.83,0.1
2021-10-23,17.7,97.69,0.1
2021-10-24,16.41,98.31,0.7
2021-10-25,17.03,63.33,0.0
2021-10-26,14.01,78.03,0.0
2021-10-27,12.53,80.15,0.0
2021-10-28,12.23,74.38,0.0
2021-10-29,12.24,75.51,0.0
2021-10-30,13.03,74.58,0.0
2021-10-31,13.91,76.59,0.0
2021-11-01,13.33,83.34,0.0
2021-11-02,16.57,95.85,8.3
2021-11-03,16.54,87.97,0.0
2021-11-04,17.64,82.67,0.0
2021-11-05,19.25,77.42,0.0
2021-11-06,18.58,81.89,0.0
2021-11-07,18.38,81.4,0.0
2021-11-08,15.94,90.25,0.0
2021-11-09,16.29,93.57,0.0
2021-11-10,15.44,82.16,0.0
2021-11-11,11.38,80.67,0.0
2021-11-12,10.91,79.77,0.0
2021-11-13,11.26,84.12,0.0
2021-11-14,14.36,90.57,0.3
2021-11-15,14.67,97.94,1.1
2021-11-16,14.29,77.99,0.0
2021-11-17,10.9,89.0,0.0
2021-11-18,13.04,94.38,0.0
2021-11-19,14.36,89.42,0.2
2021-11-20,11.03,85.6,0.0
2021-11-21,11.57,86.15,0.0
2021-11-22,13.18,99.44,11.9
2021-11-23,13.98,98.4,10.2
2021-11-24,13.72,86.71,0.0
2021-11-25,12.65,87.94,0.0
2021-11-26,13.05,97.11,8.5
2021-11-27,13.27,98.2,4.0
2021-11-28,13.39,98.73,13.9
2021-11-29,13.4,90.99,16.0
2021-11-30,8.6,91.51,4.8
2021-12-01,6.11,86.97,0.0
2021-12-02,10.83,95.85,2.3
2021-12-03,12.81,96.31,13.3
2021-12-04,10.0,96.01,0.2
2021-12-05,10.68,91.08,5.9
2021-12-06,12.26,98.67,20.3
2021-12-07,10.09,97.13,4.7
2021-12-08,6.2,91.47,0.0
2021-12-09,12.52,91.23,1.6
2021-12-10,9.92,97.85,24.5
2021-12-11,11.25,99.84,41.7
2021-12-12,9.99,98.33,7.7
2021-12-13,7.4,92.89,0.0
2021-12-14,4.77,89.14,0.1
2021-12-15,6.01,87.69,0.0
2021-12-16,5.74,85.31,0.0
2021-12-17,4.95,86.35,0.1
2021-12-18,7.14,60.42,0.0
2021-12-19,3.99,67.1,0.0
2021-12-20,4.86,84.62,1.2
2021-12-21,4.59,90.73,0.2
2021-12-22,4.24,90.72,0.0
2021-12-23,3.24,81.84,0.1
2021-12-24,3.82,96.1,0.0
2021-12-25,8.58,97.21,1.8
2021-12-26,12.9,95.63,1.2
2021-12-27,13.52,96.31,3.5
2021-12-28,11.83,99.65,10.6
2021-12-29,8.91,99.33,0.2
2021-12-30,9.8,86.0,0.0
2021-12-31,10.08,82.82,0.0
2022-01-01,8.29,87.83,0.0
2022-01-02,8.94,85.4,0.2
2022-01-03,9.37,91.44,0.0
2022-01-04,10.75,94.12,0.0
2022-01-05,11.65,92.5,0.0
2022-01-06,11.12,91.01,0.0
2022-01-07,11.14,98.53,0.6
2022-01-08,10.35,96.69,1.9
2022-01-09,9.4,96.77,0.4
2022-01-10,6.84,97.24,0.8
2022-01-11,9.01,81.32,3.1
2022-01-12,7.8,67.9,0.0
2022-01-13,2.95,73.52,0.0
2022-01-14,1.37,73.24,0.0
2022-01-15,4.32,81.6,0.0
2022-01-16,4.85,78.91,0.0
2022-01-17,8.04,84.99,0.0
2022-01-18,5.91,73.97,0.1
2022-01-19,2.44,68.3,0.0
2022-01-20,5.41,79.56,2.4
2022-01-21,8.5,99.89,10.5
2022-01-22,5.2,79.38,0.2
2022-01-23,1.71,63.65,0.0
2022-01-24,1.73,49.99,0.0
2022-01-25,2.07,49.99,0.0
2022-01-26,0.26,69.56,0.0
2022-01-27,2.63,80.22,0.0
2022-01-28,4.67,85.9,0.0
2022-01-29,5.86,82.43,0.4
2022-01-30,3.8,81.38,0.0
2022-01-31,5.43,80.76,0.0
2022-02-01,9.59,98.73,20.5
2022-02-02,8.86,89.46,0.6
2022-02-03,8.53,53.93,0.0
2022-02-04,4.14,75.34,0.0
2022-02-05,6.85,85.5,0.0
2022-02-06,10.92,86.48,0.0
2022-02-07,11.42,97.89,6.4
2022-02-08,7.66,67.63,0.0
2022-02-09,5.25,68.19,0.0
2022-02-10,7.14,81.55,0.0
2022-02-11,7.43,86.52,0.0
2022-02-12,7.9,88.41,0.0
2022-02-13,9.83,82.81,0.0
2022-02-14,8.21,86.99,0.0
2022-02-15,9.13,91.08,0.1
2022-02-16,10.35,91.31,0.7
2022-02-17,10.17,86.61,0.0
2022-02-18,9.3,89.98,0.0
2022-02-19,10.21,87.8,0.0
2022-02-20,10.92,93.51,0.0
2022-02-21,13.24,89.17,0.0
2022-02-22,9.81,98.54,0.0
2022-02-23,10.43,79.12,0.0
2022-02-24,9.53,62.74,0.0
2022-02-25,7.14,79.0,0.0
2022-02-26,9.55,85.44,0.0
2022-02-27,8.73,99.09,1.3
2022-02-28,8.44,91.15,0.0
2022-03-01,7.52,87.12,0.0
2022-03-02,7.93,73.56,0.0
2022-03-03,6.61,78.8,0.0
2022-03-04,8.28,90.87,0.0
2022-03-05,8.36,97.83,0.0
2022-03-06,8.8,90.1,0.0
2022-03-07,7.37,90.31,0.0
2022-03-08,7.17,89.46,0.2
2022-03-09,6.56,78.8,0.0
2022-03-10,5.74,58.28,0.0
2022-03-11,3.72,60.82,0.0
2022-03-12,5.16,56.34,0.0
2022-03-13,3.89,58.79,0.0
2022-03-14,6.3,68.49,0.0
2022-03-15,7.33,78.32,0.0
2022-03-16,8.59,85.53,0.0
2022-03-17,10.34,84.11,0.0
2022-03-18,10.55,64.3,0.0
2022-03-19,6.87,56.2,0.0
2022-03-20,6.19,50.88,0.0
2022-03-21,5.23,58.06,0.0
2022-03-22,7.85,60.72,0.0
2022-03-23,11.97,58.08,0.0
2022-03-24,10.3,76.14,0.0
2022-03-25,10.96,81.75,0.0
2022-03-26,11.76,82.85,0.0
2022-03-27,11.56,80.97,0.0
2022-03-28,12.72,82.12,0.0
2022-03-29,13.7,73.97,0.0
2022-03-30,12.89,83.27,0.0
2022-03-31,15.6,78.74,0.0
2022-04-01,17.81,74.65,0.0
2022-04-02,14.3,85.11,0.0
2022-04-03,11.44,82.06,0.0
2022-04-04,11.24,83.19,0.0
2022-04-05,14.38,78.55,0.0
2022-04-06,14.1,83.38,0.0
2022-04-07,13.99,90.76,0.0
2022-04-08,13.8,84.19,0.0
2022-04-09,14.25,81.89,0.0
2022-04-10,12.83,80.05,0.1
2022-04-11,11.15,69.63,0.0
2022-04-12,11.4,77.23,0.0
2022-04-13,12.53,83.28,0.0
2022-04-14,14.17,78.03,0.0
2022-04-15,15.73,73.39,0.0
2022-04-16,15.91,74.99,0.0
2022-04-17,16.95,60.74,0.0
2022-04-18,11.83,87.86,0.0
2022-04-19,11.87,81.88,0.0
2022-04-20,11.56,85.54,0.0
2022-04-21,15.13,76.08,0.1
2022-04-22,17.97,65.06,0.0
2022-04-23,15.38,84.33,0.0
2022-04-24,15.89,85.58,0.0
2022-04-25,16.63,82.41,0.0
2022-04-26,16.23,83.9,0.0
2022-04-27,16.1,82.72,0.0
2022-04-28,17.34,76.91,0.0
2022-04-29,18.58,73.2,0.0
2022-04-30,18.51,72.97,0.0
2022-05-01,17.46,82.95,0.0
2022-05-02,14.34,96.03,0.0
2022-05-03,14.06,89.47,0.0
2022-05-04,15.4,88.44,0.0
2022-05-05,16.27,86.38,0.0
2022-05-06,15.72,89.38,0.0
2022-05-07,17.65,73.07,0.2
2022-05-08,16.33,78.38,0.0
2022-05-09,16.77,73.72,0.0
2022-05-10,16.45,75.49,0.0
2022-05-11,17.83,77.49,0.0
2022-05-12,18.61,80.52,0.0
2022-05-13,18.5,86.8,0.0
2022-05-14,19.25,92.22,0.7
2022-05-15,19.99,84.62,0.0
2022-05-16,20.24,87.4,0.0
2022-05-17,21.33,87.7,0.1
2022-05-18,20.37,84.6,0.1
2022-05-19,20.69,48.22,0.1
2022-05-20,17.45,72.76,0.0
2022-05-21,19.07,74.73,0.1
2022-05-22,19.41,82.45,0.0
2022-05-23,20.39,83.12,0.0
2022-05-24,20.67,75.36,0.0
2022-05-25,20.81,70.21,0.0
2022-05-26,20.91,70.72,0.0
2022-05-27,20.83,75.16,0.0
2022-05-28,22.93,68.81,0.0
2022-05-29,19.62,92.92,0.4
2022-05-30,21.17,85.88,0.3
2022-05-31,21.72,79.75,0.1
2022-06-01,22.87,75.87,0.0
2022-06-02,24.46,78.81,0.0
2022-06-03,26.01,74.1,0.1
2022-06-04,25.92,74.65,0.1
2022-06-05,25.68,79.86,0.0
2022-06-06,25.32,80.92,0.0
2022-06-07,25.39,79.13,0.0
2022-06-08,24.47,86.52,0.0
2022-06-09,23.53,83.71,0.0
2022-06-10,20.96,93.24,0.0
2022-06-11,20.84,90.02,0.0
2022-06-12,22.87,82.53,8.9
2022-06-13,24.07,80.74,0.1
2022-06-14,23.9,78.18,0.0
2022-06-15,23.7,79.97,0.0
2022-06-16,24.35,79.83,0.0
2022-06-17,23.36,85.94,0.0
2022-06-18,23.16,83.65,4.1
2022-06-19,23.76,71.87,14.8
2022-06-20,22.46,78.27,0.2
2022-06-21,24.04,85.25,0.2
2022-06-22,25.47,83.41,0.1
2022-06-23,26.53,80.83,0.1
2022-06-24,26.45,83.13,0.0
2022-06-25,26.62,83.17,0.0
2022-06-26,27.26,82.17,0.0
2022-06-27,26.62,73.54,0.0
2022-06-28,26.95,75.97,0.0
2022-06-29,27.37,75.92,0.1
2022-06-30,27.33,74.06,0.0
2022-07-01,26.76,77.12,0.0
2022-07-02,27.13,76.42,0.0
2022-07-03,29.47,63.35,0.0
2022-07-04,29.18,60.99,0.0
2022-07-05,27.26,68.85,0.0
2022-07-06,28.28,78.38,0.0
2022-07-07,27.77,77.13,0.0
2022-07-08,26.54,75.04,0.0
2022-07-09,25.25,65.06,0.0
2022-07-10,24.05,64.77,0.0
2022-07-11,24.33,70.76,0.0
2022-07-12,24.04,71.9,0.0
2022-07-13,23.39,71.47,0.0
2022-07-14,23.67,63.9,0.0
2022-07-15,25.08,68.81,0.0
2022-07-16,26.32,68.02,0.0
2022-07-17,26.83,73.98,0.0
2022-07-18,28.47,66.77,0.0
2022-07-19,27.83,59.64,0.0
2022-07-20,26.56,56.83,0.0
2022-07-21,25.32,67.4,0.0
2022-07-22,26.31,72.03,0.0
2022-07-23,27.24,72.99,0.0
2022-07-24,27.12,73.15,0.0
2022-07-25,27.69,73.74,0.0
2022-07-26,28.21,69.58,0.0
2022-07-27,28.24,73.71,0.0
2022-07-28,28.15,75.18,0.0
2022-07-29,28.25,69.95,0.1
2022-07-30,27.82,75.56,0.0
2022-07-31,28.0,78.17,0.0
2022-08-01,27.71,78.62,0.0
2022-08-02,28.68,67.19,0.0
2022-08-03,27.65,66.81,0.0
2022-08-04,27.77,67.09,0.0
2022-08-05,26.53,71.49,0.0
2022-08-06,26.48,76.55,0.0
2022-08-07,25.21,82.67,0.0
2022-08-08,28.57,59.56,0.0
2022-08-09,28.97,54.2,0.0
2022-08-10,26.68,62.35,0.0
2022-08-11,27.55,57.44,0.0
2022-08-12,25.05,73.8,0.0
2022-08-13,24.15,84.2,0.1
2022-08-14,23.51,84.32,0.0
2022-08-15,23.7,80.74,3.7
2022-08-16,25.13,81.76,2.5
2022-08-17,26.2,82.94,0.0
2022-08-18,27.54,75.37,1.0
2022-08-19,26.7,75.27,0.0
2022-08-20,26.64,79.42,0.0
2022-08-21,26.58,80.53,0.0
2022-08-22,26.32,83.36,0.0
2022-08-23,25.52,80.85,0.0
2022-08-24,24.5,80.02,0.0
2022-08-25,23.91,89.3,0.0
2022-08-26,25.13,81.1,0.0
2022-08-27,25.44,83.75,0.8
2022-08-28,25.64,85.76,0.0
2022-08-29,25.51,84.14,0.0
2022-08-30,24.11,82.83,0.0
2022-08-31,23.99,81.28,2.5
2022-09-01,25.63,82.27,0.8
2022-09-02,24.35,87.93,2.6
2022-09-03,25.15,85.01,2.2
2022-09-04,25.1,83.28,2.0
2022-09-05,25.11,74.25,2.5
2022-09-06,23.44,72.3,0.6
2022-09-07,24.03,71.78,0.7
2022-09-08,23.77,77.17,0.1
2022-09-09,24.54,78.53,0.3
2022-09-10,26.05,85.97,0.0
2022-09-11,25.79,84.47,0.0
2022-09-12,23.88,75.97,0.0
2022-09-13,22.54,73.47,0.0
2022-09-14,22.1,75.65,0.0
2022-09-15,22.33,78.98,0.0
2022-09-16,22.95,83.73,0.0
2022-09-17,24.54,84.6,0.0
2022-09-18,23.3,76.06,0.0
2022-09-19,19.31,72.68,0.0
2022-09-20,20.7,66.97,0.0
2022-09-21,19.06,70.67,0.0
2022-09-22,18.7,58.42,0.0
2022-09-23,17.06,58.41,0.0
2022-09-24,16.67,69.71,0.0
2022-09-25,17.31,75.06,0.0
2022-09-26,20.26,79.63,0.0
2022-09-27,20.88,93.27,0.0
2022-09-28,21.44,87.8,10.8
2022-09-29,20.96,94.37,0.4
2022-09-30,22.65,83.4,0.1
2022-10-01,24.65,76.2,0.0
2022-10-02,22.28,80.51,0.0
2022-10-03,19.45,86.51,0.1
2022-10-04,19.65,78.1,0.0
2022-10-05,19.82,60.36,0.0
2022-10-06,16.19,74.76,0.0
2022-10-07,17.27,70.78,0.0
2022-10-08,17.27,78.47,0.0
2022-10-09,17.76,85.26,0.0
2022-10-10,18.68,80.72,0.0
2022-10-11,18.14,96.73,0.0
2022-10-12,18.09,89.94,0.0
2022-10-13,18.95,89.5,0.0
2022-10-14,17.81,91.49,0.0
2022-10-15,17.23,79.06,0.0
2022-10-16,15.51,81.99,0.0
2022-10-17,16.04,75.56,0.0
2022-10-18,15.1,75.63,0.0
2022-10-19,14.81,79.93,0.0
2022-10-20,15.33,79.94,0.0
2022-10-21,14.85,80.02,0.0
2022-10-22,15.13,85.15,0.0
2022-10-23,16.66,91.26,0.0
2022-10-24,17.36,90.25,0.0
2022-10-25,16.63,88.59,0.0
2022-10-26,16.63,88.1,0.0
2022-10-27,17.56,83.81,0.0
2022-10-28,17.59,74.1,0.0
2022-10-29,14.84,77.59,0.0
2022-10-30,14.27,78.61,0.0
2022-10-31,15.54,80.24,0.0
2022-11-01,16.6,80.77,0.0
2022-11-02,16.0,84.92,0.0
2022-11-03,15.71,89.31,0.0
2022-11-04,15.32,86.72,0.0
2022-11-05,15.3,91.04,0.0
2022-11-06,14.32,97.93,0.4
2022-11-07,13.9,88.95,0.0
2022-11-08,13.88,89.51,0.0
2022-11-09,13.75,89.9,0.0
2022-11-10,13.74,89.77,0.0
2022-11-11,13.86,89.21,0.0
2022-11-12,11.98,88.12,0.0
2022-11-13,13.47,96.12,0.0
2022-11-14,13.75,89.27,0.0
2022-11-15,14.1,94.65,0.0
2022-11-16,14.78,93.5,0.0
2022-11-17,16.34,98.97,0.0
2022-11-18,16.76,96.35,0.0
2022-11-19,19.16,92.18,0.0
2022-11-20,17.68,89.07,0.0
2022-11-21,12.14,99.08,0.0
2022-11-22,10.53,99.93,0.0
2022-11-23,11.86,98.85,0.3
2022-11-24,9.41,94.73,3.1
2022-11-25,8.06,90.17,0.4
2022-11-26,8.85,84.43,0.1
2022-11-27,12.31,67.62,0.2
2022-11-28,10.43,76.5,15.0
2022-11-29,8.73,83.62,1.1
2022-11-30,11.77,92.73,0.8
2022-12-01,10.89,99.95,0.0
2022-12-02,11.42,93.6,0.4
2022-12-03,10.8,93.33,0.3
2022-12-04,12.46,96.47,2.5
2022-12-05,13.07,96.24,3.9
2022-12-06,12.03,96.78,1.0
2022-12-07,13.08,96.51,7.0
2022-12-08,12.21,100.0,0.0
2022-12-09,13.86,96.93,0.0
2022-12-10,15.61,99.09,0.0
2022-12-11,14.12,98.79,0.0
2022-12-12,11.79,99.67,0.0
2022-12-13,10.37,98.71,0.1
2022-12-14,11.79,98.03,4.0
2022-12-15,16.98,97.38,10.1
2022-12-16,14.14,94.65,2.7
2022-12-17,16.23,91.35,2.1
2022-12-18,15.54,96.48,7.2
2022-12-19,11.93,86.01,20.4
2022-12-20,6.5,84.05,2.9
2022-12-21,4.65,84.97,1.7
2022-12-22,6.79,91.58,17.7
2022-12-23,8.47,92.74,39.0
2022-12-24,8.31,92.65,12.5
2022-12-25,8.85,93.07,56.0
2022-12-26,9.57,92.61,93.5
2022-12-27,11.76,93.08,160.9
2022-12-28,11.28,93.08,36.7
2022-12-29,9.0,92.56,10.2
2022-12-30,9.71,93.56,27.8
2022-12-31,8.75,91.65,10.7
2023-01-01,8.6,90.61,39.7
2023-01-02,8.77,88.42,20.1
2023-01-03,9.61,92.81,27.2
2023-01-04,7.9,93.12,0.6
2023-01-05,8.1,93.63,0.0
2023-01-06,7.33,92.97,3.4
2023-01-07,8.07,87.75,2.4
2023-01-08,7.81,90.16,14.5
2023-01-09,9.31,95.87,1.1
2023-01-10,9.74,99.86,1.4
2023-01-11,6.55,96.44,13.1
2023-01-12,5.78,93.18,5.4
2023-01-13,5.39,89.62,1.7
2023-01-14,6.62,90.4,2.9
2023-01-15,6.13,86.39,7.7
2023-01-16,7.86,96.48,32.0
2023-01-17,13.76,96.35,24.8
2023-01-18,16.72,86.28,17.8
2023-01-19,16.15,84.71,0.0
2023-01-20,8.75,99.6,0.2
2023-01-21,9.69,99.26,2.7
2023-01-22,10.68,91.42,22.8
2023-01-23,9.65,99.95,0.1
2023-01-24,9.71,92.03,49.1
2023-01-25,7.73,99.92,23.9
2023-01-26,8.21,94.28,50.4
2023-01-27,7.12,94.45,0.0
2023-01-28,6.6,90.26,0.0
2023-01-29,7.19,81.05,0.0
2023-01-30,5.28,85.75,0.1
2023-01-31,4.01,86.27,0.0
2023-02-01,3.54,79.62,18.9
2023-02-02,4.58,86.49,2.9
2023-02-03,4.92,85.56,0.0
2023-02-04,4.68,90.51,0.0
2023-02-05,4.08,72.61,0.0
2023-02-06,3.67,57.34,0.0
2023-02-07,3.58,56.66,0.0
2023-02-08,3.33,57.3,1.0
2023-02-09,4.62,60.1,0.0
2023-02-10,5.87,66.35,0.0
2023-02-11,3.17,76.58,0.4
2023-02-12,5.03,82.07,1.0
2023-02-13,6.81,70.35,0.4
2023-02-14,4.42,82.45,0.0
2023-02-15,5.83,78.77,0.0
2023-02-16,7.21,85.33,0.0
2023-02-17,9.89,88.74,0.0
2023-02-18,8.19,91.67,0.0
2023-02-19,9.5,91.05,9.2
2023-02-20,9.56,90.19,19.2
2023-02-21,9.78,87.85,89.8
2023-02-22,10.39,91.35,10.0
2023-02-23,11.18,90.54,72.8
2023-02-24,10.82,89.93,5.4
2023-02-25,11.12,87.09,22.6
2023-02-26,15.37,70.62,16.0
2023-02-27,14.62,85.87,7.4
2023-02-28,13.6,81.65,1.6
2023-03-01,13.91,86.86,0.0
2023-03-02,12.69,90.28,19.8
2023-03-03,10.17,93.16,5.8
2023-03-04,10.78,96.1,28.0
2023-03-05,9.45,95.24,14.2
2023-03-06,9.15,92.39,7.4
2023-03-07,9.76,98.42,29.0
2023-03-08,10.02,92.26,33.0
2023-03-09,10.72,92.33,8.8
2023-03-10,14.37,94.46,33.0
2023-03-11,14.6,91.04,34.4
2023-03-12,10.58,92.85,25.4
2023-03-13,8.87,78.35,34.6
2023-03-14,9.11,83.77,16.4
2023-03-15,10.04,94.1,0.0
2023-03-16,10.94,94.33,42.8
2023-03-17,9.9,80.87,86.4
2023-03-18,8.39,83.12,37.4
2023-03-19,9.3,83.28,8.2
2023-03-20,10.26,89.4,8.4
2023-03-21,10.56,93.54,6.4
2023-03-22,11.81,87.57,7.0
2023-03-23,12.53,80.62,0.0
2023-03-24,12.16,87.14,0.2
2023-03-25,13.2,88.28,0.0
2023-03-26,13.76,91.11,0.0
2023-03-27,12.47,89.51,0.0
2023-03-28,10.29,74.99,0.0
2023-03-29,6.75,69.55,2.0
2023-03-30,8.97,80.85,0.0
2023-03-31,11.82,88.1,8.4
2023-04-01,13.97,91.7,0.0
2023-04-02,13.16,87.25,0.0
2023-04-03,11.62,96.22,32.0
2023-04-04,11.83,88.24,0.2
2023-04-05,9.4,86.08,1.8
2023-04-06,9.25,92.23,11.4
2023-04-07,8.5,85.4,0.0
2023-04-08,9.53,83.24,0.0
2023-04-09,10.58,86.62,0.0
2023-04-10,9.68,94.31,0.0
2023-04-11,10.61,83.79,0.0
2023-04-12,11.51,86.22,3.2
2023-04-13,13.86,80.63,9.8
2023-04-14,11.82,93.09,0.2
2023-04-15,12.1,86.61,45.6
2023-04-16,10.71,96.91,2.8
2023-04-17,11.57,95.51,0.0
2023-04-18,11.72,90.18,0.0
2023-04-19,12.19,93.85,1.4
2023-04-20,13.7,89.77,0.0
2023-04-21,14.14,86.28,0.0
2023-04-22,12.85,86.21,0.0
2023-04-23,13.56,81.47,1.6
2023-04-24,14.34,82.04,1.0
2023-04-25,15.42,87.78,1.8
2023-04-26,14.55,87.0,2.6
2023-04-27,12.81,76.19,0.0
2023-04-28,12.86,77.46,0.0
2023-04-29,13.79,83.1,2.8
2023-04-30,14.73,87.53,0.8
2023-05-01,14.65,95.33,1.4
2023-05-02,13.45,96.88,11.0
2023-05-03,14.12,96.13,0.0
2023-05-04,13.16,99.94,0.0
2023-05-05,15.98,87.3,0.2
2023-05-06,16.76,82.88,0.0
2023-05-07,18.19,80.91,0.0
2023-05-08,16.41,86.98,0.0
2023-05-09,17.82,89.35,3.2
2023-05-10,15.89,92.19,0.0
2023-05-11,15.28,88.9,3.0
2023-05-12,16.37,89.52,0.0
2023-05-13,15.11,92.17,0.0
2023-05-14,18.18,92.19,0.2
2023-05-15,20.96,79.83,0.4
2023-05-16,17.36,92.51,0.0
2023-05-17,14.97,93.3,0.4
2023-05-18,16.57,91.53,1.2
2023-05-19,18.01,85.81,0.4
2023-05-20,17.88,83.84,9.6
2023-05-21,18.23,86.07,1.4
2023-05-22,17.75,80.84,0.2
2023-05-23,17.16,84.95,1.2
2023-05-24,17.5,87.18,7.6
2023-05-25,18.73,85.25,2.2
2023-05-26,18.34,86.12,0.4
2023-05-27,17.5,89.7,1.4
2023-05-28,18.56,86.02,0.0
2023-05-29,18.89,85.98,0.0
2023-05-30,18.77,87.81,0.0
2023-05-31,17.7,90.66,0.0
2023-06-01,20.12,82.11,0.0
2023-06-02,19.54,79.9,3.6
2023-06-03,18.36,90.71,0.2
2023-06-04,20.0,81.99,0.2
2023-06-05,21.44,79.47,0.0
2023-06-06,21.71,76.99,0.2
2023-06-07,21.24,77.0,0.0
2023-06-08,22.44,79.32,0.0
2023-06-09,21.72,86.82,0.6
2023-06-10,21.05,91.23,1.0
2023-06-11,21.98,89.09,0.0
2023-06-12,20.31,90.1,0.0
2023-06-13,21.05,86.37,1.0
2023-06-14,21.95,85.58,0.0
2023-06-15,19.51,96.2,0.0
2023-06-16,19.82,93.07,0.0
2023-06-17,19.38,95.99,0.0
2023-06-18,20.48,87.18,0.0
2023-06-19,21.02,83.56,0.0
2023-06-20,22.32,84.08,0.0
2023-06-21,23.52,82.27,0.0
2023-06-22,24.87,82.23,0.0
2023-06-23,25.22,82.82,0.2
2023-06-24,25.45,83.52,0.4
2023-06-25,23.0,88.59,0.0
2023-06-26,23.43,85.97,0.0
2023-06-27,24.69,81.38,0.0
2023-06-28,23.46,87.25,0.0
2023-06-29,23.36,86.45,0.0
2023-06-30,23.7,82.92,0.0
2023-07-01,23.55,82.2,0.0
2023-07-02,23.61,86.14,0.0
2023-07-03,24.35,85.6,0.0
2023-07-04,25.56,84.28,0.0
2023-07-05,25.11,84.82,0.0
2023-07-06,24.9,82.68,0.0
2023-07-07,25.59,82.61,0.0
2023-07-08,24.04,79.82,0.0
2023-07-09,24.48,77.2,0.0
2023-07-10,24.34,76.02,0.0
2023-07-11,24.51,74.16,0.0
2023-07-12,24.29,79.39,0.0
2023-07-13,24.78,80.72,0.0
2023-07-14,25.06,81.36,0.0
2023-07-15,25.9,80.59,0.2
2023-07-16,27.91,77.45,0.0
2023-07-17,28.7,75.51,0.4
2023-07-18,28.13,78.09,0.8
2023-07-19,28.68,75.1,0.0
2023-07-20,27.44,78.33,0.0
2023-07-21,26.89,76.53,0.0
2023-07-22,27.27,71.82,1.0
2023-07-23,27.6,69.41,0.0
2023-07-24,27.34,79.17,0.4
2023-07-25,27.82,73.14,0.0
2023-07-26,27.34,78.08,0.0
2023-07-27,25.55,75.34,0.0
2023-07-28,24.35,76.82,0.0
2023-07-29,23.42,80.53,0.0
2023-07-30,25.24,78.63,0.2
2023-07-31,25.04,82.58,0.0
2023-08-01,25.96,80.18,0.0
2023-08-02,24.75,82.7,1.8
2023-08-03,24.59,81.65,2.2
2023-08-04,24.76,80.38,1.6
2023-08-05,23.15,86.06,1.0
2023-08-06,22.16,85.01,4.0
2023-08-07,22.17,81.74,0.0
2023-08-08,23.49,77.82,1.4
2023-08-09,24.13,75.38,0.0
2023-08-10,23.31,81.65,0.0
2023-08-11,22.9,80.03,0.4
2023-08-12,23.23,74.17,2.4
2023-08-13,24.27,68.42,0.0
2023-08-14,22.33,77.62,0.0
2023-08-15,22.83,83.06,0.6
2023-08-16,24.03,85.44,0.0
2023-08-17,24.47,84.27,0.0
2023-08-18,25.28,80.01,0.0
2023-08-19,25.53,78.31,0.0
2023-08-20,25.39,73.24,0.4
2023-08-21,27.24,63.62,0.0
2023-08-22,27.82,53.69,0.6
2023-08-23,26.61,67.05,1.6
2023-08-24,25.96,68.97,0.6
2023-08-25,25.29,75.41,0.0
2023-08-26,22.83,85.49,1.2
2023-08-27,24.56,82.46,0.6
2023-08-28,25.59,79.4,0.0
2023-08-29,21.96,87.2,0.4
2023-08-30,21.94,80.85,1.0
2023-08-31,21.69,84.33,5.0
2023-09-01,19.84,86.43,0.0
2023-09-02,22.28,80.48,0.0
2023-09-03,23.23,78.35,0.2
2023-09-04,17.89,95.17,0.0
2023-09-05,15.77,99.51,0.0
2023-09-06,17.87,97.73,0.0
2023-09-07,21.02,85.42,0.2
2023-09-08,24.7,62.12,6.0
2023-09-09,23.42,70.19,0.0
2023-09-10,22.13,63.56,0.2
2023-09-11,22.39,62.85,0.0
2023-09-12,19.72,73.26,0.0
2023-09-13,20.93,78.17,0.0
2023-09-14,20.92,86.06,0.4
2023-09-15,20.98,87.44,0.0
2023-09-16,21.08,86.99,0.0
2023-09-17,22.39,80.76,1.2
2023-09-18,23.1,78.46,0.6
2023-09-19,21.54,83.06,1.8
2023-09-20,22.01,88.19,1.2
2023-09-21,22.52,85.78,0.2
2023-09-22,22.3,82.42,0.4
2023-09-23,22.59,77.36,1.4
2023-09-24,22.02,82.13,0.0
2023-09-25,18.43,95.13,7.6
2023-09-26,18.38,92.72,2.0
2023-09-27,17.74,92.49,0.0
2023-09-28,18.42,87.09,2.0
2023-09-29,19.29,81.44,1.6
2023-09-30,18.42,88.09,5.8
2023-10-01,19.21,83.53,0.4
2023-10-02,19.13,79.86,0.0
2023-10-03,19.33,77.13,0.0
2023-10-04,18.67,83.17,0.0
2023-10-05,19.1,87.69,0.0
2023-10-06,18.18,90.5,0.0
2023-10-07,18.57,81.69,1.2
2023-10-08,17.94,84.12,0.0
2023-10-09,19.49,77.98,0.6
2023-10-10,18.94,83.97,1.8
2023-10-11,18.75,76.72,0.0
2023-10-12,16.96,78.24,0.0
2023-10-13,17.31,86.31,0.0
2023-10-14,18.13,88.01,0.8
2023-10-15,18.91,88.19,0.0
2023-10-16,18.49,89.53,0.0
2023-10-17,16.78,93.23,1.0
2023-10-18,17.06,91.39,0.0
2023-10-19,17.56,87.23,0.0
2023-10-20,18.84,85.87,0.0
2023-10-21,20.23,72.72,0.0
2023-10-22,20.33,81.52,0.0
2023-10-23,19.43,89.65,0.0
2023-10-24,17.55,91.58,0.0
2023-10-25,17.66,87.27,0.2
2023-10-26,16.61,96.81,0.2
2023-10-27,17.61,96.19,0.2
2023-10-28,19.62,93.08,0.2
2023-10-29,18.1,90.46,0.4
2023-10-30,17.4,86.68,0.0
2023-10-31,17.19,87.83,0.6
2023-11-01,17.91,94.92,0.0
2023-11-02,16.78,93.42,0.0
2023-11-03,18.42,91.84,0.0
2023-11-04,15.89,96.03,0.0
2023-11-05,14.11,98.22,0.0
2023-11-06,17.69,93.81,0.0
2023-11-07,14.92,91.3,0.0
2023-11-08,14.98,94.91,0.0
2023-11-09,13.21,93.39,0.0
2023-11-10,12.0,97.97,0.0
2023-11-11,14.24,97.57,0.0
2023-11-12,12.28,99.82,0.0
2023-11-13,14.59,94.42,0.0
2023-11-14,12.97,93.85,0.0
2023-11-15,13.94,95.44,0.0
2023-11-16,14.48,93.81,0.0
2023-11-17,11.08,99.21,0.0
2023-11-18,12.22,78.46,0.0
2023-11-19,5.81,82.53,0.0
2023-11-20,7.78,85.06,0.2
2023-11-21,10.57,90.94,0.0
2023-11-22,14.35,96.91,0.0
2023-11-23,15.06,89.92,0.2
2023-11-24,11.59,98.12,0.0
2023-11-25,10.64,99.1,0.0
2023-11-26,6.1,79.82,0.0
2023-11-27,5.48,83.74,0.0
2023-11-28,11.53,97.6,0.0
2023-11-29,11.67,98.67,0.0
2023-11-30,11.84,93.04,0.0
2023-12-01,13.25,96.51,0.2
2023-12-02,16.33,92.06,0.0
2023-12-03,14.35,96.9,0.2
2023-12-04,11.2,95.16,0.2
2023-12-05,10.09,97.29,0.0
2023-12-06,9.86,97.82,0.0
2023-12-07,9.11,95.01,0.0
2023-12-08,5.8,92.37,0.0
2023-12-09,4.99,87.72,0.0
2023-12-10,6.27,90.74,0.0
2023-12-11,8.0,91.33,0.0
2023-12-12,8.47,91.97,0.0
2023-12-13,9.6,94.69,0.0
2023-12-14,13.77,95.19,0.2
2023-12-15,11.06,100.0,0.0
2023-12-16,8.66,88.5,0.0
2023-12-17,7.38,81.55,0.4
2023-12-18,4.04,85.76,0.0
2023-12-19,5.95,86.81,0.4
2023-12-20,7.03,90.99,0.0
2023-12-21,9.23,90.12,0.4
2023-12-22,6.93,98.38,0.0
2023-12-23,7.32,93.71,0.0
2023-12-24,7.78,94.3,0.0
2023-12-25,9.54,92.07,0.2
2023-12-26,9.54,92.12,0.2
2023-12-27,8.79,91.53,0.2
2023-12-28,7.33,90.53,0.2
2023-12-29,7.84,94.28,0.2
2023-12-30,8.76,94.99,0.0
2023-12-31,8.52,93.92,0.2
2024-01-01,9.44,95.83,0.0
2024-01-02,9.51,99.31,0.0
2024-01-03,7.67,100.0,0.0
2024-01-04,9.09,100.0,0.0
2024-01-05,9.64,97.2,0.0
2024-01-06,12.3,85.38,0.0
2024-01-07,9.4,99.44,0.0
2024-01-08,6.93,100.0,0.0
2024-01-09,7.79,88.21,0.0
2024-01-10,4.21,86.3,0.0
2024-01-11,5.09,89.61,0.0
2024-01-12,7.52,85.99,0.0
2024-01-13,3.48,83.35,0.0
2024-01-14,3.53,90.1,0.2
2024-01-15,6.1,100.0,0.0
2024-01-16,10.45,95.85,0.0
2024-01-17,10.47,96.85,0.0
2024-01-18,13.63,93.85,0.0
2024-01-19,13.08,93.43,0.0
2024-01-20,9.68,100.0,0.0
2024-01-21,7.79,78.4,0.0
2024-01-22,3.53,76.08,0.2
2024-01-23,2.51,83.19,0.0
2024-01-24,4.26,83.03,0.0
2024-01-25,6.01,87.75,0.0
2024-01-26,5.06,88.24,0.0
2024-01-27,4.51,84.17,0.2
2024-01-28,7.16,63.6,0.0
2024-01-29,4.68,69.32,0.0
2024-01-30,5.69,59.92,0.2
2024-01-31,4.23,66.69,0.2
2024-02-01,3.28,74.71,0.2
2024-02-02,3.82,84.59,0.0
2024-02-03,4.99,82.31,0.2
2024-02-04,6.12,87.41,0.2
2024-02-05,8.3,91.85,0.2
2024-02-06,8.54,91.6,0.2
2024-02-07,10.23,91.6,0.2
2024-02-08,10.07,90.37,0.2
2024-02-09,9.09,91.51,0.2
2024-02-10,11.89,83.36,0.4
2024-02-11,15.63,77.22,0.2
2024-02-12,8.21,99.34,0.0
2024-02-13,8.37,93.22,0.0
2024-02-14,9.41,82.47,0.0
2024-02-15,7.02,79.28,0.0
2024-02-16,6.74,79.98,0.0
2024-02-17,7.68,84.57,0.2
2024-02-18,8.59,87.72,0.2
2024-02-19,8.79,90.31,0.0
2024-02-20,10.71,89.11,0.2
2024-02-21,9.45,92.85,0.0
2024-02-22,8.84,92.79,0.2
2024-02-23,12.0,90.4,0.0
2024-02-24,14.07,89.98,0.0
2024-02-25,11.55,96.08,0.0
2024-02-26,13.57,81.68,0.0
2024-02-27,10.94,88.82,0.0
2024-02-28,13.22,84.26,0.4
2024-02-29,14.74,83.72,0.2
2024-03-01,10.81,94.63,0.0
2024-03-02,9.64,91.53,0.0
2024-03-03,9.99,91.33,0.2
2024-03-04,10.36,87.51,0.4
2024-03-05,8.52,93.03,0.0
2024-03-06,9.62,89.17,0.0
2024-03-07,10.18,89.4,0.4
2024-03-08,7.43,86.97,0.2
2024-03-09,6.55,97.37,0.0
2024-03-10,10.69,87.59,0.2
2024-03-11,12.16,89.38,0.2
2024-03-12,10.81,91.51,0.2
2024-03-13,9.64,93.97,0.2
2024-03-14,9.49,90.79,0.2
2024-03-15,10.2,89.18,0.0
2024-03-16,11.26,88.62,0.2
2024-03-17,10.77,94.97,0.4
2024-03-18,11.46,90.52,0.0
2024-03-19,9.4,99.67,0.2
2024-03-20,9.93,80.55,0.0
2024-03-21,9.13,85.51,0.8
2024-03-22,10.33,89.19,1.6
2024-03-23,10.45,82.07,3.2
2024-03-24,11.12,90.53,0.4
2024-03-25,14.1,87.59,0.0
2024-03-26,12.64,90.44,0.2
2024-03-27,16.74,81.49,1.8
2024-03-28,15.75,83.81,0.2
2024-03-29,12.96,83.21,0.0
2024-03-30,14.66,80.53,0.2
2024-03-31,14.68,80.6,0.2
2024-04-01,15.82,76.08,0.4
2024-04-02,14.89,87.73,0.2
2024-04-03,12.52,82.35,1.4
2024-04-04,12.96,87.44,1.8
2024-04-05,13.64,86.44,0.2
2024-04-06,13.98,84.99,9.0
2024-04-07,15.05,86.31,2.2
2024-04-08,15.99,74.12,0.0
2024-04-09,14.41,80.3,0.2
2024-04-10,14.27,85.6,0.4
2024-04-11,15.15,80.03,0.4
2024-04-12,17.57,69.64,0.0
2024-04-13,17.27,81.19,0.4
2024-04-14,17.86,80.67,0.2
2024-04-15,16.87,82.11,0.2
2024-04-16,16.66,83.8,3.2
2024-04-17,17.75,84.9,5.0
2024-04-18,13.49,86.47,0.0
2024-04-19,11.48,92.24,0.2
2024-04-20,11.52,84.78,0.0
2024-04-21,10.73,93.72,0.0
2024-04-22,11.18,95.96,0.0
2024-04-23,15.92,95.07,0.0
2024-04-24,15.53,86.1,0.2
2024-04-25,12.12,90.75,0.2
2024-04-26,12.25,83.76,2.0
2024-04-27,14.26,86.58,20.8
2024-04-28,15.94,78.76,21.4
2024-04-29,17.55,72.06,8.6
2024-04-30,16.99,77.15,22.2
2024-05-01,17.44,83.73,4.4
2024-05-02,16.35,93.47,51.0
2024-05-03,16.24,81.12,25.4
2024-05-04,13.9,85.72,25.4
2024-05-05,15.91,81.79,37.4
2024-05-06,16.11,85.6,53.0
2024-05-07,16.06,85.76,27.4
2024-05-08,16.44,89.03,32.4
2024-05-09,16.47,90.6,115.4
2024-05-10,16.18,85.02,73.4
2024-05-11,16.59,82.32,21.8
2024-05-12,16.04,84.33,35.0
2024-05-13,16.87,88.74,126.6
2024-05-14,15.23,91.78,46.2
2024-05-15,18.04,79.35,15.2
2024-05-16,17.83,89.86,53.6
2024-05-17,20.55,80.13,42.0
2024-05-18,20.56,86.76,27.8
2024-05-19,21.78,85.18,43.0
2024-05-20,22.39,80.39,77.0
2024-05-21,22.14,81.09,8.6
2024-05-22,19.52,87.02,1.6
2024-05-23,19.37,83.97,2.2
2024-05-24,18.81,82.24,5.2
2024-05-25,19.0,84.13,8.8
2024-05-26,17.74,87.94,24.4
2024-05-27,18.54,75.06,14.4
2024-05-28,17.92,81.76,7.8
2024-05-29,18.09,85.81,16.6
2024-05-30,19.11,84.28,11.8
2024-05-31,19.21,83.16,58.4
2024-06-01,20.65,78.7,14.4
2024-06-02,22.97,74.49,41.2
2024-06-03,22.37,80.81,6.6
2024-06-04,20.94,82.28,0.4
2024-06-05,20.56,86.35,50.6
2024-06-06,23.4,80.39,25.2
2024-06-07,24.88,74.95,42.6
2024-06-08,23.58,82.29,8.2
2024-06-09,24.17,83.42,0.0
2024-06-10,23.38,79.22,0.0
2024-06-11,22.39,72.5,0.0
2024-06-12,24.37,71.31,3.0
2024-06-13,26.49,73.43,0.2
2024-06-14,24.61,79.51,10.2
2024-06-15,21.14,80.59,0.0
2024-06-16,21.5,82.52,0.0
2024-06-17,22.65,79.71,0.0
2024-06-18,24.36,79.08,0.0
2024-06-19,27.31,72.7,0.0
2024-06-20,27.04,74.35,0.0
2024-06-21,29.73,61.43,0.0
2024-06-22,28.12,70.92,0.0
2024-06-23,26.45,80.14,0.0
2024-06-24,25.52,85.78,0.0
2024-06-25,26.0,80.7,0.0
2024-06-26,26.37,75.35,0.0
2024-06-27,24.78,81.57,0.0
2024-06-28,24.66,81.27,0.0
2024-06-29,26.5,70.41,0.0
2024-06-30,26.46,70.44,0.0
2024-07-01,25.55,72.77,0.0
2024-07-02,24.68,76.71,0.0
2024-07-03,23.7,81.44,0.0
2024-07-04,23.49,81.44,0.0
2024-07-05,24.05,75.19,0.0
2024-07-06,24.91,71.91,0.0
2024-07-07,24.77,72.89,0.0
2024-07-08,25.6,79.4,0.0
2024-07-09,28.29,73.93,0.0
2024-07-10,29.14,66.45,0.0
2024-07-11,28.6,66.95,0.0
2024-07-12,26.77,78.3,0.0
2024-07-13,27.69,76.1,0.0
2024-07-14,27.49,77.21,0.2
2024-07-15,28.2,76.22,0.2
2024-07-16,28.61,66.47,0.0
2024-07-17,29.65,61.73,0.0
2024-07-18,29.36,65.33,0.0
2024-07-19,29.58,64.47,0.0
2024-07-20,29.57,62.75,0.0
2024-07-21,27.33,81.35,0.0
2024-07-22,27.81,82.26,0.0
2024-07-23,27.09,78.27,1.8
2024-07-24,27.54,72.42,0.0
2024-07-25,26.79,75.22,0.0
2024-07-26,26.67,76.12,0.0
2024-07-27,27.01,71.12,0.0
2024-07-28,26.98,70.65,1.4
2024-07-29,27.35,71.38,0.2
2024-07-30,28.36,69.97,0.0
2024-07-31,27.18,66.92,0.0
2024-08-01,26.23,70.92,0.0
2024-08-02,25.11,80.53,0.0
2024-08-03,25.65,82.53,16.6
2024-08-04,26.12,81.84,4.0
2024-08-05,26.23,80.87,6.4
2024-08-06,26.0,80.31,1.4
2024-08-07,26.78,81.12,0.8
2024-08-08,26.66,78.51,2.6
2024-08-09,26.38,79.6,1.8
2024-08-10,28.4,73.75,0.4
2024-08-11,27.97,67.96,0.0
2024-08-12,28.51,66.31,0.0
2024-08-13,27.23,66.63,0.0
2024-08-14,26.52,72.49,0.0
2024-08-15,27.93,63.5,0.2
2024-08-16,28.78,60.44,0.0
2024-08-17,27.15,74.83,0.0
2024-08-18,27.01,77.7,0.0
2024-08-19,25.91,81.42,2.8
2024-08-20,25.84,78.66,8.2
2024-08-21,24.68,84.0,14.6
2024-08-22,26.34,75.94,1.4
2024-08-23,27.61,71.47,0.0
2024-08-24,27.51,75.31,1.0
2024-08-25,27.17,77.64,0.8
2024-08-26,23.29,81.67,0.0
2024-08-27,24.83,75.07,0.0
2024-08-28,25.93,69.85,0.0
2024-08-29,25.45,75.97,3.6
2024-08-30,23.2,82.9,2.6
2024-08-31,22.89,80.85,3.2
2024-09-01,24.48,74.09,0.0
2024-09-02,24.92,83.12,0.0
2024-09-03,23.36,85.5,18.4
2024-09-04,23.1,83.61,0.8
2024-09-05,24.05,83.4,4.0
2024-09-06,24.94,80.85,1.6
2024-09-07,24.84,86.86,0.6
2024-09-08,25.66,79.22,0.4
2024-09-09,23.91,84.06,0.0
2024-09-10,19.23,94.99,5.4
2024-09-11,21.23,85.12,7.6
2024-09-12,22.14,81.35,15.2
2024-09-13,21.31,91.13,1.0
2024-09-14,19.97,77.85,2.2
2024-09-15,16.93,78.4,0.0
2024-09-16,18.01,80.27,2.8
2024-09-17,17.62,87.71,0.0
2024-09-18,20.23,86.29,0.0
2024-09-19,18.18,91.78,1.8
2024-09-20,19.25,85.89,0.0
2024-09-21,19.32,84.42,10.2
2024-09-22,19.11,79.19,0.4
2024-09-23,19.48,81.53,0.0
2024-09-24,20.22,85.01,0.4
2024-09-25,20.47,87.3,27.8
2024-09-26,20.71,87.94,14.8
2024-09-27,20.52,85.92,0.0
2024-09-28,20.45,87.0,1.2
2024-09-29,19.84,85.95,2.8
2024-09-30,16.24,78.93,11.2
2024-10-01,14.88,80.53,6.2
2024-10-02,16.34,83.09,9.8
2024-10-03,18.45,85.44,0.4
2024-10-04,20.68,87.22,0.2
2024-10-05,18.6,97.16,48.6
2024-10-06,16.65,92.78,64.6
2024-10-07,16.05,86.59,170.0
2024-10-08,16.78,84.97,18.8
2024-10-09,16.31,91.65,0.4
2024-10-10,19.22,92.99,137.4
2024-10-11,20.01,90.97,45.0
2024-10-12,19.16,89.24,47.6
2024-10-13,17.22,86.99,42.0
2024-10-14,16.59,86.99,9.0
2024-10-15,17.55,85.49,78.8
2024-10-16,17.9,84.24,50.0
2024-10-17,16.6,83.05,0.0
2024-10-18,15.11,78.92,0.0
2024-10-19,13.38,87.12,0.0
2024-10-20,13.64,83.22,0.4
2024-10-21,14.45,82.87,0.4
2024-10-22,13.91,78.54,0.0
2024-10-23,13.61,79.4,1.4
2024-10-24,14.08,75.92,0.6
2024-10-25,12.91,76.32,0.2
2024-10-26,13.8,81.01,0.0
2024-10-27,12.54,79.01,0.2
2024-10-28,13.03,85.99,4.8
2024-10-29,13.85,85.24,8.0
2024-10-30,15.11,81.16,2.6
2024-10-31,14.28,76.31,1.8
2024-11-01,12.48,79.54,0.6
2024-11-02,12.79,81.78,1.4
2024-11-03,13.74,80.52,0.0
2024-11-04,12.68,84.65,0.0
2024-11-05,13.71,74.45,0.4
2024-11-06,10.69,79.62,0.4
2024-11-07,9.37,75.96,0.2
2024-11-08,9.64,70.15,0.0
2024-11-09,9.38,71.01,0.0
2024-11-10,8.49,72.54,0.0
2024-11-11,8.16,89.09,0.0
2024-11-12,9.45,100.0,0.0
2024-11-13,11.55,99.01,427.0
2024-11-14,13.02,98.54,309.6
2024-11-15,10.87,100.0,0.4
2024-11-16,10.28,87.44,0.0
2024-11-17,8.54,88.74,9.2
2024-11-18,9.61,91.08,1.8
2024-11-19,10.41,91.17,0.0
2024-11-20,13.04,98.15,0.0
2024-11-21,13.52,88.73,3.6
2024-11-22,12.71,97.6,3.6
2024-11-23,8.32,84.6,9.0
2024-11-24,3.85,79.49,10.0
2024-11-25,4.6,83.67,9.0
2024-11-26,6.41,85.38,6.4
2024-11-27,7.77,89.13,21.6
2024-11-28,9.35,92.7,7.0
2024-11-29,10.73,99.32,3.4
2024-11-30,10.06,100.0,1.2
2024-12-01,7.15,100.0,0.4
2024-12-02,7.69,97.76,1.0
2024-12-03,8.48,88.83,5.2
2024-12-04,9.65,95.09,2.2
2024-12-05,9.59,99.67,0.2
2024-12-06,11.98,92.52,3.2
2024-12-07,9.9,100.0,3.0
2024-12-08,8.68,97.78,2.2
2024-12-09,9.55,98.79,3.8
2024-12-10,8.02,100.0,4.4
2024-12-11,8.03,95.25,10.0
2024-12-12,7.3,93.62,4.2
2024-12-13,6.1,92.22,8.2
2024-12-14,6.97,97.35,0.0
2024-12-15,8.92,99.51,0.6
2024-12-16,6.21,89.28,0.2
2024-12-17,5.64,88.75,6.4
2024-12-18,6.08,91.19,5.4
2024-12-19,7.93,92.88,0.0
2024-12-20,8.19,99.99,10.4
2024-12-21,7.01,95.94,13.8
2024-12-22,4.86,94.22,0.0
2024-12-23,6.07,99.88,0.2
2024-12-24,5.39,96.51,2.2
2024-12-25,5.42,89.92,5.6
2024-12-26,11.01,70.24,6.2
2024-12-27,9.71,72.49,12.8
2024-12-28,6.48,72.74,0.0
2024-12-29,2.96,85.06,0.0
2024-12-30,3.64,87.03,0.0
2024-12-31,4.41,86.97,3.4
2025-01-01,5.05,88.37,4.2
2025-01-02,6.36,90.93,11.8
2025-01-03,7.42,97.03,4.4
2025-01-04,7.71,100.0,1.4
2025-01-05,5.83,97.98,0.6
2025-01-06,7.63,98.22,0.0
2025-01-07,10.22,99.44,0.0
2025-01-08,11.02,97.83,0.0
2025-01-09,11.72,95.51,1.6
2025-01-10,9.73,99.61,0.4
2025-01-11,10.7,97.85,1.8
2025-01-12,10.47,99.97,0.0
2025-01-13,6.41,92.03,0.0
2025-01-14,7.19,80.3,0.2
2025-01-15,6.81,90.93,2.2
2025-01-16,6.88,93.94,0.8
2025-01-17,6.3,90.87,0.2
2025-01-18,8.81,86.74,1.4
2025-01-19,6.58,85.43,1.0
2025-01-20,8.36,86.58,1.2
2025-01-21,7.5,99.37,0.0
2025-01-22,8.23,95.39,1.0
2025-01-23,8.23,92.62,0.8
2025-01-24,10.0,93.62,0.0
2025-01-25,8.46,93.08,0.0
2025-01-26,8.77,91.9,0.4
2025-01-27,9.05,92.86,19.8
2025-01-28,9.09,93.15,6.0
2025-01-29,13.45,90.07,3.4
2025-01-30,9.53,98.19,0.0
2025-01-31,9.4,95.8,3.6
2025-02-01,8.6,90.6,4.4
2025-02-02,9.5,91.12,7.2
2025-02-03,8.07,99.54,0.0
2025-02-04,10.27,83.16,0.0
2025-02-05,7.29,83.32,0.0
2025-02-06,4.85,80.79,0.6
2025-02-07,4.38,79.69,0.4
2025-02-08,3.4,77.66,0.0
2025-02-09,3.38,79.9,0.0
2025-02-10,2.57,78.41,0.0
2025-02-11,4.68,77.75,0.0
2025-02-12,6.63,90.72,0.0
2025-02-13,5.29,100.0,7.8
2025-02-14,6.39,100.0,0.2
2025-02-15,7.88,97.35,1.0
2025-02-16,9.03,95.76,0.4
2025-02-17,8.36,93.71,0.8
2025-02-18,9.06,90.03,1.2
2025-02-19,7.53,83.51,1.6
2025-02-20,5.38,76.61,2.0
2025-02-21,4.49,76.74,0.6
2025-02-22,3.16,79.29,0.2
2025-02-23,5.23,91.53,0.2
2025-02-24,8.28,94.31,0.2
2025-02-25,9.73,91.33,0.0
2025-02-26,9.48,88.87,4.0
2025-02-27,8.27,99.94,0.0
2025-02-28,8.22,93.39,3.2
2025-03-01,9.1,91.67,2.2
2025-03-02,8.92,91.59,0.8
2025-03-03,9.06,80.26,0.8
2025-03-04,8.02,71.08,0.4
2025-03-05,7.5,75.01,8.6
2025-03-06,8.05,75.16,0.6
2025-03-07,8.92,75.83,5.2
2025-03-08,9.21,80.88,2.2
2025-03-09,9.07,83.74,10.0
2025-03-10,10.08,83.71,5.8
2025-03-11,13.4,82.46,2.4
2025-03-12,17.06,75.99,0.0
2025-03-13,17.41,82.69,0.0
2025-03-14,15.4,81.77,0.0
2025-03-15,18.45,65.22,0.0
2025-03-16,16.7,85.1,0.0
2025-03-17,11.78,78.48,0.0
2025-03-18,7.05,90.53,0.0
2025-03-19,6.02,76.85,0.0
2025-03-20,6.63,79.66,0.0
2025-03-21,8.19,84.94,0.0
2025-03-22,8.96,87.3,0.0
2025-03-23,11.55,82.24,0.0
2025-03-24,16.92,65.47,0.0
2025-03-25,11.63,96.09,1.8
2025-03-26,14.75,85.12,6.0
2025-03-27,11.91,96.65,0.0
2025-03-28,11.26,92.12,0.0
2025-03-29,9.92,99.85,0.0
2025-03-30,11.78,93.22,5.6
2025-03-31,11.1,92.8,14.0
2025-04-01,11.48,89.6,62.0
2025-04-02,12.28,86.37,9.2
2025-04-03,12.85,91.05,0.2
2025-04-04,10.88,96.17,4.2
2025-04-05,11.83,87.16,8.6
2025-04-06,12.19,89.83,0.2
2025-04-07,11.68,78.47,1.2
2025-04-08,10.94,72.23,5.4
2025-04-09,9.92,79.28,15.4
2025-04-10,8.89,83.31,7.0
2025-04-11,10.42,82.11,0.0
2025-04-12,11.01,87.72,0.2
2025-04-13,12.51,84.72,0.2
2025-04-14,14.06,90.81,0.2
2025-04-15,15.49,90.33,12.4
2025-04-16,18.6,79.96,3.2
2025-04-17,18.46,81.24,0.0
2025-04-18,14.32,86.68,0.2
2025-04-19,13.0,88.73,0.2
2025-04-20,14.58,88.27,0.0
2025-04-21,15.45,82.25,0.2
2025-04-22,16.13,78.92,0.4
2025-04-23,15.1,88.13,0.0
2025-04-24,14.43,92.78,0.0
2025-04-25,15.66,91.35,0.4
2025-04-26,15.06,88.99,0.4
2025-04-27,16.23,82.19,0.0
2025-04-28,15.08,74.24,0.2
2025-04-29,14.27,64.88,0.2
2025-04-30,15.67,66.63,0.2
2025-05-01,15.63,81.47,0.2
2025-05-02,17.34,78.42,0.2
2025-05-03,17.38,84.19,0.2
2025-05-04,17.32,83.51,0.2
2025-05-05,17.44,82.69,0.4
2025-05-06,17.1,83.62,0.2
2025-05-07,19.23,78.62,0.2
2025-05-08,18.51,79.99,0.2
2025-05-09,19.04,80.12,0.2
2025-05-10,18.24,85.38,0.2
2025-05-11,17.42,87.99,0.4
2025-05-12,18.08,83.8,0.4
2025-05-13,17.08,86.47,0.2
2025-05-14,16.59,84.72,0.4
2025-05-15,16.83,86.9,1.6
2025-05-16,14.16,100.0,0.2
2025-05-17,14.68,90.97,0.4
2025-05-18,14.64,81.94,0.4
2025-05-19,16.25,85.38,0.2
2025-05-20,17.97,85.98,0.0
2025-05-21,19.07,81.26,0.2
2025-05-22,19.62,85.28,0.4
2025-05-23,15.58,95.72,0.2
2025-05-24,19.98,84.19,0.2
2025-05-25,18.61,87.71,0.4
2025-05-26,16.96,76.08,0.2
2025-05-27,17.1,82.63,0.2
2025-05-28,15.93,92.47,0.2
2025-05-29,15.79,93.01,0.2
2025-05-30,17.47,86.99,0.2
2025-05-31,18.3,80.72,0.2
2025-06-01,19.15,82.12,0.2
2025-06-02,19.12,84.86,0.2
2025-06-03,19.51,85.65,0.2
2025-06-04,19.86,87.42,0.2
2025-06-05,20.35,86.25,0.2
2025-06-06,21.3,85.31,0.2
2025-06-07,22.76,83.92,0.2
2025-06-08,22.84,83.65,0.2
2025-06-09,23.98,80.35,0.2
2025-06-10,25.8,76.66,0.2
2025-06-11,24.46,78.26,0.2
2025-06-12,23.81,82.77,0.2
2025-06-13,25.13,80.92,0.2
2025-06-14,25.07,80.01,0.2
2025-06-15,24.42,81.63,0.2
2025-06-16,23.83,85.92,0.2
2025-06-17,24.31,82.17,0.2
2025-06-18,24.84,69.52,0.2
2025-06-19,24.91,72.83,0.2
2025-06-20,23.88,83.26,0.2
2025-06-21,24.7,76.87,0.2
2025-06-22,24.14,71.95,0.4
2025-06-23,23.88,76.42,0.2
2025-06-24,23.63,82.74,0.2
2025-06-25,24.58,81.58,0.2
2025-06-26,25.78,77.94,0.2
2025-06-27,27.6,75.52,0.2
2025-06-28,27.02,79.26,0.2
2025-06-29,27.12,70.17,0.2
2025-06-30,26.06,73.69,0.2
2025-07-01,26.73,74.15,0.2
2025-07-02,27.54,69.19,0.2
2025-07-03,26.75,72.75,0.2
2025-07-04,26.51,74.59,0.2
2025-07-05,27.05,70.16,0.2
2025-07-06,26.41,68.65,0.2
2025-07-07,25.3,78.85,0.2
2025-07-08,26.19,80.56,0.2
2025-07-09,25.61,72.1,0.2
2025-07-10,21.44,72.73,0.0
2025-07-11,22.95,72.3,0.2
2025-07-12,22.94,79.42,0.2
2025-07-13,23.0,81.2,0.0
2025-07-14,23.85,82.94,0.2
2025-07-15,24.35,82.08,0.2
2025-07-16,26.25,71.14,0.2
2025-07-17,24.85,80.22,0.2
2025-07-18,24.92,84.26,0.2
2025-07-19,24.03,80.83,0.2
2025-07-20,25.05,77.16,0.2
2025-07-21,25.33,75.03,0.2
2025-07-22,25.96,73.03,0.2
2025-07-23,25.28,81.32,0.2
2025-07-24,25.88,78.71,0.2
2025-07-25,27.81,70.03,0.2
2025-07-26,30.2,62.53,0.0
2025-07-27,26.51,77.15,0.4
2025-07-28,24.88,80.01,0.0
2025-07-29,24.13,83.79,0.2
2025-07-30,24.03,80.73,0.2
2025-07-31,23.52,84.64,0.0
2025-08-01,24.14,75.43,0.2
2025-08-02,24.53,80.43,0.2
2025-08-03,23.96,81.38,0.2
2025-08-04,23.44,78.17,0.2
2025-08-05,24.24,80.52,0.0
2025-08-06,24.45,80.42,0.2
2025-08-07,25.74,76.12,0.2
2025-08-08,28.08,64.31,0.0
2025-08-09,27.68,64.24,0.4
2025-08-10,27.26,53.93,0.6
2025-08-11,28.97,53.65,0.2
2025-08-12,30.74,50.54,0.2
2025-08-13,30.63,54.23,0.2
2025-08-14,24.73,73.97,0.2
2025-08-15,26.35,69.18,0.2
2025-08-16,26.0,64.35,0.4
2025-08-17,24.48,73.97,0.2
2025-08-18,24.7,79.72,0.0
2025-08-19,24.7,79.44,0.2
2025-08-20,25.18,81.42,0.2
2025-08-21,25.2,81.04,0.2
2025-08-22,25.13,85.44,0.2
2025-08-23,25.24,82.5,0.2
2025-08-24,24.76,79.7,0.2
2025-08-25,24.63,79.42,0.2
2025-08-26,23.89,78.33,0.2
2025-08-27,23.22,76.49,0.2
2025-08-28,23.76,70.83,0.2
2025-08-29,23.1,71.05,0.2
2025-08-30,23.67,79.42,0.0
2025-08-31,22.97,86.26,0.2
2025-09-01,22.48,81.81,0.2
2025-09-02,22.62,82.38,0.2
2025-09-03,23.36,76.81,0.2
2025-09-04,22.16,79.88,0.0
2025-09-05,22.57,82.13,0.0
2025-09-06,23.69,83.12,0.2
2025-09-07,22.95,83.03,0.0
2025-09-08,21.98,82.16,0.0
2025-09-09,22.83,84.95,0.0
2025-09-10,22.52,80.47,0.0
2025-09-11,21.97,83.61,0.0
2025-09-12,22.87,83.17,0.0
2025-09-13,23.57,76.13,0.2
2025-09-14,23.22,80.48,0.2
2025-09-15,23.21,82.04,0.0
2025-09-16,22.92,81.96,0.0
2025-09-17,22.62,86.72,0.0
2025-09-18,23.58,68.94,0.2
2025-09-19,20.36,66.09,0.0
2025-09-20,21.12,68.79,0.2
2025-09-21,20.72,73.12,0.0
2025-09-22,20.03,75.74,0.0
2025-09-23,20.37,81.58,0.0
2025-09-24,20.97,84.15,0.0
2025-09-25,21.99,84.19,0.0
2025-09-26,22.42,74.88,0.0
2025-09-27,22.08,71.41,0.0
2025-09-28,15.52,96.13,0.0
2025-09-29,17.47,89.16,0.2
2025-09-30,18.09,86.09,0.0
2025-10-01,18.52,83.52,0.0
2025-10-02,14.1,98.84,0.0
2025-10-03,10.37,98.06,0.0
2025-10-04,12.3,90.13,2.2
2025-10-05,15.42,84.08,0.0
2025-10-06,15.28,97.94,0.0
2025-10-07,12.73,88.76,0.0
2025-10-08,11.01,86.88,0.0
2025-10-09,13.18,82.69,1.4
2025-10-10,15.12,85.58,0.4
2025-10-11,15.68,89.49,0.0
2025-10-12,14.45,79.38,0.4
2025-10-13,14.56,85.6,1.6
2025-10-14,15.61,86.92,0.0
2025-10-15,16.03,86.24,1.2
2025-10-16,14.31,97.5,0.2
2025-10-17,13.2,99.85,38.2
2025-10-18,15.85,97.31,83.0
2025-10-19,15.61,97.23,0.0
2025-10-20,16.68,89.38,0.0
2025-10-21,16.51,88.74,0.0
2025-10-22,14.62,97.36,0.0
2025-10-23,15.74,97.08,0.0
2025-10-24,17.07,94.89,0.0
2025-10-25,14.66,91.28,0.0
2025-10-26,13.6,99.81,0.0
2025-10-27,16.92,95.15,0.0
2025-10-28,13.95,91.52,0.0
2025-10-29,13.98,88.69,0.0
2025-10-30,13.03,87.36,0.0
2025-10-31,13.61,91.46,0.0
2025-11-01,15.25,94.15,0.0
2025-11-02,15.15,89.54,0.0
2025-11-03,14.27,99.72,0.0
2025-11-04,14.25,99.92,0.0
2025-11-05,15.13,91.31,0.0
2025-11-06,13.7,87.78,0.0
2025-11-07,13.25,91.17,0.0
2025-11-08,14.48,98.37,0.0
2025-11-09,15.98,95.03,0.0
2025-11-10,13.02,99.9,0.0
2025-11-11,12.51,94.95,0.0
2025-11-12,11.75,91.48,0.0
2025-11-13,10.7,90.43,0.0
2025-11-14,10.98,92.53,0.0
2025-11-15,11.12,94.78,0.0
2025-11-16,10.51,92.98,0.0
2025-11-17,14.04,91.81,0.0
2025-11-18,19.5,87.05,0.0
2025-11-19,18.68,87.85,0.0
2025-11-20,14.14,94.9,0.0
2025-11-21,15.79,90.9,0.0
2025-11-22,11.88,100.0,0.0
2025-11-23,9.17,96.26,0.4
2025-11-24,6.71,93.6,6.4
2025-11-25,9.93,100.0,0.0
2025-11-26,12.89,97.41,0.0
2025-11-27,10.23,100.0,0.0
2025-11-28,8.16,100.0,0.0
2025-11-29,7.27,100.0,0.2
2025-11-30,7.32,99.55,0.4
2025-12-01,7.24,94.62,25.4
2025-12-02,8.88,94.63,2.0
2025-12-03,9.92,100.0,0.0
2025-12-04,9.92,100.0,0.0
2025-12-05,9.82,100.0,0.4
2025-12-06,9.14,100.0,0.0
2025-12-07,9.93,94.49,0.2
2025-12-08,9.93,93.44,0.0
2025-12-09,7.66,90.62,0.2
2025-12-10,7.02,93.6,0.0
2025-12-11,7.55,94.1,1.6
2025-12-12,7.3,94.31,0.0
2025-12-13,7.85,90.48,0.0
2025-12-14,6.95,91.81,0.0
2025-12-15,6.15,90.92,0.0
2025-12-16,4.58,96.43,0.0
2025-12-17,6.3,88.86,1.6
2025-12-18,6.44,90.84,0.2
2025-12-19,7.15,93.86,0.0
2025-12-20,6.52,96.75,0.0
2025-12-21,9.29,93.4,0.0
2025-12-22,9.27,97.78,0.0
2025-12-23,9.44,94.88,0.0
2025-12-24,7.82,100.0,0.0
2025-12-25,7.55,97.23,0.0
2025-12-26,8.92,96.17,1.0
2025-12-27,5.92,91.47,0.2
2025-12-28,4.65,91.1,0.0
2025-12-29,4.35,89.83,0.0
2025-12-30,6.21,95.01,0.0
2025-12-31,6.01,90.15,0.2
2026-01-01,0.83,82.72,0.0
2026-01-02,2.22,96.14,0.0
2026-01-03,10.28,99.67,0.0
2026-01-04,12.5,96.51,0.0
2026-01-05,13.08,87.53,0.0
2026-01-06,14.24,91.81,0.0
2026-01-07,13.92,97.34,0.0
2026-01-08,7.68,88.32,0.0
2026-01-09,1.62,100.0,0.0
2026-01-10,10.28,96.28,0.0
2026-01-11,6.26,93.17,0.0
2026-01-12,1.68,85.62,0.0
2026-01-13,0.88,87.05,0.0
2026-01-14,3.52,89.99,0.0
2026-01-15,5.91,92.48,0.0
2026-01-16,8.61,94.58,0.4
2026-01-17,9.11,81.85,0.0
2026-01-18,5.51,78.76,0.0
2026-01-19,4.22,78.95,0.4
2026-01-20,8.2,56.33,0.0
2026-01-21,7.71,87.72,0.0
2026-01-22,6.87,99.7,0.0
2026-01-23,8.85,94.67,0.0
2026-01-24,8.32,96.19,0.0
2026-01-25,12.18,90.08,0.0
2026-01-26,8.16,99.48,0.0
2026-01-27,6.93,95.72,0.0
2026-01-28,6.64,98.58,0.0
2026-01-29,9.16,99.92,0.0
2026-01-30,9.45,92.82,0.0
2026-01-31,9.46,93.12,0.0
2026-02-01,9.07,93.58,0.0
2026-02-02,6.94,92.22,0.0
2026-02-03,9.95,91.07,0.0
2026-02-04,11.01,86.52,0.0
2026-02-05,9.32,100.0,0.0
2026-02-06,10.38,99.9,0.0
2026-02-07,12.15,95.32,1.0
2026-02-08,10.32,97.32,0.0
2026-02-09,8.95,96.51,0.0
2026-02-10,10.07,94.33,0.0
2026-02-11,9.44,97.72,0.0
2026-02-12,9.86,99.7,0.0
2026-02-13,9.18,100.0,0.0
2026-02-14,11.59,94.42,0.0
2026-02-15,13.46,89.0,0.2
2026-02-16,10.94,96.38,0.0
2026-02-17,8.24,99.93,0.0
2026-02-18,7.12,82.74,0.0
2026-02-19,8.23,88.53,0.0
2026-02-20,12.35,90.87,0.0
2026-02-21,9.71,91.81,0.0
2026-02-22,8.52,83.62,0.0
2026-02-23,7.15,87.12,0.2
2026-02-24,9.16,91.53,0.0
2026-02-25,9.61,88.73,0.2
2026-02-26,8.6,84.32,0.0
2026-02-27,8.32,85.92,0.0
2026-02-28,8.99,87.41,0.0
2026-03-01,8.46,82.03,0.0
2026-03-02,9.05,90.92,0.0
2026-03-03,10.56,93.62,0.0
2026-03-04,11.36,89.55,0.0
2026-03-05,10.33,93.07,0.0
2026-03-06,10.42,86.49,0.0
2026-03-07,10.81,82.57,0.0
2026-03-08,10.7,87.87,0.0
2026-03-09,12.34,70.97,0.0
2026-03-10,8.85,77.49,0.0
2026-03-11,9.21,82.52,0.0
2026-03-12,10.4,90.47,0.0
2026-03-13,9.98,81.69,0.0
2026-03-14,8.58,78.09,0.0
2026-03-15,9.11,80.4,0.0
2026-03-16,10.88,82.4,0.0
2026-03-17,11.07,89.05,0.0
2026-03-18,12.91,73.36,0.0
2026-03-19,9.76,85.88,0.0
2026-03-20,9.84,81.56,0.0
2026-03-21,10.98,78.49,0.0
2026-03-22,9.4,80.74,0.0
2026-03-23,10.1,84.17,0.0
2026-03-24,10.26,85.38,0.0
2026-03-25,6.28,100.0,0.0
