date,temperature,humidity,rainfall
2015-02-19,5.68,27.75,1.0
2015-02-20,,,0.0
2015-02-21,,,0.0
2015-02-22,,,0.0
2015-02-23,,,0.0
2015-02-24,11.71,71.33,0.8
2015-02-25,9.79,86.85,23.4
2015-02-26,8.67,92.72,14.1
2015-02-27,10.52,88.12,10.8
2015-02-28,10.63,92.12,3.9
2015-03-01,11.2,84.85,2.1
2015-03-02,10.59,87.38,0.3
2015-03-03,13.4,89.46,7.8
2015-03-04,13.25,78.03,0.0
2015-03-05,13.79,79.08,10.4
2015-03-06,11.44,91.88,29.5
2015-03-07,11.31,64.85,0.3
2015-03-08,11.37,48.23,0.0
2015-03-09,11.73,50.3,0.0
2015-03-10,10.8,67.25,0.0
2015-03-11,9.82,85.47,1.2
2015-03-12,8.76,76.42,0.0
2015-03-13,7.28,84.25,0.0
2015-03-14,,,0.0
2015-03-15,13.15,66.25,0.0
2015-03-16,12.33,57.8,0.0
2015-03-17,12.57,45.59,0.0
2015-03-18,11.51,50.65,0.0
2015-03-19,9.99,79.85,7.2
2015-03-20,9.49,54.48,0.3
2015-03-21,8.22,47.81,0.0
2015-03-22,8.1,71.92,1.8
2015-03-23,13.51,84.51,1.8
2015-03-24,15.93,67.5,0.0
2015-03-25,12.63,81.97,13.5
2015-03-26,14.37,78.41,14.6
2015-03-27,12.53,96.09,30.1
2015-03-28,12.53,85.33,3.2
2015-03-29,13.65,79.47,0.4
2015-03-30,12.09,81.12,2.9
2015-03-31,13.18,81.35,0.1
2015-04-01,13.01,88.95,0.0
2015-04-02,13.5,71.91,0.0
2015-04-03,12.12,73.03,0.0
2015-04-04,12.57,60.23,0.0
2015-04-05,11.81,89.47,18.2
2015-04-06,14.43,76.25,7.0
2015-04-07,9.67,72.13,0.4
2015-04-08,10.15,64.19,0.0
2015-04-09,10.63,56.02,0.0
2015-04-10,12.33,60.0,0.0
2015-04-11,12.21,73.14,0.0
2015-04-12,12.4,82.52,0.0
2015-04-13,14.99,79.65,0.0
2015-04-14,14.44,79.24,0.6
2015-04-15,15.79,76.45,0.0
2015-04-16,15.32,76.4,0.0
2015-04-17,14.82,74.08,0.0
2015-04-18,16.53,67.32,0.0
2015-04-19,15.72,82.84,0.0
2015-04-20,16.29,77.24,0.0
2015-04-21,14.7,71.62,0.0
2015-04-22,15.94,61.01,0.0
2015-04-23,15.8,67.69,0.0
2015-04-24,15.97,81.67,0.4
2015-04-25,15.44,76.83,0.4
2015-04-26,16.94,72.22,0.0
2015-04-27,17.29,73.92,0.0
2015-04-28,17.45,74.99,0.0
2015-04-29,17.8,79.47,0.4
2015-04-30,16.4,83.12,0.0
2015-05-01,16.15,82.72,0.0
2015-05-02,15.87,82.72,0.0
2015-05-03,17.4,78.22,0.0
2015-05-04,19.36,74.4,0.0
2015-05-05,19.77,76.31,0.0
2015-05-06,20.78,72.88,0.0
2015-05-07,21.23,72.2,0.0
2015-05-08,21.99,74.91,0.0
2015-05-09,20.9,72.44,0.0
2015-05-10,20.41,58.46,0.0
2015-05-11,17.18,70.06,3.2
2015-05-12,20.47,42.59,0.0
2015-05-13,19.56,62.0,0.0
2015-05-14,19.26,77.24,0.0
2015-05-15,20.26,68.03,0.0
2015-05-16,21.59,62.02,0.0
2015-05-17,21.67,55.9,0.0
2015-05-18,20.89,71.17,0.0
2015-05-19,18.83,85.01,13.0
2015-05-20,19.13,84.42,5.0
2015-05-21,19.93,82.53,0.2
2015-05-22,21.8,73.1,0.0
2015-05-23,19.53,73.69,0.6
2015-05-24,17.68,75.15,0.0
2015-05-25,18.19,73.98,0.0
2015-05-26,18.89,75.31,0.0
2015-05-27,18.62,81.8,0.0
2015-05-28,17.66,85.97,2.2
2015-05-29,18.86,66.33,0.0
2015-05-30,18.58,73.1,0.0
2015-05-31,19.41,77.42,0.0
2015-06-01,21.08,71.72,0.0
2015-06-02,22.39,63.31,0.0
2015-06-03,22.77,59.41,0.0
2015-06-04,22.55,61.13,0.0
2015-06-05,24.06,59.97,0.0
2015-06-06,23.22,67.56,0.2
2015-06-07,22.49,58.39,0.2
2015-06-08,23.59,60.12,1.8
2015-06-09,19.82,89.64,5.2
2015-06-10,20.17,86.26,3.2
2015-06-11,22.37,78.85,0.2
2015-06-12,25.02,65.47,0.0
2015-06-13,24.54,70.01,0.0
2015-06-14,24.97,70.69,0.0
2015-06-15,24.21,71.35,0.0
2015-06-16,24.6,78.89,0.0
2015-06-17,24.97,74.6,0.0
2015-06-18,21.81,81.99,6.8
2015-06-19,21.95,73.83,0.2
2015-06-20,22.01,77.52,0.0
2015-06-21,22.3,76.19,0.0
2015-06-22,23.05,66.92,0.0
2015-06-23,21.54,68.63,0.0
2015-06-24,21.68,71.9,0.0
2015-06-25,22.76,75.14,0.0
2015-06-26,22.56,66.98,0.0
2015-06-27,21.55,64.71,0.0
2015-06-28,21.45,71.25,0.0
2015-06-29,23.28,67.57,0.0
2015-06-30,22.31,70.69,0.0
2015-07-01,22.08,73.16,1.4
2015-07-02,23.41,67.24,0.0
2015-07-03,25.58,65.37,0.0
2015-07-04,26.5,59.36,0.0
2015-07-05,25.44,66.91,0.0
2015-07-06,25.47,74.29,0.0
2015-07-07,27.24,69.42,0.0
2015-07-08,27.26,65.12,0.0
2015-07-09,26.27,72.97,0.0
2015-07-10,25.54,74.46,0.0
2015-07-11,25.64,75.51,0.0
2015-07-12,26.12,71.39,0.0
2015-07-13,25.94,67.69,0.0
2015-07-14,25.21,74.04,0.0
2015-07-15,28.32,63.15,0.0
2015-07-16,28.1,59.26,0.0
2015-07-17,28.75,56.39,0.0
2015-07-18,29.4,52.72,0.0
2015-07-19,30.91,37.06,0.0
2015-07-20,27.99,61.15,0.0
2015-07-21,30.88,57.61,0.0
2015-07-22,31.49,40.64,0.0
2015-07-23,28.55,51.32,0.0
2015-07-24,27.22,67.19,0.0
2015-07-25,26.87,74.72,0.0
2015-07-26,25.77,77.43,0.8
2015-07-27,26.83,78.03,0.0
2015-07-28,27.54,80.96,0.0
2015-07-29,28.71,75.85,0.0
2015-07-30,28.29,77.19,0.0
2015-07-31,28.63,75.99,0.0
2015-08-01,30.27,57.28,0.0
2015-08-02,30.35,58.73,0.0
2015-08-03,28.94,61.05,0.0
2015-08-04,25.82,70.95,8.6
2015-08-05,25.32,75.81,0.4
2015-08-06,29.55,49.81,0.0
2015-08-07,29.26,48.59,2.4
2015-08-08,27.9,45.61,0.0
2015-08-09,27.39,54.62,0.0
2015-08-10,25.42,65.51,0.2
2015-08-11,25.62,70.92,0.0
2015-08-12,25.05,76.81,0.2
2015-08-13,25.74,76.97,1.8
2015-08-14,26.34,70.87,6.0
2015-08-15,26.31,74.95,0.0
2015-08-16,26.83,75.06,0.6
2015-08-17,24.78,79.37,17.0
2015-08-18,24.93,74.92,0.0
2015-08-19,25.81,73.23,0.0
2015-08-20,25.3,75.84,0.0
2015-08-21,25.44,70.06,0.0
2015-08-22,24.7,73.03,0.0
2015-08-23,24.28,73.74,0.0
2015-08-24,25.08,70.69,0.0
2015-08-25,25.48,71.65,0.0
2015-08-26,26.24,68.19,0.0
2015-08-27,26.94,57.49,0.0
2015-08-28,25.63,61.83,0.0
2015-08-29,26.23,62.38,0.0
2015-08-30,27.59,46.04,0.0
2015-08-31,27.64,59.86,0.0
2015-09-01,26.75,56.85,0.0
2015-09-02,25.33,71.13,0.0
2015-09-03,25.72,80.57,0.0
2015-09-04,26.29,82.37,0.0
2015-09-05,26.49,74.1,0.0
2015-09-06,26.61,73.45,0.0
2015-09-07,26.04,72.09,0.0
2015-09-08,24.66,67.55,0.0
2015-09-09,23.01,76.51,5.6
2015-09-10,23.81,88.12,19.2
2015-09-11,22.83,85.49,31.2
2015-09-12,22.11,74.35,0.0
2015-09-13,23.69,68.74,0.0
2015-09-14,23.72,72.62,0.0
2015-09-15,24.13,75.79,0.0
2015-09-16,24.49,79.4,0.0
2015-09-17,25.24,81.4,0.0
2015-09-18,26.0,78.48,0.0
2015-09-19,27.05,66.38,0.0
2015-09-20,25.27,75.37,28.4
2015-09-21,18.4,93.76,8.6
2015-09-22,21.19,77.94,0.2
2015-09-23,22.19,80.28,0.0
2015-09-24,21.15,89.53,21.0
2015-09-25,19.21,98.86,13.8
2015-09-26,19.07,99.0,16.2
2015-09-27,19.82,86.06,0.2
2015-09-28,20.47,83.76,0.0
2015-09-29,20.82,80.92,0.0
2015-09-30,21.3,72.01,0.0
2015-10-01,19.75,65.56,0.0
2015-10-02,18.2,69.01,0.0
2015-10-03,19.03,72.72,0.0
2015-10-04,20.45,83.7,0.0
2015-10-05,20.13,85.6,0.0
2015-10-06,20.03,85.07,0.0
2015-10-07,19.5,91.77,5.4
2015-10-08,19.31,85.32,0.0
2015-10-09,19.79,82.18,0.0
2015-10-10,19.02,95.49,18.6
2015-10-11,22.33,85.74,6.8
2015-10-12,19.76,82.26,0.0
2015-10-13,17.03,84.24,0.0
2015-10-14,18.12,80.36,0.0
2015-10-15,19.39,81.9,0.0
2015-10-16,17.5,96.99,7.0
2015-10-17,19.11,94.48,12.4
2015-10-18,20.01,88.53,0.0
2015-10-19,20.97,87.95,0.0
2015-10-20,20.84,85.59,10.2
2015-10-21,20.04,91.65,16.2
2015-10-22,18.14,98.94,51.0
2015-10-23,17.44,80.69,0.4
2015-10-24,15.98,68.62,0.4
2015-10-25,14.86,70.91,0.0
2015-10-26,14.02,79.73,0.0
2015-10-27,14.5,77.39,0.0
2015-10-28,15.15,75.27,0.0
2015-10-29,13.9,73.76,0.0
2015-10-30,14.54,62.74,0.0
2015-10-31,16.07,52.24,0.0
2015-11-01,14.71,51.89,0.0
2015-11-02,13.73,59.93,0.0
2015-11-03,11.95,70.86,0.0
2015-11-04,12.36,72.16,0.0
2015-11-05,12.03,80.18,0.0
2015-11-06,12.37,82.0,0.0
2015-11-07,13.24,75.53,0.0
2015-11-08,13.4,76.32,0.0
2015-11-09,13.51,83.68,0.0
2015-11-10,14.74,84.92,0.0
2015-11-11,14.78,83.3,0.0
2015-11-12,15.47,86.35,0.0
2015-11-13,14.78,87.78,0.2
2015-11-14,14.55,90.74,0.0
2015-11-15,14.51,87.71,0.2
2015-11-16,13.78,89.1,0.0
2015-11-17,14.67,80.06,0.2
2015-11-18,14.39,89.15,0.0
2015-11-19,13.75,88.49,0.0
2015-11-20,15.84,89.94,0.0
2015-11-21,15.83,98.32,8.8
2015-11-22,18.38,86.32,20.8
2015-11-23,15.64,97.85,1.4
2015-11-24,16.03,93.85,13.4
2015-11-25,12.39,98.33,61.2
2015-11-26,11.46,98.88,27.8
2015-11-27,11.53,98.55,61.0
2015-11-28,11.35,95.71,17.6
2015-11-29,10.09,87.28,0.0
2015-11-30,7.62,87.72,0.2
2015-12-01,8.6,87.14,0.0
2015-12-02,9.59,85.38,0.0
2015-12-03,10.95,82.0,0.0
2015-12-04,11.55,84.03,0.0
2015-12-05,10.8,82.76,0.0
2015-12-06,9.56,86.6,0.0
2015-12-07,9.03,87.45,0.2
2015-12-08,8.48,85.19,0.2
2015-12-09,8.29,82.41,0.0
2015-12-10,9.33,80.41,0.0
2015-12-11,9.53,75.33,0.0
2015-12-12,7.17,73.51,0.0
2015-12-13,6.07,81.07,0.0
2015-12-14,6.73,84.51,0.0
2015-12-15,7.0,82.47,0.0
2015-12-16,7.72,75.69,0.0
2015-12-17,10.67,52.71,0.0
2015-12-18,7.4,68.74,0.0
2015-12-19,6.31,76.26,0.0
2015-12-20,8.76,75.26,0.0
2015-12-21,7.87,73.84,0.0
2015-12-22,7.34,83.77,0.0
2015-12-23,7.68,81.92,0.0
2015-12-24,7.79,85.85,0.0
2015-12-25,7.81,89.57,0.0
2015-12-26,8.96,80.15,0.0
2015-12-27,8.05,78.83,0.0
2015-12-28,7.81,82.14,0.0
2015-12-29,7.87,88.89,0.0
2015-12-30,9.64,67.76,0.2
2015-12-31,5.5,48.06,0.0
2016-01-01,3.35,58.69,0.0
2016-01-02,6.24,72.33,0.0
2016-01-03,9.19,95.26,82.6
2016-01-04,10.08,96.66,48.8
2016-01-05,14.19,99.0,16.0
2016-01-06,15.46,96.63,14.2
2016-01-07,9.49,87.97,6.0
2016-01-08,8.56,86.21,0.0
2016-01-09,11.37,93.42,0.0
2016-01-10,12.78,98.69,10.4
2016-01-11,12.9,93.17,0.4
2016-01-12,14.2,92.97,0.0
2016-01-13,9.88,95.24,6.8
2016-01-14,6.91,85.99,0.4
2016-01-15,10.38,96.91,21.0
2016-01-16,12.62,98.78,90.2
2016-01-17,7.63,98.62,14.8
2016-01-18,4.18,80.44,0.0
2016-01-19,3.62,73.58,1.0
2016-01-20,5.92,86.44,12.0
2016-01-21,6.2,83.82,0.0
2016-01-22,7.71,79.9,0.0
2016-01-23,6.21,61.39,0.0
2016-01-24,4.16,60.97,0.0
2016-01-25,5.09,70.86,0.0
2016-01-26,6.52,81.76,0.0
2016-01-27,9.24,84.12,0.0
2016-01-28,9.24,91.18,0.0
2016-01-29,7.99,98.03,0.0
2016-01-30,9.02,84.54,0.2
2016-01-31,9.07,91.28,0.0
2016-02-01,12.22,90.38,0.0
2016-02-02,11.27,84.4,0.2
2016-02-03,11.51,89.38,0.0
2016-02-04,12.08,97.34,14.4
2016-02-05,8.05,73.53,0.0
2016-02-06,5.51,68.39,0.0
2016-02-07,6.75,76.74,0.0
2016-02-08,7.81,82.22,0.0
2016-02-09,8.84,95.91,0.6
2016-02-10,12.52,95.99,4.0
2016-02-11,11.46,86.08,10.6
2016-02-12,13.39,99.0,25.8
2016-02-13,14.75,98.14,8.2
2016-02-14,14.91,98.47,26.0
2016-02-15,16.71,83.6,0.8
2016-02-16,17.6,61.97,0.0
2016-02-17,16.7,69.74,0.0
2016-02-18,16.92,69.4,10.4
2016-02-19,13.9,89.68,1.8
2016-02-20,10.35,91.74,8.0
2016-02-21,9.35,81.63,0.0
2016-02-22,10.7,85.95,0.0
2016-02-23,12.64,85.88,0.0
2016-02-24,13.31,95.3,0.8
2016-02-25,12.45,88.47,0.2
2016-02-26,11.63,90.58,11.0
2016-02-27,12.67,86.52,0.0
2016-02-28,14.34,74.53,0.0
2016-02-29,16.17,74.01,0.0
2016-03-01,13.62,80.76,0.0
2016-03-02,11.52,91.68,13.8
2016-03-03,10.11,94.43,12.0
2016-03-04,7.15,98.97,15.8
2016-03-05,8.89,82.92,0.6
2016-03-06,12.8,77.73,0.0
2016-03-07,13.16,83.5,29.6
2016-03-08,10.76,86.37,0.2
2016-03-09,11.0,85.51,0.0
2016-03-10,9.28,90.49,6.6
2016-03-11,10.3,91.57,4.6
2016-03-12,11.92,84.28,22.8
2016-03-13,11.13,93.28,4.6
2016-03-14,11.38,85.26,1.8
2016-03-15,10.05,95.24,0.2
2016-03-16,11.57,75.65,0.0
2016-03-17,11.21,76.04,0.6
2016-03-18,11.15,93.78,7.4
2016-03-19,12.76,87.5,3.0
2016-03-20,12.24,86.74,0.2
2016-03-21,12.6,82.67,0.0
2016-03-22,15.96,68.23,0.0
2016-03-23,17.49,66.53,9.0
2016-03-24,13.33,92.13,31.2
2016-03-25,10.74,82.22,4.4
2016-03-26,10.01,69.41,0.0
2016-03-27,9.45,86.58,1.0
2016-03-28,10.13,79.16,0.2
2016-03-29,11.45,89.39,0.0
2016-03-30,13.86,85.85,0.0
2016-03-31,14.27,80.51,0.0
2016-04-01,13.91,86.08,0.0
2016-04-02,13.97,90.84,0.2
2016-04-03,16.08,82.4,0.0
2016-04-04,16.78,81.32,0.0
2016-04-05,16.05,84.73,0.2
2016-04-06,16.98,80.4,0.0
2016-04-07,19.72,66.3,0.0
2016-04-08,18.61,72.05,0.0
2016-04-09,16.99,90.6,4.0
2016-04-10,13.83,89.81,19.8
2016-04-11,14.18,87.64,0.0
2016-04-12,15.34,87.15,0.2
2016-04-13,16.38,83.84,0.0
2016-04-14,17.92,75.09,0.0
2016-04-15,16.26,81.94,0.0
2016-04-16,16.55,80.03,0.0
2016-04-17,16.87,78.05,0.0
2016-04-18,17.5,75.12,0.0
2016-04-19,19.94,65.83,0.0
2016-04-20,18.09,78.38,0.0
2016-04-21,19.1,55.21,0.0
2016-04-22,17.57,71.76,0.0
2016-04-23,18.09,84.39,0.0
2016-04-24,17.38,83.7,8.2
2016-04-25,15.14,84.95,4.0
2016-04-26,13.17,74.81,0.2
2016-04-27,13.49,76.7,0.0
2016-04-28,16.92,77.92,0.0
2016-04-29,17.83,87.83,1.2
2016-04-30,18.77,77.83,0.0
2016-05-01,18.01,80.6,6.4
2016-05-02,16.0,90.85,39.4
2016-05-03,13.76,87.19,1.4
2016-05-04,14.92,88.36,1.6
2016-05-05,16.57,74.35,0.0
2016-05-06,16.94,75.78,0.0
2016-05-07,16.88,77.26,0.0
2016-05-08,17.39,74.4,0.0
2016-05-09,18.5,73.28,0.0
2016-05-10,17.84,77.09,0.0
2016-05-11,19.16,72.57,0.0
2016-05-12,18.03,94.57,7.4
2016-05-13,19.71,82.26,0.0
2016-05-14,17.84,76.19,0.0
2016-05-15,17.82,81.85,0.0
2016-05-16,18.05,83.72,0.2
2016-05-17,17.26,77.23,0.0
2016-05-18,17.25,78.13,0.0
2016-05-19,16.82,83.28,0.0
2016-05-20,15.67,96.26,6.8
2016-05-21,14.54,97.97,34.0
2016-05-22,17.66,77.59,0.0
2016-05-23,18.36,72.98,0.0
2016-05-24,18.23,77.28,0.0
2016-05-25,17.6,74.4,0.0
2016-05-26,18.54,83.69,0.0
2016-05-27,20.27,84.21,0.0
2016-05-28,21.34,81.36,0.0
2016-05-29,21.52,71.56,0.0
2016-05-30,22.69,68.37,0.0
2016-05-31,21.06,83.54,0.0
2016-06-01,20.92,84.75,0.0
2016-06-02,21.04,80.83,0.0
2016-06-03,20.66,82.49,0.0
2016-06-04,20.43,80.72,0.0
2016-06-05,20.38,85.23,0.0
2016-06-06,21.31,84.94,0.0
2016-06-07,21.06,86.62,0.2
2016-06-08,21.24,81.37,5.4
2016-06-09,21.22,81.77,0.0
2016-06-10,20.9,82.29,0.0
2016-06-11,21.34,81.17,0.0
2016-06-12,21.85,79.8,0.0
2016-06-13,20.64,92.33,71.8
2016-06-14,21.15,87.1,3.2
2016-06-15,22.04,82.12,0.0
2016-06-16,24.09,76.21,0.0
2016-06-17,26.35,72.49,0.0
2016-06-18,26.43,76.62,0.0
2016-06-19,24.26,85.89,0.0
2016-06-20,25.17,85.65,0.0
2016-06-21,26.1,87.09,0.0
2016-06-22,28.58,66.02,0.0
2016-06-23,29.4,61.91,0.0
2016-06-24,30.36,51.74,0.0
2016-06-25,27.6,60.88,0.0
2016-06-26,22.74,90.85,0.4
2016-06-27,24.77,86.38,0.0
2016-06-28,24.39,88.56,7.0
2016-06-29,24.84,76.22,0.2
2016-06-30,24.72,82.56,0.0
2016-07-01,24.71,87.88,0.0
2016-07-02,24.83,83.19,0.0
2016-07-03,25.01,87.94,0.0
2016-07-04,27.64,74.3,0.0
2016-07-05,28.06,74.76,0.0
2016-07-06,26.14,84.53,0.0
2016-07-07,27.5,73.12,0.0
2016-07-08,27.19,69.57,0.0
2016-07-09,26.13,73.88,0.0
2016-07-10,27.36,71.96,0.0
2016-07-11,27.49,70.9,0.0
2016-07-12,27.62,72.06,0.0
2016-07-13,27.23,79.66,0.0
2016-07-14,26.99,81.76,0.0
2016-07-15,26.47,78.83,9.8
2016-07-16,23.49,73.56,0.0
2016-07-17,22.58,72.47,0.0
2016-07-18,23.67,74.07,0.0
2016-07-19,25.34,63.76,0.0
2016-07-20,26.07,63.38,0.0
2016-07-21,25.82,69.83,0.0
2016-07-22,25.68,75.03,0.0
2016-07-23,25.59,81.59,0.0
2016-07-24,26.83,80.06,0.0
2016-07-25,26.54,86.82,0.0
2016-07-26,27.38,70.49,0.0
2016-07-27,27.21,65.06,0.0
2016-07-28,26.75,75.07,0.0
2016-07-29,26.99,77.58,0.0
2016-07-30,27.45,77.47,0.0
2016-07-31,27.89,78.69,0.0
2016-08-01,28.0,76.85,0.0
2016-08-02,26.72,83.97,0.0
2016-08-03,27.29,82.99,0.0
2016-08-04,28.87,66.47,0.0
2016-08-05,28.57,64.72,0.0
2016-08-06,27.5,77.4,0.0
2016-08-07,28.15,69.81,0.0
2016-08-08,26.35,73.57,0.0
2016-08-09,26.01,73.32,0.0
2016-08-10,26.52,76.92,0.0
2016-08-11,26.2,84.88,0.0
2016-08-12,25.77,76.57,0.0
2016-08-13,25.99,61.31,0.0
2016-08-14,24.64,61.45,0.0
2016-08-15,24.51,69.39,0.0
2016-08-16,24.72,73.37,0.0
2016-08-17,23.81,81.4,0.0
2016-08-18,23.86,75.72,0.0
2016-08-19,24.88,82.74,0.0
2016-08-20,26.09,76.58,0.0
2016-08-21,27.47,70.47,0.0
2016-08-22,26.6,75.53,0.0
2016-08-23,24.07,81.26,0.8
2016-08-24,26.25,68.1,0.0
2016-08-25,27.12,64.4,0.0
2016-08-26,28.2,42.03,0.0
2016-08-27,25.26,57.22,0.0
2016-08-28,24.71,68.62,0.0
2016-08-29,24.05,81.7,0.0
2016-08-30,24.82,84.47,0.0
2016-08-31,25.3,81.83,0.0
2016-09-01,24.9,80.49,0.0
2016-09-02,24.19,77.4,0.0
2016-09-03,24.94,71.99,0.0
2016-09-04,25.36,64.05,0.0
2016-09-05,24.31,77.28,0.0
2016-09-06,20.22,98.24,28.0
2016-09-07,22.99,88.14,29.4
2016-09-08,20.56,95.28,56.2
2016-09-09,22.55,87.38,0.0
2016-09-10,22.03,89.83,7.6
2016-09-11,22.57,84.92,2.4
2016-09-12,22.73,83.9,3.0
2016-09-13,22.72,75.83,0.0
2016-09-14,21.46,83.08,12.6
2016-09-15,21.76,85.12,0.2
2016-09-16,23.27,86.6,0.0
2016-09-17,23.84,84.56,0.0
2016-09-18,21.91,94.84,0.0
2016-09-19,20.72,96.35,34.6
2016-09-20,20.01,87.17,0.2
2016-09-21,20.59,86.3,0.0
2016-09-22,20.25,89.98,6.0
2016-09-23,19.36,76.56,0.0
2016-09-24,19.49,70.2,0.0
2016-09-25,19.04,68.69,0.0
2016-09-26,19.3,72.17,0.0
2016-09-27,20.09,72.49,0.0
2016-09-28,20.21,64.45,0.0
2016-09-29,19.52,72.5,0.0
2016-09-30,18.79,81.67,0.0
2016-10-01,19.23,84.28,0.0
2016-10-02,19.95,84.4,0.0
2016-10-03,21.32,88.45,0.0
2016-10-04,20.6,86.78,0.0
2016-10-05,18.06,81.28,0.0
2016-10-06,16.54,82.22,0.0
2016-10-07,15.82,89.99,31.8
2016-10-08,17.46,88.15,3.8
2016-10-09,16.64,84.38,0.0
2016-10-10,15.87,99.54,17.6
2016-10-11,17.59,96.24,26.2
2016-10-12,17.37,85.18,10.6
2016-10-13,14.29,83.01,0.0
2016-10-14,17.09,77.4,0.0
2016-10-15,19.04,83.15,0.0
2016-10-16,18.47,86.11,0.0
2016-10-17,19.56,72.85,0.0
2016-10-18,16.82,69.24,0.0
2016-10-19,14.31,85.38,0.0
2016-10-20,17.22,86.4,4.8
2016-10-21,16.67,99.51,6.0
2016-10-22,18.35,96.01,105.0
2016-10-23,19.38,90.85,2.0
2016-10-24,19.41,85.24,0.0
2016-10-25,17.89,82.24,0.0
2016-10-26,16.97,90.74,0.0
2016-10-27,17.28,91.66,0.0
2016-10-28,16.35,64.22,0.2
2016-10-29,16.61,74.3,0.4
2016-10-30,16.1,97.48,0.8
2016-10-31,15.07,68.68,0.0
2016-11-01,12.06,66.19,0.0
2016-11-02,12.33,82.0,0.0
2016-11-03,12.99,96.2,1.0
2016-11-04,17.01,90.4,0.2
2016-11-05,16.01,90.14,0.0
2016-11-06,16.58,92.43,0.0
2016-11-07,19.88,95.39,0.0
2016-11-08,20.04,95.03,18.0
2016-11-09,14.15,99.03,59.6
2016-11-10,12.52,99.11,12.0
2016-11-11,14.45,94.82,3.0
2016-11-12,13.29,99.85,25.8
2016-11-13,10.63,88.51,0.4
2016-11-14,10.08,89.06,0.2
2016-11-15,10.72,94.02,0.6
2016-11-16,9.03,88.69,0.0
2016-11-17,8.95,85.96,0.0
2016-11-18,10.4,85.67,0.0
2016-11-19,11.81,86.19,0.0
2016-11-20,11.77,84.14,0.0
2016-11-21,12.91,77.03,0.0
2016-11-22,11.66,80.61,0.0
2016-11-23,10.65,84.66,0.0
2016-11-24,10.94,88.17,0.0
2016-11-25,11.01,93.12,0.0
2016-11-26,12.37,98.89,13.2
2016-11-27,14.07,99.16,14.8
2016-11-28,11.95,97.92,23.6
2016-11-29,10.2,86.56,1.4
2016-11-30,6.84,63.94,1.2
2016-12-01,3.63,79.74,0.0
2016-12-02,7.13,85.85,0.0
2016-12-03,12.43,93.76,8.8
2016-12-04,12.07,95.76,0.2
2016-12-05,12.48,74.75,0.0
2016-12-06,10.45,89.63,0.0
2016-12-07,12.04,81.65,0.0
2016-12-08,9.56,70.73,0.0
2016-12-09,7.41,85.01,0.0
2016-12-10,7.37,87.08,0.0
2016-12-11,8.3,89.86,0.0
2016-12-12,9.03,96.29,0.0
2016-12-13,7.55,68.92,0.0
2016-12-14,4.16,60.47,0.0
2016-12-15,6.3,81.02,0.0
2016-12-16,8.04,56.35,0.0
2016-12-17,5.8,57.38,0.0
2016-12-18,3.16,73.03,0.0
2016-12-19,4.55,77.94,0.0
2016-12-20,4.36,79.86,0.0
2016-12-21,6.24,62.99,0.0
2016-12-22,4.59,59.01,0.0
2016-12-23,3.7,69.5,0.0
2016-12-24,5.27,71.78,0.0
2016-12-25,4.74,83.07,0.0
2016-12-26,5.97,80.62,0.0
2016-12-27,8.15,81.88,0.0
2016-12-28,7.45,60.69,0.0
2016-12-29,5.0,46.36,0.0
2016-12-30,3.95,40.22,0.0
2016-12-31,1.51,64.83,0.0
2017-01-01,4.08,77.7,0.0
2017-01-02,4.7,86.25,0.0
2017-01-03,6.34,85.37,0.8
2017-01-04,8.32,99.99,7.6
2017-01-05,8.9,99.26,31.8
2017-01-06,5.59,81.91,0.4
2017-01-07,0.47,68.43,0.2
2017-01-08,-0.73,66.28,0.0
2017-01-09,0.16,60.43,0.0
2017-01-10,0.51,76.12,0.0
2017-01-11,2.23,98.74,8.8
2017-01-12,2.67,90.22,0.2
2017-01-13,4.55,92.34,4.8
2017-01-14,8.54,95.89,13.8
2017-01-15,5.59,82.37,0.6
2017-01-16,6.01,99.44,19.0
2017-01-17,7.24,99.45,19.4
2017-01-18,7.21,99.33,22.8
2017-01-19,7.25,98.81,13.8
2017-01-20,8.91,71.24,0.0
2017-01-21,6.33,76.7,0.0
2017-01-22,6.67,71.49,0.0
2017-01-23,7.5,70.23,0.0
2017-01-24,7.12,94.55,9.8
2017-01-25,7.54,85.6,0.0
2017-01-26,7.34,78.63,0.0
2017-01-27,6.47,68.58,0.0
2017-01-28,6.21,80.95,0.0
2017-01-29,7.35,82.98,0.2
2017-01-30,8.48,74.2,0.0
2017-01-31,8.47,73.74,0.0
2017-02-01,9.62,91.65,0.2
2017-02-02,11.01,88.4,0.0
2017-02-03,10.63,94.17,4.0
2017-02-04,12.87,96.03,10.0
2017-02-05,14.5,94.28,0.0
2017-02-06,13.92,88.86,4.6
2017-02-07,9.3,94.5,5.4
2017-02-08,9.69,81.5,0.0
2017-02-09,10.8,73.6,0.0
2017-02-10,11.38,59.22,0.0
2017-02-11,10.83,54.0,0.0
2017-02-12,8.75,59.22,0.0
2017-02-13,7.37,59.69,0.0
2017-02-14,5.77,60.98,0.0
2017-02-15,6.33,71.08,0.0
2017-02-16,8.28,75.16,0.0
2017-02-17,8.49,85.53,0.0
2017-02-18,10.65,91.05,0.0
2017-02-19,9.87,100.0,87.6
2017-02-20,9.18,93.06,0.8
2017-02-21,8.42,84.53,0.0
2017-02-22,9.02,83.68,0.0
2017-02-23,9.54,86.18,0.0
2017-02-24,11.55,84.53,0.0
2017-02-25,12.68,91.97,1.2
2017-02-26,14.02,89.42,2.4
2017-02-27,14.9,83.49,1.4
2017-02-28,12.38,91.83,0.0
2017-03-01,11.08,94.76,7.4
2017-03-02,9.77,85.22,0.0
2017-03-03,10.7,84.45,0.0
2017-03-04,11.78,78.9,0.0
2017-03-05,11.65,83.47,0.0
2017-03-06,10.5,99.19,11.0
2017-03-07,10.73,92.86,21.0
2017-03-08,12.31,80.03,0.6
2017-03-09,13.37,69.69,0.0
2017-03-10,11.99,84.88,0.0
2017-03-11,11.04,73.62,0.0
2017-03-12,10.95,73.92,0.0
2017-03-13,9.19,80.94,0.0
2017-03-14,10.25,76.69,0.0
2017-03-15,11.92,77.86,0.0
2017-03-16,9.73,81.71,0.0
2017-03-17,10.4,80.34,0.0
2017-03-18,11.43,84.49,0.0
2017-03-19,12.25,87.35,0.0
2017-03-20,13.44,85.22,0.0
2017-03-21,13.75,86.15,0.0
2017-03-22,15.39,87.74,0.0
2017-03-23,14.84,79.54,0.0
2017-03-24,14.99,79.01,0.0
2017-03-25,14.32,91.16,0.0
2017-03-26,15.45,88.91,0.0
2017-03-27,14.75,72.73,0.0
2017-03-28,13.84,57.46,0.0
2017-03-29,13.07,69.88,0.0
2017-03-30,14.05,77.42,0.0
2017-03-31,16.47,68.56,0.0
2017-04-01,14.65,77.36,0.0
2017-04-02,14.55,71.09,0.0
2017-04-03,12.28,89.94,11.2
2017-04-04,13.82,82.95,0.0
2017-04-05,15.04,79.92,0.0
2017-04-06,14.42,87.79,0.0
2017-04-07,12.84,88.74,0.2
2017-04-08,13.07,73.49,0.0
2017-04-09,15.01,69.83,0.0
2017-04-10,15.23,75.17,0.0
2017-04-11,15.1,78.51,0.0
2017-04-12,15.34,81.02,0.2
2017-04-13,15.91,81.59,0.0
2017-04-14,15.53,86.19,0.0
2017-04-15,15.51,81.35,0.0
2017-04-16,15.34,85.5,0.0
2017-04-17,14.56,95.37,25.2
2017-04-18,14.28,82.13,0.2
2017-04-19,16.59,92.44,4.4
2017-04-20,13.59,66.83,0.0
2017-04-21,10.75,68.42,0.0
2017-04-22,11.97,67.87,0.0
2017-04-23,11.72,76.25,0.0
2017-04-24,13.51,79.56,0.0
2017-04-25,15.17,78.99,0.0
2017-04-26,15.84,71.05,0.0
2017-04-27,16.23,67.85,0.0
2017-04-28,17.4,64.17,0.0
2017-04-29,18.86,66.85,0.0
2017-04-30,19.1,75.11,0.0
2017-05-01,18.26,85.83,0.0
2017-05-02,18.73,87.8,0.0
2017-05-03,18.1,90.05,0.0
2017-05-04,18.11,86.06,0.0
2017-05-05,17.56,82.62,0.0
2017-05-06,18.99,82.72,0.0
2017-05-07,17.99,86.61,0.0
2017-05-08,17.74,81.9,0.0
2017-05-09,17.28,82.99,0.0
2017-05-10,17.55,81.6,0.0
2017-05-11,18.41,77.14,0.0
2017-05-12,22.23,59.99,0.0
2017-05-13,22.84,69.56,0.0
2017-05-14,20.7,81.01,0.0
2017-05-15,20.77,78.47,0.0
2017-05-16,16.71,98.35,1.4
2017-05-17,17.65,80.16,0.0
2017-05-18,18.56,58.78,0.2
2017-05-19,18.04,76.68,3.0
2017-05-20,19.11,84.48,0.2
2017-05-21,16.7,91.5,1.6
2017-05-22,19.57,76.36,0.2
2017-05-23,20.9,81.31,0.0
2017-05-24,20.02,81.88,0.2
2017-05-25,19.4,85.22,0.0
2017-05-26,17.16,85.01,0.0
2017-05-27,17.47,85.84,3.2
2017-05-28,19.7,68.19,0.0
2017-05-29,20.33,69.28,0.0
2017-05-30,19.97,78.36,0.0
2017-05-31,20.43,83.33,0.0
2017-06-01,21.6,84.57,0.0
2017-06-02,22.08,78.83,0.0
2017-06-03,21.77,79.08,0.0
2017-06-04,22.84,82.81,0.0
2017-06-05,24.18,76.4,0.0
2017-06-06,24.06,75.66,0.0
2017-06-07,25.02,75.72,0.0
2017-06-08,23.4,79.34,13.8
2017-06-09,22.81,84.67,0.0
2017-06-10,23.04,81.32,0.0
2017-06-11,19.57,90.83,8.2
2017-06-12,22.79,72.51,0.0
2017-06-13,23.26,76.54,0.0
2017-06-14,24.18,83.31,0.0
2017-06-15,24.76,80.03,0.0
2017-06-16,24.67,80.48,0.0
2017-06-17,24.35,85.82,0.0
2017-06-18,24.16,57.26,0.0
2017-06-19,22.27,59.84,0.0
2017-06-20,23.71,64.69,0.0
2017-06-21,23.27,76.86,0.0
2017-06-22,24.48,78.97,0.0
2017-06-23,25.29,79.95,0.0
2017-06-24,25.62,81.94,0.0
2017-06-25,26.17,76.34,0.0
2017-06-26,26.38,75.78,0.0
2017-06-27,26.28,78.99,0.0
2017-06-28,26.89,70.67,0.0
2017-06-29,28.37,59.67,0.0
2017-06-30,28.44,64.65,0.0
2017-07-01,29.15,60.51,0.0
2017-07-02,26.42,73.72,0.0
2017-07-03,25.05,69.33,0.0
2017-07-04,25.44,57.72,0.0
2017-07-05,26.28,59.19,0.0
2017-07-06,26.09,67.59,0.0
2017-07-07,27.38,62.24,0.0
2017-07-08,26.6,70.62,0.0
2017-07-09,27.09,73.03,0.0
2017-07-10,27.65,69.76,0.0
2017-07-11,27.35,72.49,0.0
2017-07-12,27.43,73.78,0.0
2017-07-13,27.29,74.38,0.0
2017-07-14,28.3,73.0,0.0
2017-07-15,27.44,73.72,0.0
2017-07-16,25.1,75.31,16.6
2017-07-17,21.4,79.9,0.0
2017-07-18,24.8,64.51,0.0
2017-07-19,24.96,69.07,0.0
2017-07-20,24.99,77.82,1.2
2017-07-21,25.88,76.94,0.0
2017-07-22,26.66,76.16,0.0
2017-07-23,27.18,67.08,0.0
2017-07-24,26.03,76.38,0.0
2017-07-25,26.06,79.03,0.0
2017-07-26,25.5,75.65,0.0
2017-07-27,23.72,77.25,0.0
2017-07-28,24.05,77.0,0.0
2017-07-29,25.71,74.37,0.0
2017-07-30,26.52,74.87,0.0
2017-07-31,27.19,75.24,0.0
2017-08-01,29.21,56.75,0.0
2017-08-02,27.49,63.15,0.0
2017-08-03,28.21,64.44,0.0
2017-08-04,27.97,64.72,0.0
2017-08-05,27.47,69.73,0.0
2017-08-06,29.25,66.66,0.0
2017-08-07,28.87,73.84,0.0
2017-08-08,30.38,63.99,0.0
2017-08-09,31.99,54.15,0.0
2017-08-10,31.61,54.42,0.0
2017-08-11,29.09,72.85,0.0
2017-08-12,27.63,74.2,0.0
2017-08-13,24.31,72.46,0.0
2017-08-14,24.57,70.16,0.0
2017-08-15,25.73,69.8,0.0
2017-08-16,26.86,70.76,0.0
2017-08-17,27.91,63.94,0.0
2017-08-18,28.02,56.85,0.0
2017-08-19,27.97,57.74,0.0
2017-08-20,26.41,70.81,0.0
2017-08-21,25.5,80.14,0.0
2017-08-22,25.05,74.11,0.0
2017-08-23,24.82,71.41,0.0
2017-08-24,25.03,74.06,0.0
2017-08-25,25.49,65.64,0.0
2017-08-26,24.99,66.08,0.0
2017-08-27,24.98,64.15,0.0
2017-08-28,24.76,69.56,0.0
2017-08-29,24.6,77.68,0.0
2017-08-30,26.03,54.71,0.0
2017-08-31,23.35,73.56,0.0
2017-09-01,23.6,84.15,0.0
2017-09-02,23.98,80.76,0.0
2017-09-03,24.43,77.1,0.0
2017-09-04,22.35,71.59,0.0
2017-09-05,21.27,69.97,0.0
2017-09-06,21.16,69.53,0.0
2017-09-07,22.74,73.16,0.0
2017-09-08,23.41,80.72,2.8
2017-09-09,21.47,95.31,5.4
2017-09-10,23.77,83.88,0.0
2017-09-11,24.85,73.96,0.0
2017-09-12,22.88,83.27,1.2
2017-09-13,22.84,73.42,0.0
2017-09-14,21.58,75.64,0.0
2017-09-15,21.36,80.15,0.0
2017-09-16,21.82,77.82,0.0
2017-09-17,22.36,82.65,0.0
2017-09-18,22.87,84.15,0.0
2017-09-19,22.83,81.86,0.0
2017-09-20,21.3,83.72,6.2
2017-09-21,17.46,78.53,0.2
2017-09-22,17.61,67.04,0.0
2017-09-23,17.98,66.85,0.0
2017-09-24,19.16,74.99,0.0
2017-09-25,19.01,82.38,1.4
2017-09-26,19.45,80.3,0.2
2017-09-27,19.31,83.31,0.0
2017-09-28,20.06,78.88,0.6
2017-09-29,20.15,59.15,0.0
2017-09-30,19.24,58.83,0.0
2017-10-01,18.61,66.1,0.0
2017-10-02,18.79,74.78,0.0
2017-10-03,18.57,78.76,0.0
2017-10-04,19.03,79.92,0.0
2017-10-05,19.19,84.17,0.0
2017-10-06,19.79,86.48,0.0
2017-10-07,17.89,86.51,6.0
2017-10-08,14.02,69.73,0.0
2017-10-09,14.5,76.35,0.0
2017-10-10,16.19,73.78,0.0
2017-10-11,17.5,68.73,0.0
2017-10-12,17.65,76.76,0.0
2017-10-13,17.94,78.35,0.0
2017-10-14,18.1,73.77,0.0
2017-10-15,18.04,74.65,0.0
2017-10-16,18.66,76.13,0.0
2017-10-17,19.15,75.4,0.0
2017-10-18,17.5,74.15,0.0
2017-10-19,16.7,84.77,0.0
2017-10-20,17.32,88.0,0.0
2017-10-21,17.87,89.02,0.0
2017-10-22,17.92,89.34,0.0
2017-10-23,15.24,99.35,19.6
2017-10-24,13.11,90.08,0.4
2017-10-25,16.13,65.19,0.0
2017-10-26,14.98,79.2,0.0
2017-10-27,14.44,82.88,0.0
2017-10-28,13.8,80.78,0.2
2017-10-29,12.7,72.55,0.0
2017-10-30,14.67,83.19,0.0
2017-10-31,15.27,79.13,0.0
2017-11-01,14.84,77.42,0.0
2017-11-02,13.53,84.67,0.0
2017-11-03,12.89,88.92,0.0
2017-11-04,14.42,69.01,0.0
2017-11-05,11.86,76.3,0.0
2017-11-06,14.36,79.46,6.6
2017-11-07,15.84,90.72,1.6
2017-11-08,13.77,97.76,16.6
2017-11-09,13.93,92.24,2.4
2017-11-10,13.18,86.28,0.2
2017-11-11,14.23,92.04,19.4
2017-11-12,17.52,88.53,0.0
2017-11-13,15.61,89.28,0.0
2017-11-14,14.58,99.19,15.8
2017-11-15,14.37,96.99,18.0
2017-11-16,15.32,92.42,39.4
2017-11-17,14.3,96.75,6.2
2017-11-18,14.6,93.52,3.4
2017-11-19,14.72,88.25,5.0
2017-11-20,10.3,80.26,0.4
2017-11-21,7.85,75.93,0.0
2017-11-22,7.69,84.0,0.0
2017-11-23,8.9,86.12,0.0
2017-11-24,9.77,89.3,0.0
2017-11-25,10.22,91.23,0.0
2017-11-26,10.65,96.22,42.8
2017-11-27,11.49,97.77,24.0
2017-11-28,8.3,86.37,0.6
2017-11-29,7.7,87.03,0.4
2017-11-30,14.59,100.0,14.8
2017-12-01,16.3,99.62,49.8
2017-12-02,14.4,100.0,28.2
2017-12-03,13.45,92.27,4.8
2017-12-04,9.45,96.04,11.6
2017-12-05,6.92,83.49,0.6
2017-12-06,4.59,82.42,0.0
2017-12-07,5.85,86.33,0.0
2017-12-08,7.27,91.65,0.0
2017-12-09,11.44,93.56,18.4
2017-12-10,8.35,82.95,0.8
2017-12-11,7.08,89.58,0.0
2017-12-12,12.62,90.1,0.2
2017-12-13,12.23,95.78,2.8
2017-12-14,12.52,94.39,7.4
2017-12-15,11.75,98.45,4.6
2017-12-16,12.79,98.79,13.8
2017-12-17,10.96,93.58,10.6
2017-12-18,5.88,100.0,2.8
2017-12-19,3.95,90.01,1.2
2017-12-20,4.56,80.13,0.0
2017-12-21,6.43,86.04,3.4
2017-12-22,8.89,55.09,0.0
2017-12-23,7.75,50.44,0.0
2017-12-24,5.45,77.64,0.0
2017-12-25,6.82,87.18,0.0
2017-12-26,8.76,90.81,0.8
2017-12-27,10.51,99.62,14.6
2017-12-28,10.87,100.0,60.6
2017-12-29,7.81,99.88,31.4
2017-12-30,5.83,91.65,0.2
2017-12-31,4.7,85.16,0.0
2018-01-01,7.1,90.56,0.2
2018-01-02,9.6,95.97,10.0
2018-01-03,7.58,94.58,0.2
2018-01-04,8.58,85.88,6.0
2018-01-05,7.41,82.79,0.0
2018-01-06,10.42,87.1,0.0
2018-01-07,11.27,93.58,0.0
2018-01-08,12.4,90.47,0.0
2018-01-09,11.6,92.62,0.0
2018-01-10,11.85,84.47,0.0
2018-01-11,10.32,95.69,3.0
2018-01-12,9.23,98.35,5.6
2018-01-13,11.07,70.28,1.8
2018-01-14,9.9,68.87,0.4
2018-01-15,8.4,100.0,10.2
2018-01-16,9.95,98.37,11.2
2018-01-17,11.11,96.2,15.0
2018-01-18,8.23,62.79,2.8
2018-01-19,6.14,79.88,0.0
2018-01-20,10.62,99.44,21.0
2018-01-21,10.08,98.65,11.6
2018-01-22,8.34,76.92,0.0
2018-01-23,6.43,73.54,0.0
2018-01-24,7.94,51.01,0.0
2018-01-25,4.88,68.53,0.0
2018-01-26,5.34,84.55,0.0
2018-01-27,6.57,90.49,0.0
2018-01-28,7.21,89.24,0.0
2018-01-29,7.58,88.85,0.0
2018-01-30,8.3,92.92,0.0
2018-01-31,8.59,92.86,0.0
2018-02-01,8.55,95.37,0.0
2018-02-02,12.33,96.66,6.2
2018-02-03,12.31,99.89,107.2
2018-02-04,10.88,96.33,31.4
2018-02-05,7.98,85.56,0.0
2018-02-06,8.98,85.08,0.0
2018-02-07,12.36,83.01,9.0
2018-02-08,11.24,90.26,1.4
2018-02-09,9.83,95.16,0.2
2018-02-10,9.36,95.92,18.6
2018-02-11,8.25,98.67,13.6
2018-02-12,7.79,91.01,0.0
2018-02-13,8.03,98.67,12.8
2018-02-14,9.56,83.72,10.2
2018-02-15,8.74,79.81,3.0
2018-02-16,10.67,70.81,0.0
2018-02-17,9.12,82.43,0.0
2018-02-18,9.12,90.19,0.0
2018-02-19,11.22,86.24,0.0
2018-02-20,9.98,93.3,6.6
2018-02-21,9.99,97.79,10.2
2018-02-22,11.76,90.2,5.0
2018-02-23,12.72,74.46,0.0
2018-02-24,9.55,95.94,31.8
2018-02-25,9.11,99.3,19.2
2018-02-26,7.78,95.14,50.8
2018-02-27,8.46,90.75,23.8
2018-02-28,6.82,71.88,0.0
2018-03-01,6.7,85.97,0.0
2018-03-02,10.7,95.65,3.6
2018-03-03,12.77,92.49,2.4
2018-03-04,13.95,90.1,1.6
2018-03-05,14.52,78.91,18.0
2018-03-06,14.65,93.94,12.2
2018-03-07,14.23,88.9,0.0
2018-03-08,12.44,82.53,15.4
2018-03-09,10.92,83.0,0.0
2018-03-10,11.15,83.05,0.0
2018-03-11,11.6,87.85,0.0
2018-03-12,14.88,86.68,3.8
2018-03-13,13.81,88.44,0.6
2018-03-14,12.38,85.44,0.8
2018-03-15,10.88,87.05,0.0
2018-03-16,12.91,90.96,0.6
2018-03-17,16.89,69.53,0.0
2018-03-18,15.88,83.41,8.2
2018-03-19,12.12,97.83,13.8
2018-03-20,11.73,87.44,4.8
2018-03-21,13.03,94.67,4.2
2018-03-22,16.58,72.63,0.0
2018-03-23,10.25,92.76,18.2
2018-03-24,10.06,85.19,0.4
2018-03-25,9.2,98.4,8.4
2018-03-26,11.42,98.92,14.4
2018-03-27,12.09,92.25,8.2
2018-03-28,11.9,80.81,0.0
2018-03-29,11.09,77.94,0.0
2018-03-30,13.44,81.91,0.0
2018-03-31,16.51,72.47,0.0
2018-04-01,15.04,72.58,6.6
2018-04-02,12.39,84.96,0.0
2018-04-03,13.52,80.41,0.0
2018-04-04,13.45,73.32,0.0
2018-04-05,13.55,76.47,0.0
2018-04-06,14.35,87.88,0.8
2018-04-07,16.03,78.74,0.0
2018-04-08,16.14,76.95,0.0
2018-04-09,16.48,69.53,0.0
2018-04-10,15.45,82.26,0.0
2018-04-11,15.02,85.12,0.0
2018-04-12,17.95,72.01,0.0
2018-04-13,17.43,83.99,0.0
2018-04-14,20.28,74.01,0.0
2018-04-15,24.07,46.07,0.0
2018-04-16,18.61,82.03,0.0
2018-04-17,16.63,89.56,0.0
2018-04-18,17.72,89.71,0.0
2018-04-19,19.31,78.29,0.0
2018-04-20,19.23,79.76,0.0
2018-04-21,18.69,65.17,0.0
2018-04-22,16.53,85.79,0.0
2018-04-23,17.37,90.1,0.0
2018-04-24,18.37,85.78,0.0
2018-04-25,18.64,86.34,0.0
2018-04-26,18.72,87.53,0.0
2018-04-27,21.03,79.27,0.0
2018-04-28,23.92,55.98,0.0
2018-04-29,24.58,51.56,0.0
2018-04-30,20.69,76.92,0.0
2018-05-01,21.63,71.81,0.0
2018-05-02,23.38,63.33,0.0
2018-05-03,20.98,78.27,0.0
2018-05-04,19.02,86.58,0.0
2018-05-05,18.1,95.88,10.4
2018-05-06,18.69,95.79,1.4
2018-05-07,19.28,91.88,8.2
2018-05-08,19.44,92.01,0.0
2018-05-09,19.02,87.84,0.0
2018-05-10,17.71,91.26,7.0
2018-05-11,17.91,92.85,8.6
2018-05-12,20.27,77.71,0.2
2018-05-13,20.06,86.82,0.0
2018-05-14,19.54,89.22,0.0
2018-05-15,19.38,91.2,66.0
2018-05-16,20.13,88.03,67.4
2018-05-17,20.91,84.25,27.2
2018-05-18,21.66,84.22,10.8
2018-05-19,21.44,83.44,0.0
2018-05-20,22.61,80.85,27.8
2018-05-21,23.63,71.76,44.2
2018-05-22,23.35,72.41,0.0
2018-05-23,22.77,81.8,1.0
2018-05-24,20.67,89.83,27.4
2018-05-25,22.66,81.76,0.0
2018-05-26,24.06,73.9,0.0
2018-05-27,24.42,68.67,0.0
2018-05-28,23.61,78.15,0.2
2018-05-29,23.74,79.49,0.0
2018-05-30,23.14,76.55,0.0
2018-05-31,22.0,88.11,0.2
2018-06-01,23.9,81.94,0.0
2018-06-02,24.51,69.33,0.0
2018-06-03,24.48,76.62,0.0
2018-06-04,24.38,79.07,0.0
2018-06-05,24.2,81.35,0.0
2018-06-06,23.64,79.19,0.0
2018-06-07,24.64,76.96,0.0
2018-06-08,28.14,62.15,0.0
2018-06-09,23.91,84.79,0.0
2018-06-10,21.74,88.35,7.8
2018-06-11,24.63,81.06,0.2
2018-06-12,25.47,82.18,0.0
2018-06-13,25.21,83.1,0.0
2018-06-14,23.63,82.58,0.0
2018-06-15,20.06,95.73,25.0
2018-06-16,21.22,89.92,15.2
2018-06-17,22.4,90.86,0.0
2018-06-18,22.43,88.12,1.6
2018-06-19,22.78,83.9,0.0
2018-06-20,25.62,63.47,0.0
2018-06-21,23.55,73.42,0.0
2018-06-22,23.43,85.42,0.0
2018-06-23,23.59,83.72,0.0
2018-06-24,23.31,80.57,0.0
2018-06-25,22.13,79.58,0.0
2018-06-26,21.62,78.11,2.0
2018-06-27,21.83,80.47,0.0
2018-06-28,20.65,84.76,1.0
2018-06-29,20.86,83.88,0.0
2018-06-30,21.93,86.17,0.0
2018-07-01,24.26,83.53,0.0
2018-07-02,24.62,82.6,0.0
2018-07-03,24.75,78.99,0.0
2018-07-04,24.72,85.65,0.0
2018-07-05,25.65,87.57,0.0
2018-07-06,26.08,78.46,0.0
2018-07-07,25.63,83.48,0.0
2018-07-08,23.48,89.99,14.0
2018-07-09,23.38,85.56,0.0
2018-07-10,23.37,83.56,0.0
2018-07-11,23.51,84.03,0.0
2018-07-12,24.67,85.53,0.0
2018-07-13,26.26,80.64,0.0
2018-07-14,26.04,79.78,0.0
2018-07-15,27.0,73.12,0.0
2018-07-16,25.87,80.15,0.0
2018-07-17,25.89,84.37,0.0
2018-07-18,26.0,81.24,0.0
2018-07-19,26.75,72.4,0.0
2018-07-20,25.21,83.44,0.0
2018-07-21,25.59,83.65,0.0
2018-07-22,26.03,76.31,0.0
2018-07-23,25.76,83.88,0.0
2018-07-24,24.54,81.53,0.0
2018-07-25,23.98,85.37,0.2
2018-07-26,23.16,89.39,6.6
2018-07-27,24.46,86.83,0.0
2018-07-28,24.81,87.5,0.0
2018-07-29,23.36,89.33,2.8
2018-07-30,25.57,83.95,0.2
2018-07-31,27.02,78.76,0.0
2018-08-01,27.72,75.75,0.0
2018-08-02,27.04,77.69,0.0
2018-08-03,27.52,70.65,0.0
2018-08-04,28.1,61.13,0.0
2018-08-05,27.35,61.17,0.0
2018-08-06,27.56,61.05,0.0
2018-08-07,26.93,71.81,0.0
2018-08-08,28.17,70.6,0.0
2018-08-09,28.64,64.96,0.0
2018-08-10,28.32,59.99,0.0
2018-08-11,27.9,63.46,0.0
2018-08-12,26.7,72.08,0.0
2018-08-13,26.67,78.67,0.0
2018-08-14,26.81,85.78,0.0
2018-08-15,27.06,71.77,0.0
2018-08-16,23.1,86.85,6.2
2018-08-17,25.49,76.23,0.0
2018-08-18,26.23,75.34,0.0
2018-08-19,27.75,55.8,0.0
2018-08-20,26.52,64.83,3.2
2018-08-21,26.14,66.11,0.0
2018-08-22,26.09,60.75,0.0
2018-08-23,25.66,63.41,0.0
2018-08-24,26.2,64.81,0.0
2018-08-25,25.08,81.22,11.2
2018-08-26,24.67,86.55,0.0
2018-08-27,22.35,91.31,8.0
2018-08-28,24.27,80.44,0.2
2018-08-29,26.71,72.45,0.0
2018-08-30,26.88,67.31,0.0
2018-08-31,26.73,71.72,0.0
2018-09-01,26.76,72.19,0.0
2018-09-02,26.98,69.72,0.0
2018-09-03,25.76,79.92,0.0
2018-09-04,24.48,77.69,0.0
2018-09-05,24.16,73.22,0.0
2018-09-06,23.41,80.16,0.0
2018-09-07,24.04,84.03,0.0
2018-09-08,23.05,89.82,12.0
2018-09-09,23.59,81.6,0.0
2018-09-10,24.49,75.92,0.0
2018-09-11,23.91,77.63,0.0
2018-09-12,23.96,60.94,0.0
2018-09-13,23.84,64.63,0.0
2018-09-14,23.35,73.47,0.0
2018-09-15,23.33,78.89,0.0
2018-09-16,23.96,79.02,0.0
2018-09-17,25.14,65.62,0.0
2018-09-18,24.77,66.62,0.0
2018-09-19,24.4,68.22,0.0
2018-09-20,23.15,74.67,0.0
2018-09-21,22.76,70.18,0.0
2018-09-22,21.85,77.1,0.0
2018-09-23,22.74,83.55,0.0
2018-09-24,22.92,86.14,0.0
2018-09-25,23.38,61.85,0.0
2018-09-26,18.12,42.28,0.0
2018-09-27,18.44,38.99,0.0
2018-09-28,20.03,49.94,0.0
2018-09-29,21.34,61.27,0.0
2018-09-30,18.37,83.86,2.6
2018-10-01,18.3,88.63,1.4
2018-10-02,19.41,83.28,0.0
2018-10-03,19.28,91.06,4.2
2018-10-04,22.97,74.44,0.0
2018-10-05,23.0,70.55,0.0
2018-10-06,20.7,75.37,0.0
2018-10-07,19.16,86.91,0.0
2018-10-08,19.61,82.65,0.0
2018-10-09,20.15,76.24,0.0
2018-10-10,19.04,69.01,0.0
2018-10-11,17.91,68.78,0.0
2018-10-12,18.94,67.52,0.0
2018-10-13,18.35,70.06,0.0
2018-10-14,18.41,65.11,0.0
2018-10-15,17.93,73.58,0.0
2018-10-16,18.2,74.34,0.0
2018-10-17,18.6,78.75,0.0
2018-10-18,18.24,77.3,0.0
2018-10-19,19.0,77.96,0.0
2018-10-20,18.87,83.69,0.0
2018-10-21,18.9,81.66,0.0
2018-10-22,16.81,87.04,11.2
2018-10-23,17.47,83.12,0.2
2018-10-24,17.01,80.92,0.0
2018-10-25,15.07,60.55,0.0
2018-10-26,15.21,69.67,0.0
2018-10-27,19.76,85.24,0.0
2018-10-28,19.41,83.75,0.0
2018-10-29,18.96,82.47,0.0
2018-10-30,19.13,88.24,0.4
2018-10-31,21.23,88.56,0.0
2018-11-01,20.98,81.42,0.0
2018-11-02,19.41,84.22,0.0
2018-11-03,18.13,76.99,0.0
2018-11-04,16.25,77.49,0.0
2018-11-05,15.26,74.33,0.0
2018-11-06,14.89,79.6,0.0
2018-11-07,15.66,79.16,9.4
2018-11-08,14.27,95.6,1.6
2018-11-09,13.67,83.97,0.0
2018-11-10,13.57,80.88,0.0
2018-11-11,13.86,76.92,0.0
2018-11-12,13.05,77.97,0.0
2018-11-13,12.24,78.69,0.0
2018-11-14,11.91,83.69,0.0
2018-11-15,12.6,72.92,0.0
2018-11-16,10.44,85.09,12.2
2018-11-17,10.43,83.84,7.2
2018-11-18,9.8,98.68,52.0
2018-11-19,13.26,97.31,0.6
2018-11-20,16.14,95.01,7.8
2018-11-21,14.62,97.66,21.6
2018-11-22,13.21,92.06,0.0
2018-11-23,12.6,87.99,0.0
2018-11-24,12.15,86.59,0.0
2018-11-25,13.82,98.16,11.0
2018-11-26,16.02,98.01,70.8
2018-11-27,15.06,99.58,29.8
2018-11-28,12.79,95.76,5.0
2018-11-29,11.75,61.76,0.0
2018-11-30,9.37,68.69,0.0
2018-12-01,9.43,82.72,0.0
2018-12-02,9.52,89.88,0.0
2018-12-03,9.61,80.28,0.0
2018-12-04,11.96,86.92,0.0
2018-12-05,10.68,88.32,0.0
2018-12-06,8.11,73.47,0.0
2018-12-07,5.72,73.74,0.0
2018-12-08,8.36,87.85,24.8
2018-12-09,10.7,96.6,3.2
2018-12-10,10.75,87.69,12.6
2018-12-11,6.88,85.28,0.0
2018-12-12,4.9,84.81,0.0
2018-12-13,6.62,95.18,7.8
2018-12-14,11.12,98.15,1.8
2018-12-15,12.09,97.56,5.6
2018-12-16,9.65,88.01,0.0
2018-12-17,8.19,86.38,5.4
2018-12-18,9.86,81.84,0.2
2018-12-19,7.64,83.12,0.0
2018-12-20,8.11,88.5,0.0
2018-12-21,8.85,97.28,0.2
2018-12-22,8.88,95.94,0.0
2018-12-23,10.98,91.51,0.0
2018-12-24,10.18,98.26,6.2
2018-12-25,9.93,76.76,0.2
2018-12-26,4.64,63.71,0.0
2018-12-27,4.13,78.09,0.0
2018-12-28,5.31,82.38,0.0
2018-12-29,5.98,86.75,0.0
2018-12-30,7.76,85.9,0.0
2018-12-31,8.41,73.35,0.4
2019-01-01,9.54,51.93,0.0
2019-01-02,5.88,70.47,0.2
2019-01-03,4.0,99.71,19.0
2019-01-04,1.43,99.22,13.4
2019-01-05,2.23,87.04,4.2
2019-01-06,1.8,83.01,0.0
2019-01-07,1.36,72.3,0.0
2019-01-08,0.39,63.33,0.0
2019-01-09,5.59,95.53,52.4
2019-01-10,10.18,93.88,11.6
2019-01-11,7.0,96.01,1.6
2019-01-12,7.21,75.09,0.0
2019-01-13,5.3,86.33,0.0
2019-01-14,5.35,91.48,0.4
2019-01-15,6.44,57.97,0.0
2019-01-16,3.22,63.17,13.2
2019-01-17,5.18,79.98,0.0
2019-01-18,8.75,93.42,3.4
2019-01-19,9.64,100.0,12.8
2019-01-20,8.87,98.94,4.8
2019-01-21,8.63,89.76,0.2
2019-01-22,8.87,99.76,24.2
2019-01-23,8.99,99.96,54.0
2019-01-24,9.1,93.6,2.8
2019-01-25,9.84,90.97,11.4
2019-01-26,8.07,89.86,0.2
2019-01-27,7.53,89.56,0.0
2019-01-28,9.88,99.48,7.2
2019-01-29,8.88,100.0,36.0
2019-01-30,9.39,97.55,11.2
2019-01-31,7.04,99.62,19.6
2019-02-01,9.32,97.53,1.2
2019-02-02,13.3,82.83,0.0
2019-02-03,14.13,72.17,0.0
2019-02-04,13.65,75.68,0.0
2019-02-05,16.41,54.26,0.0
2019-02-06,14.71,53.06,0.0
2019-02-07,11.25,59.46,0.0
2019-02-08,7.43,79.24,0.0
2019-02-09,9.01,84.38,0.0
2019-02-10,8.27,88.26,0.0
2019-02-11,11.49,91.36,0.4
2019-02-12,9.8,87.18,0.8
2019-02-13,8.31,43.9,0.0
2019-02-14,9.73,47.03,0.0
2019-02-15,7.38,56.94,0.0
2019-02-16,8.1,59.25,0.0
2019-02-17,6.67,79.94,0.0
2019-02-18,8.36,83.71,0.0
2019-02-19,9.05,88.23,0.0
2019-02-20,9.89,87.69,0.0
2019-02-21,9.85,84.24,0.0
2019-02-22,9.7,86.19,0.0
2019-02-23,7.91,68.9,0.0
2019-02-24,6.35,48.92,0.0
2019-02-25,7.34,47.61,0.0
2019-02-26,9.74,74.26,0.0
2019-02-27,9.51,64.3,0.0
2019-02-28,7.67,70.35,0.0
2019-03-01,8.66,85.54,0.0
2019-03-02,11.43,82.15,0.0
2019-03-03,10.84,72.76,0.0
2019-03-04,10.84,78.19,0.0
2019-03-05,10.71,88.21,0.0
2019-03-06,12.18,86.53,0.0
2019-03-07,12.01,83.98,0.0
2019-03-08,11.8,80.46,0.0
2019-03-09,11.51,82.88,0.0
2019-03-10,12.88,87.87,0.0
2019-03-11,12.38,87.85,0.0
2019-03-12,10.92,92.88,13.2
2019-03-13,10.51,71.2,0.0
2019-03-14,8.51,91.96,13.4
2019-03-15,10.96,76.65,0.0
2019-03-16,10.31,79.6,0.0
2019-03-17,12.81,86.52,0.0
2019-03-18,13.54,83.51,0.0
2019-03-19,12.79,83.47,0.0
2019-03-20,13.16,86.17,0.0
2019-03-21,16.45,56.67,0.0
2019-03-22,15.62,51.56,0.0
2019-03-23,13.4,69.93,0.0
2019-03-24,13.61,77.14,0.0
2019-03-25,12.6,84.13,0.0
2019-03-26,13.41,84.74,0.0
2019-03-27,13.31,84.6,2.4
2019-03-28,11.7,74.24,8.8
2019-03-29,12.3,48.16,0.0
2019-03-30,11.34,71.82,0.0
2019-03-31,12.88,77.05,0.0
2019-04-01,12.97,84.02,0.0
2019-04-02,15.34,65.56,0.0
2019-04-03,14.04,68.69,0.0
2019-04-04,14.85,78.56,0.0
2019-04-05,14.37,89.95,3.0
2019-04-06,15.83,68.0,0.2
2019-04-07,14.63,82.69,6.6
2019-04-08,14.25,87.78,6.2
2019-04-09,12.9,88.72,0.4
2019-04-10,13.43,94.69,1.4
2019-04-11,13.8,86.58,12.0
2019-04-12,13.75,93.44,14.8
2019-04-13,14.57,86.53,2.0
2019-04-14,13.62,90.17,4.4
2019-04-15,12.07,97.0,9.0
2019-04-16,12.59,84.01,4.2
2019-04-17,12.75,89.12,1.6
2019-04-18,13.82,78.42,0.4
2019-04-19,14.13,79.64,0.0
2019-04-20,15.14,81.79,0.0
2019-04-21,14.12,88.18,0.0
2019-04-22,14.93,87.58,0.0
2019-04-23,15.5,85.47,1.8
2019-04-24,19.49,70.74,0.0
2019-04-25,17.14,91.67,1.2
2019-04-26,19.67,78.18,0.0
2019-04-27,18.18,82.91,0.0
2019-04-28,16.81,74.74,0.0
2019-04-29,15.18,81.51,0.0
2019-04-30,15.1,79.29,0.0
2019-05-01,12.39,88.26,1.0
2019-05-02,14.26,87.05,0.2
2019-05-03,15.15,85.38,0.0
2019-05-04,14.68,89.71,0.2
2019-05-05,16.73,92.17,4.0
2019-05-06,14.05,91.7,48.8
2019-05-07,13.28,87.74,1.0
2019-05-08,13.84,81.92,0.0
2019-05-09,14.62,84.98,0.0
2019-05-10,16.74,89.47,0.0
2019-05-11,17.33,82.08,0.0
2019-05-12,16.78,80.79,11.2
2019-05-13,15.05,98.57,16.4
2019-05-14,16.77,89.97,0.8
2019-05-15,16.09,88.78,0.4
2019-05-16,16.3,87.68,0.0
2019-05-17,17.48,82.33,0.0
2019-05-18,18.03,82.28,0.0
2019-05-19,19.39,77.9,0.0
2019-05-20,18.71,82.47,1.2
2019-05-21,18.11,78.17,0.0
2019-05-22,16.96,87.11,0.0
2019-05-23,18.28,86.59,0.0
2019-05-24,17.59,89.76,0.0
2019-05-25,18.1,85.47,0.0
2019-05-26,20.57,78.32,0.0
2019-05-27,20.04,90.64,6.0
2019-05-28,19.87,85.36,0.0
2019-05-29,19.58,89.13,0.0
2019-05-30,19.36,82.53,0.0
2019-05-31,18.61,87.97,0.0
2019-06-01,18.22,86.68,0.0
2019-06-02,18.04,86.51,0.0
2019-06-03,16.41,95.58,4.8
2019-06-04,17.27,98.69,34.6
2019-06-05,20.04,90.49,0.0
2019-06-06,20.46,87.24,0.0
2019-06-07,21.38,87.82,0.0
2019-06-08,22.89,89.27,0.0
2019-06-09,25.01,84.18,0.0
2019-06-10,24.55,81.8,10.2
2019-06-11,23.15,84.14,21.0
2019-06-12,23.89,84.4,0.0
2019-06-13,24.91,82.01,0.0
2019-06-14,25.0,83.47,0.0
2019-06-15,26.46,82.72,0.0
2019-06-16,24.51,84.49,1.0
2019-06-17,24.88,72.52,0.0
2019-06-18,25.36,68.15,0.0
2019-06-19,25.06,78.74,0.0
2019-06-20,25.05,87.49,0.0
2019-06-21,25.34,86.69,0.0
2019-06-22,26.34,82.54,0.0
2019-06-23,26.26,80.01,0.0
2019-06-24,25.56,83.72,0.0
2019-06-25,26.95,67.58,0.0
2019-06-26,28.2,63.08,0.0
2019-06-27,28.76,63.01,0.0
2019-06-28,26.9,76.64,5.2
2019-06-29,28.19,70.83,0.0
2019-06-30,26.41,70.67,0.0
2019-07-01,26.17,70.6,0.0
2019-07-02,26.0,75.23,0.0
2019-07-03,25.74,81.35,0.0
2019-07-04,27.66,73.96,0.0
2019-07-05,27.79,75.58,0.4
2019-07-06,27.33,79.56,41.4
2019-07-07,27.01,82.35,0.0
2019-07-08,26.94,83.02,1.8
2019-07-09,27.47,81.56,1.8
2019-07-10,26.99,83.42,6.0
2019-07-11,25.92,76.83,2.0
2019-07-12,23.99,83.3,1.8
2019-07-13,24.7,76.95,15.4
2019-07-14,25.17,83.35,0.0
2019-07-15,22.91,85.97,0.0
2019-07-16,20.95,94.44,6.4
2019-07-17,22.47,84.38,1.0
2019-07-18,23.92,76.52,0.0
2019-07-19,23.67,85.28,0.0
2019-07-20,25.54,74.88,0.0
2019-07-21,26.42,74.47,0.0
2019-07-22,27.29,74.06,0.0
2019-07-23,26.52,80.4,0.2
2019-07-24,27.91,69.35,0.0
2019-07-25,27.38,71.08,0.0
2019-07-26,26.51,82.16,0.0
2019-07-27,26.11,84.42,0.0
2019-07-28,26.75,74.78,0.0
2019-07-29,26.63,82.38,0.0
2019-07-30,26.46,84.06,0.0
2019-07-31,27.86,80.6,0.0
2019-08-01,27.71,82.59,0.0
2019-08-02,27.55,82.38,0.0
2019-08-03,26.91,80.99,0.0
2019-08-04,26.69,80.06,0.0
2019-08-05,26.92,69.97,0.0
2019-08-06,26.64,72.79,0.0
2019-08-07,26.47,76.58,0.0
2019-08-08,26.31,74.99,0.0
2019-08-09,25.9,80.43,0.0
2019-08-10,29.0,68.43,0.0
2019-08-11,30.36,64.08,0.0
2019-08-12,31.0,49.86,0.0
2019-08-13,28.41,59.7,0.0
2019-08-14,26.62,79.57,0.0
2019-08-15,27.36,81.62,0.0
2019-08-16,25.73,81.41,0.0
2019-08-17,25.19,76.77,0.0
2019-08-18,25.35,72.7,0.0
2019-08-19,25.33,76.33,0.0
2019-08-20,26.47,74.31,0.0
2019-08-21,26.56,71.94,0.0
2019-08-22,27.43,68.06,0.0
2019-08-23,28.6,66.34,0.0
2019-08-24,29.08,56.71,0.0
2019-08-25,29.2,57.81,0.0
2019-08-26,28.15,66.44,0.0
2019-08-27,29.51,55.22,0.0
2019-08-28,28.79,55.08,0.0
2019-08-29,27.77,53.14,0.0
2019-08-30,25.98,63.28,0.0
2019-08-31,26.22,64.35,0.0
2019-09-01,25.51,75.48,0.0
2019-09-02,25.45,84.36,0.0
2019-09-03,25.69,83.58,0.0
2019-09-04,26.31,70.04,0.0
2019-09-05,25.79,62.75,0.0
2019-09-06,25.0,68.98,0.0
2019-09-07,24.68,77.47,0.0
2019-09-08,24.37,80.25,0.0
2019-09-09,23.67,82.4,0.0
2019-09-10,24.27,78.74,0.0
2019-09-11,24.56,78.33,42.0
2019-09-12,23.71,77.53,67.2
2019-09-13,23.5,64.83,64.0
2019-09-14,23.87,61.28,56.0
2019-09-15,23.88,60.3,55.0
2019-09-16,23.19,72.83,49.0
2019-09-17,22.12,82.97,49.2
2019-09-18,21.5,85.82,52.2
2019-09-19,23.49,86.01,27.4
2019-09-20,22.79,82.19,0.0
2019-09-21,23.11,57.11,0.0
2019-09-22,21.35,72.45,0.0
2019-09-23,21.57,87.58,33.0
2019-09-24,21.84,93.18,52.8
2019-09-25,20.56,84.64,47.6
2019-09-26,21.83,87.58,20.2
2019-09-27,21.0,89.59,2.0
2019-09-28,,,0.0
2019-09-29,,,0.0
2019-09-30,,,0.0
2019-10-01,,,0.0
2019-10-02,,,0.0
2019-10-03,,,0.0
2019-10-04,,,0.0
2019-10-05,,,0.0
2019-10-06,,,0.0
2019-10-07,,,0.0
2019-10-08,,,0.0
2019-10-09,,,0.0
2019-10-10,,,0.0
2019-10-11,,,0.0
2019-10-12,,,0.0
2019-10-13,,,0.0
2019-10-14,,,0.0
2019-10-15,,,0.0
2019-10-16,,,0.0
2019-10-17,,,0.0
2019-10-18,,,0.0
2019-10-19,,,0.0
2019-10-20,,,0.0
2019-10-21,,,0.0
2019-10-22,,,0.0
2019-10-23,,,0.0
2019-10-24,,,0.0
2019-10-25,,,0.0
2019-10-26,,,0.0
2019-10-27,,,0.0
2019-10-28,,,0.0
2019-10-29,,,0.0
2019-10-30,,,0.0
2019-10-31,,,0.0
2019-11-01,,,0.0
2019-11-02,,,0.0
2019-11-03,,,0.0
2019-11-04,,,0.0
2019-11-05,,,0.0
2019-11-06,,,0.0
2019-11-07,,,0.0
2019-11-08,,,0.0
2019-11-09,,,0.0
2019-11-10,,,0.0
2019-11-11,,,0.0
2019-11-12,,,0.0
2019-11-13,,,0.0
2019-11-14,,,0.0
2019-11-15,,,0.0
2019-11-16,,,0.0
2019-11-17,,,0.0
2019-11-18,,,0.0
2019-11-19,47.15,51.9,0.0
2019-11-20,,,0.0
2019-11-21,,,0.0
2019-11-22,,,0.0
2019-11-23,,,0.0
2019-11-24,,,0.0
2019-11-25,,,0.0
2019-11-26,,,0.0
2019-11-27,,,0.0
2019-11-28,,,0.0
2019-11-29,,,0.0
2019-11-30,,,0.0
2019-12-01,,,0.0
2019-12-02,,,0.0
2019-12-03,,,0.0
2019-12-04,,,0.0
2019-12-05,,,0.0
2019-12-06,,,0.0
2019-12-07,,,0.0
2019-12-08,,,0.0
2019-12-09,,,0.0
2019-12-10,,,0.0
2019-12-11,,,0.0
2019-12-12,,,0.0
2019-12-13,,,0.0
2019-12-14,,,0.0
2019-12-15,,,0.0
2019-12-16,,,0.0
2019-12-17,,,0.0
2019-12-18,,,0.0
2019-12-19,,,0.0
2019-12-20,,,0.0
2019-12-21,,,0.0
2019-12-22,,,0.0
2019-12-23,,,0.0
2019-12-24,,,0.0
2019-12-25,,,0.0
2019-12-26,,,0.0
2019-12-27,,,0.0
2019-12-28,,,0.0
2019-12-29,,,0.0
2019-12-30,,,0.0
2019-12-31,,,0.0
2020-01-01,,,0.0
2020-01-02,,,0.0
2020-01-03,,,0.0
2020-01-04,,,0.0
2020-01-05,,,0.0
2020-01-06,,,0.0
2020-01-07,,,0.0
2020-01-08,,,0.0
2020-01-09,,,0.0
2020-01-10,,,0.0
2020-01-11,8.75,84.34,0.0
2020-01-12,8.72,77.67,0.0
2020-01-13,8.89,78.99,0.0
2020-01-14,9.76,80.97,0.0
2020-01-15,8.53,80.36,0.0
2020-01-16,7.4,79.17,0.0
2020-01-17,6.72,76.18,0.0
2020-01-18,6.34,78.04,0.0
2020-01-19,7.72,76.27,0.0
2020-01-20,7.95,72.89,0.0
2020-01-21,6.15,66.98,0.0
2020-01-22,5.3,77.61,0.0
2020-01-23,5.77,79.26,0.0
2020-01-24,8.19,70.47,0.0
2020-01-25,10.67,88.48,0.0
2020-01-26,11.85,89.6,3.2
2020-01-27,10.08,99.93,35.0
2020-01-28,8.58,96.83,0.8
2020-01-29,12.2,97.33,2.6
2020-01-30,11.04,82.78,0.4
2020-01-31,8.31,86.83,0.0
2020-02-01,9.59,90.77,0.0
2020-02-02,10.53,94.19,0.2
2020-02-03,10.39,95.14,0.2
2020-02-04,10.69,97.0,0.4
2020-02-05,10.83,75.76,3.6
2020-02-06,6.51,62.58,0.0
2020-02-07,4.39,67.97,0.0
2020-02-08,6.12,68.31,0.0
2020-02-09,6.57,80.24,0.0
2020-02-10,8.6,89.4,0.0
2020-02-11,11.83,94.49,0.0
2020-02-12,12.96,94.49,0.0
2020-02-13,11.57,82.08,0.2
2020-02-14,10.95,96.26,32.4
2020-02-15,11.73,75.87,2.2
2020-02-16,10.76,68.17,0.0
2020-02-17,8.9,81.35,0.0
2020-02-18,9.1,91.51,0.0
2020-02-19,9.31,92.1,0.0
2020-02-20,9.69,92.35,6.2
2020-02-21,8.59,79.38,0.0
2020-02-22,8.32,66.67,0.0
2020-02-23,7.38,73.83,0.0
2020-02-24,9.64,87.69,0.0
2020-02-25,11.76,85.06,0.0
2020-02-26,13.16,91.77,0.2
2020-02-27,11.58,77.02,0.0
2020-02-28,6.05,97.43,12.4
2020-02-29,7.17,76.16,0.0
2020-03-01,8.68,80.78,0.0
2020-03-02,13.89,86.58,0.0
2020-03-03,15.18,76.38,0.0
2020-03-04,12.73,85.35,34.0
2020-03-05,10.48,85.26,0.0
2020-03-06,11.58,86.64,0.6
2020-03-07,15.43,85.67,0.0
2020-03-08,13.86,91.24,5.0
2020-03-09,11.62,85.66,0.2
2020-03-10,10.47,89.0,0.0
2020-03-11,11.64,83.42,0.0
2020-03-12,12.4,84.06,0.0
2020-03-13,13.07,87.65,0.0
2020-03-14,14.35,91.42,0.0
2020-03-15,14.61,91.68,2.4
2020-03-16,11.63,50.8,0.0
2020-03-17,9.02,66.38,0.0
2020-03-18,11.51,80.78,0.0
2020-03-19,11.37,76.31,0.0
2020-03-20,12.02,84.62,0.0
2020-03-21,13.22,77.67,0.0
2020-03-22,11.9,91.24,1.6
2020-03-23,11.74,99.76,6.4
2020-03-24,8.74,80.66,0.0
2020-03-25,11.15,68.95,0.0
2020-03-26,13.91,58.65,0.6
2020-03-27,10.05,95.59,8.6
2020-03-28,11.04,86.98,0.4
2020-03-29,11.78,87.97,0.0
2020-03-30,13.45,78.55,0.0
2020-03-31,13.8,75.24,0.0
2020-04-01,10.81,98.57,26.4
2020-04-02,8.1,83.31,0.0
2020-04-03,9.36,94.89,4.0
2020-04-04,10.8,92.01,8.0
2020-04-05,12.15,84.08,2.2
2020-04-06,13.57,51.93,0.0
2020-04-07,14.55,37.33,0.0
2020-04-08,15.11,35.26,0.0
2020-04-09,12.57,71.71,0.0
2020-04-10,13.18,82.94,0.0
2020-04-11,14.71,84.99,0.0
2020-04-12,15.29,83.81,0.0
2020-04-13,15.15,73.87,0.0
2020-04-14,14.63,66.38,0.0
2020-04-15,15.65,61.24,0.0
2020-04-16,13.96,62.96,0.0
2020-04-17,12.95,88.03,0.0
2020-04-18,14.71,88.9,0.0
2020-04-19,14.95,88.09,0.0
2020-04-20,15.64,94.12,0.2
2020-04-21,18.69,70.35,0.2
2020-04-22,14.26,69.96,8.2
2020-04-23,12.27,76.4,7.2
2020-04-24,13.31,75.99,0.0
2020-04-25,14.37,88.04,0.0
2020-04-26,14.31,89.24,0.0
2020-04-27,15.67,90.12,0.0
2020-04-28,16.92,88.53,0.2
2020-04-29,16.66,90.77,0.0
2020-04-30,16.69,89.12,0.0
2020-05-01,16.17,90.04,0.0
2020-05-02,16.24,91.64,3.2
2020-05-03,16.85,89.81,0.2
2020-05-04,17.55,70.52,0.0
2020-05-05,15.71,79.97,0.0
2020-05-06,16.53,87.22,0.0
2020-05-07,18.42,75.74,0.0
2020-05-08,16.2,68.01,0.0
2020-05-09,16.45,78.62,0.0
2020-05-10,16.8,80.51,0.0
2020-05-11,21.01,60.24,0.0
2020-05-12,19.79,81.62,0.0
2020-05-13,21.13,77.92,0.0
2020-05-14,22.77,68.78,0.0
2020-05-15,24.84,53.01,0.0
2020-05-16,23.84,62.91,0.0
2020-05-17,25.61,64.64,0.0
2020-05-18,25.4,64.35,0.0
2020-05-19,27.75,59.86,0.0
2020-05-20,22.24,88.35,0.6
2020-05-21,18.74,96.25,27.8
2020-05-22,20.28,76.88,0.0
2020-05-23,19.85,84.22,0.0
2020-05-24,20.1,82.57,0.0
2020-05-25,19.3,84.88,0.0
2020-05-26,15.85,86.48,4.0
2020-05-27,16.15,78.52,0.2
2020-05-28,16.93,82.35,0.0
2020-05-29,16.8,82.81,0.4
2020-05-30,16.92,82.83,0.2
2020-05-31,16.24,87.79,1.2
2020-06-01,16.6,83.0,0.0
2020-06-02,18.36,82.12,0.0
2020-06-03,18.85,87.66,0.0
2020-06-04,19.85,80.16,0.0
2020-06-05,20.95,70.9,0.2
2020-06-06,18.81,94.47,39.2
2020-06-07,19.83,90.38,0.0
2020-06-08,20.3,88.23,0.0
2020-06-09,21.13,89.53,0.0
2020-06-10,21.56,87.14,0.0
2020-06-11,20.28,86.89,0.0
2020-06-12,19.81,86.3,0.0
2020-06-13,20.52,83.1,0.0
2020-06-14,21.33,86.08,0.0
2020-06-15,21.49,86.32,0.0
2020-06-16,20.64,87.94,0.0
2020-06-17,20.48,90.06,0.0
2020-06-18,21.57,88.38,0.0
2020-06-19,22.38,88.34,0.0
2020-06-20,22.88,86.42,0.0
2020-06-21,21.94,81.66,0.0
2020-06-22,21.03,89.26,0.0
2020-06-23,21.13,90.23,0.0
2020-06-24,23.76,83.21,0.0
2020-06-25,25.65,78.27,0.0
2020-06-26,25.89,76.05,0.0
2020-06-27,26.47,72.99,0.0
2020-06-28,25.16,78.12,0.0
2020-06-29,24.73,84.47,0.0
2020-06-30,25.45,86.9,0.0
2020-07-01,26.91,79.18,0.0
2020-07-02,27.08,83.21,0.0
2020-07-03,27.65,79.46,0.0
2020-07-04,27.61,80.38,0.0
2020-07-05,24.63,84.06,3.4
2020-07-06,24.09,82.5,0.0
2020-07-07,24.22,87.75,3.6
2020-07-08,25.29,81.56,0.0
2020-07-09,25.09,79.75,0.0
2020-07-10,25.97,71.92,0.0
2020-07-11,25.24,71.62,0.0
2020-07-12,25.9,83.76,0.0
2020-07-13,26.52,79.71,0.0
2020-07-14,24.77,76.17,0.0
2020-07-15,23.85,84.17,0.0
2020-07-16,23.58,86.22,0.0
2020-07-17,24.64,82.85,0.0
2020-07-18,24.38,81.59,0.0
2020-07-19,24.5,76.21,0.0
2020-07-20,23.09,80.58,0.0
2020-07-21,25.77,74.6,0.0
2020-07-22,27.69,66.53,0.0
2020-07-23,27.97,66.29,0.0
2020-07-24,27.48,64.72,0.0
2020-07-25,25.95,81.51,0.0
2020-07-26,24.9,84.14,0.0
2020-07-27,26.33,80.03,0.0
2020-07-28,27.77,69.11,0.0
2020-07-29,28.9,62.84,0.0
2020-07-30,29.6,63.78,0.0
2020-07-31,28.09,75.13,0.0
2020-08-01,26.18,87.34,0.4
2020-08-02,28.65,69.27,0.0
2020-08-03,27.9,73.15,0.0
2020-08-04,26.42,79.76,0.0
2020-08-05,26.31,81.06,0.0
2020-08-06,25.0,83.88,0.0
2020-08-07,23.91,83.87,0.0
2020-08-08,22.45,87.44,8.8
2020-08-09,25.76,74.58,0.0
2020-08-10,26.82,70.7,0.0
2020-08-11,26.75,71.6,0.0
2020-08-12,26.84,78.56,0.0
2020-08-13,27.1,79.62,0.0
2020-08-14,27.49,79.13,0.0
2020-08-15,27.39,77.88,0.0
2020-08-16,26.34,84.19,0.0
2020-08-17,26.8,81.42,0.0
2020-08-18,26.31,80.49,0.0
2020-08-19,26.18,79.47,0.0
2020-08-20,26.0,72.47,0.0
2020-08-21,26.54,67.83,0.0
2020-08-22,27.51,71.44,0.0
2020-08-23,27.09,76.6,0.0
2020-08-24,27.02,76.78,0.0
2020-08-25,26.79,81.85,0.0
2020-08-26,26.44,76.6,0.0
2020-08-27,25.78,80.28,0.0
2020-08-28,26.64,74.67,0.0
2020-08-29,25.91,72.28,0.0
2020-08-30,24.97,82.93,0.0
2020-08-31,25.98,83.1,0.0
2020-09-01,25.53,85.56,0.0
2020-09-02,23.49,77.54,0.0
2020-09-03,23.85,76.85,0.0
2020-09-04,24.73,74.75,0.0
2020-09-05,24.56,64.49,0.0
2020-09-06,23.78,71.17,0.0
2020-09-07,23.84,77.01,0.0
2020-09-08,25.43,78.85,0.0
2020-09-09,28.21,63.15,0.0
2020-09-10,27.48,63.56,0.0
2020-09-11,26.36,65.55,0.0
2020-09-12,24.68,71.62,0.0
2020-09-13,24.92,71.53,0.0
2020-09-14,26.53,53.49,0.0
2020-09-15,27.98,38.24,0.0
2020-09-16,26.75,54.88,0.0
2020-09-17,24.6,73.08,6.4
2020-09-18,21.56,95.59,23.2
2020-09-19,23.95,68.94,1.2
2020-09-20,22.04,79.72,0.0
2020-09-21,22.26,82.87,0.0
2020-09-22,22.62,79.84,0.0
2020-09-23,20.38,98.24,10.4
2020-09-24,21.73,90.49,1.4
2020-09-25,22.52,87.47,0.0
2020-09-26,19.64,96.28,25.4
2020-09-27,19.32,86.68,0.6
2020-09-28,20.66,95.12,20.2
2020-09-29,18.41,94.6,12.6
2020-09-30,17.48,82.99,0.0
2020-10-01,17.58,83.86,0.0
2020-10-02,19.49,84.54,0.0
2020-10-03,23.22,79.65,0.0
2020-10-04,24.59,78.99,0.0
2020-10-05,24.47,82.42,0.0
2020-10-06,23.37,86.22,0.6
2020-10-07,21.27,93.6,0.0
2020-10-08,18.49,90.92,14.0
2020-10-09,17.11,86.22,0.2
2020-10-10,18.23,87.76,0.0
2020-10-11,18.19,88.65,0.0
2020-10-12,19.1,93.77,70.0
2020-10-13,16.05,92.4,16.0
2020-10-14,16.86,90.4,5.6
2020-10-15,17.47,95.83,0.4
2020-10-16,20.72,93.85,4.6
2020-10-17,17.33,87.96,0.0
2020-10-18,15.28,85.9,0.0
2020-10-19,16.77,78.42,0.0
2020-10-20,16.58,76.81,0.0
2020-10-21,15.9,78.19,0.0
2020-10-22,15.89,84.89,0.0
2020-10-23,16.35,86.4,0.0
2020-10-24,15.72,92.84,0.0
2020-10-25,15.59,94.85,5.4
2020-10-26,15.02,89.09,0.0
2020-10-27,15.52,89.42,0.0
2020-10-28,15.69,91.55,2.0
2020-10-29,16.02,87.15,0.0
2020-10-30,15.4,91.35,0.0
2020-10-31,15.24,84.15,0.0
2020-11-01,15.15,86.62,0.0
2020-11-02,14.93,90.86,0.0
2020-11-03,14.45,94.74,0.0
2020-11-04,16.15,90.34,0.2
2020-11-05,16.63,92.62,0.0
2020-11-06,17.13,67.03,0.0
2020-11-07,15.97,65.7,0.0
2020-11-08,12.93,82.24,0.0
2020-11-09,12.89,83.49,0.0
2020-11-10,14.73,75.38,0.0
2020-11-11,16.76,66.76,0.0
2020-11-12,13.92,77.77,0.0
2020-11-13,12.67,89.45,0.0
2020-11-14,12.82,91.21,0.0
2020-11-15,12.36,91.53,0.0
2020-11-16,12.82,91.15,0.2
2020-11-17,15.1,90.57,0.0
2020-11-18,14.17,90.93,0.0
2020-11-19,11.37,78.08,0.0
2020-11-20,9.3,79.62,0.0
2020-11-21,10.68,70.62,0.0
2020-11-22,13.64,62.93,0.0
2020-11-23,10.84,81.38,0.0
2020-11-24,10.06,86.57,0.0
2020-11-25,11.99,65.85,0.0
2020-11-26,7.98,76.99,0.0
2020-11-27,9.91,78.12,0.0
2020-11-28,9.4,87.19,0.0
2020-11-29,11.95,94.98,6.4
2020-11-30,12.97,91.97,0.2
2020-12-01,11.26,88.96,0.0
2020-12-02,12.71,89.85,0.8
2020-12-03,12.53,98.21,1.6
2020-12-04,12.16,97.73,16.0
2020-12-05,12.31,90.39,0.2
2020-12-06,14.28,80.63,0.0
2020-12-07,12.27,96.31,27.2
2020-12-08,11.75,96.53,4.0
2020-12-09,13.14,99.99,43.6
2020-12-10,10.22,100.0,28.0
2020-12-11,9.12,100.0,21.8
2020-12-12,10.04,99.99,9.6
2020-12-13,10.07,98.92,0.4
2020-12-14,12.29,83.62,0.2
2020-12-15,9.86,87.91,0.0
2020-12-16,10.55,89.69,0.0
2020-12-17,10.34,92.02,0.0
2020-12-18,10.39,92.65,0.0
2020-12-19,10.61,91.62,0.0
2020-12-20,11.26,93.17,0.0
2020-12-21,11.16,88.52,0.0
2020-12-22,10.56,93.34,0.0
2020-12-23,9.95,94.49,0.2
2020-12-24,10.85,95.64,0.0
2020-12-25,13.05,98.79,1.8
2020-12-26,13.57,97.99,9.0
2020-12-27,12.07,98.8,27.4
2020-12-28,10.65,99.19,14.2
2020-12-29,13.25,95.78,4.6
2020-12-30,13.39,92.99,0.0
2020-12-31,11.61,97.42,17.2
2021-01-01,8.89,94.44,2.0
2021-01-02,10.33,87.62,6.6
2021-01-03,11.97,99.02,23.6
2021-01-04,9.75,100.0,32.2
2021-01-05,8.67,97.76,2.8
2021-01-06,11.2,99.6,5.2
2021-01-07,13.1,99.81,2.4
2021-01-08,15.34,98.11,4.6
2021-01-09,15.76,99.11,11.0
2021-01-10,17.66,90.2,2.8
2021-01-11,16.6,95.74,27.2
2021-01-12,13.63,92.83,7.2
2021-01-13,7.71,94.42,1.8
2021-01-14,7.57,83.71,10.0
2021-01-15,7.57,90.52,2.0
2021-01-16,5.04,89.74,3.2
2021-01-17,2.41,72.69,0.0
2021-01-18,4.75,61.49,0.0
2021-01-19,3.8,71.6,0.0
2021-01-20,5.3,80.41,0.0
2021-01-21,8.81,100.0,23.2
2021-01-22,11.33,99.62,12.8
2021-01-23,11.22,99.85,41.8
2021-01-24,9.96,99.81,18.4
2021-01-25,11.79,85.78,13.2
2021-01-26,9.49,99.51,53.0
2021-01-27,5.01,70.28,0.0
2021-01-28,3.16,77.35,0.0
2021-01-29,6.76,90.7,1.8
2021-01-30,13.66,86.17,1.4
2021-01-31,11.54,95.6,7.6
2021-02-01,12.87,97.22,7.6
2021-02-02,11.3,100.0,11.8
2021-02-03,11.1,93.34,0.2
2021-02-04,10.89,94.21,0.0
2021-02-05,10.58,94.8,0.0
2021-02-06,11.5,88.84,0.2
2021-02-07,12.71,83.15,0.0
2021-02-08,15.16,79.66,3.8
2021-02-09,12.56,97.53,5.6
2021-02-10,12.73,93.78,0.4
2021-02-11,11.05,95.73,13.0
2021-02-12,9.86,90.18,0.0
2021-02-13,9.47,99.94,15.0
2021-02-14,3.92,92.55,5.4
2021-02-15,2.97,52.06,0.0
2021-02-16,2.52,66.56,0.0
2021-02-17,4.86,68.22,0.0
2021-02-18,8.7,81.5,0.0
2021-02-19,8.99,80.4,0.0
2021-02-20,8.55,89.68,0.0
2021-02-21,10.13,81.21,0.0
2021-02-22,9.75,84.42,0.0
2021-02-23,10.24,86.15,0.0
2021-02-24,10.84,85.82,0.2
2021-02-25,13.18,70.42,0.0
2021-02-26,12.41,77.9,0.0
2021-02-27,11.15,89.49,0.0
2021-02-28,13.69,74.18,0.0
2021-03-01,13.08,80.65,1.6
2021-03-02,11.79,67.2,0.0
2021-03-03,10.06,75.67,0.0
2021-03-04,10.34,81.15,0.0
2021-03-05,10.61,85.93,0.0
2021-03-06,10.72,95.22,0.4
2021-03-07,11.21,82.49,0.0
2021-03-08,11.5,85.83,0.0
2021-03-09,12.71,81.02,0.0
2021-03-10,12.74,94.49,4.8
2021-03-11,10.96,75.74,0.0
2021-03-12,9.87,77.35,0.0
2021-03-13,10.9,86.99,0.0
2021-03-14,12.1,89.01,0.0
2021-03-15,9.77,94.29,10.0
2021-03-16,7.97,85.55,0.2
2021-03-17,6.98,77.47,0.0
2021-03-18,7.57,79.03,0.0
2021-03-19,10.42,77.86,0.0
2021-03-20,9.26,97.34,11.4
2021-03-21,12.77,92.3,33.2
2021-03-22,10.66,99.63,8.6
2021-03-23,9.37,76.0,0.0
2021-03-24,10.05,54.58,0.0
2021-03-25,8.44,55.18,0.0
2021-03-26,8.36,68.06,0.0
2021-03-27,9.56,79.48,0.0
2021-03-28,11.67,86.36,0.0
2021-03-29,13.14,91.94,0.2
2021-03-30,13.56,72.24,0.2
2021-03-31,13.25,69.82,0.0
2021-04-01,11.95,86.91,0.0
2021-04-02,12.78,86.26,0.0
2021-04-03,14.3,85.44,0.0
2021-04-04,16.92,78.63,0.0
2021-04-05,14.17,85.87,0.0
2021-04-06,13.41,83.21,0.0
2021-04-07,14.86,84.44,0.0
2021-04-08,12.69,62.08,0.0
2021-04-09,9.17,55.78,0.0
2021-04-10,10.4,65.01,0.0
2021-04-11,11.03,77.58,0.0
2021-04-12,12.99,80.53,0.0
2021-04-13,13.71,80.91,0.0
2021-04-14,13.51,75.6,0.0
2021-04-15,10.86,76.92,0.0
2021-04-16,13.2,69.83,0.0
2021-04-17,16.94,62.31,0.0
2021-04-18,15.57,83.65,0.2
2021-04-19,11.29,97.51,13.0
2021-04-20,11.05,88.85,0.4
2021-04-21,12.13,85.8,0.0
2021-04-22,13.58,79.64,0.0
2021-04-23,15.64,87.83,0.8
2021-04-24,15.91,83.02,2.2
2021-04-25,17.82,67.04,0.0
2021-04-26,15.76,79.33,0.0
2021-04-27,17.45,71.65,0.0
2021-04-28,20.59,65.49,0.0
2021-04-29,19.7,77.58,0.0
2021-04-30,21.86,68.6,0.0
2021-05-01,22.83,67.65,0.0
2021-05-02,21.68,81.36,0.0
2021-05-03,19.1,91.55,0.0
2021-05-04,18.07,83.12,0.0
2021-05-05,17.61,81.69,2.4
2021-05-06,17.57,91.76,0.0
2021-05-07,19.12,83.06,0.0
2021-05-08,19.4,83.96,0.0
2021-05-09,21.72,70.51,0.0
2021-05-10,19.65,72.13,0.0
2021-05-11,18.98,81.47,0.0
2021-05-12,18.93,87.63,0.0
2021-05-13,17.93,81.51,0.0
2021-05-14,17.51,81.69,0.0
2021-05-15,15.48,93.24,19.0
2021-05-16,16.5,88.26,0.0
2021-05-17,18.63,81.31,0.0
2021-05-18,19.27,89.72,0.0
2021-05-19,18.88,79.42,0.0
2021-05-20,17.95,75.34,0.0
2021-05-21,17.8,71.62,0.0
2021-05-22,17.97,76.81,0.0
2021-05-23,18.25,76.35,0.0
2021-05-24,20.84,78.19,0.0
2021-05-25,22.18,74.12,0.0
2021-05-26,20.7,79.94,0.0
2021-05-27,20.05,86.02,0.0
2021-05-28,20.07,83.92,0.0
2021-05-29,19.81,82.1,0.0
2021-05-30,19.98,88.27,0.0
2021-05-31,19.28,81.56,0.0
2021-06-01,18.37,72.97,0.0
2021-06-02,18.12,74.09,0.0
2021-06-03,19.03,78.0,0.0
2021-06-04,21.0,75.69,0.0
2021-06-05,20.85,81.36,0.0
2021-06-06,21.38,80.66,0.0
2021-06-07,21.78,80.04,0.0
2021-06-08,21.91,75.27,0.0
2021-06-09,20.22,90.75,0.0
2021-06-10,21.36,77.76,0.0
2021-06-11,21.76,78.94,0.0
2021-06-12,21.1,80.1,0.0
2021-06-13,21.78,86.25,4.0
2021-06-14,23.15,69.39,0.2
2021-06-15,21.34,59.76,0.0
2021-06-16,20.77,78.99,0.0
2021-06-17,22.19,80.67,0.0
2021-06-18,22.16,86.12,0.0
2021-06-19,23.18,83.8,0.0
2021-06-20,23.69,87.1,0.0
2021-06-21,24.65,87.72,0.0
2021-06-22,26.34,76.44,0.0
2021-06-23,26.8,73.0,0.0
2021-06-24,27.32,77.9,0.0
2021-06-25,27.55,78.98,0.0
2021-06-26,28.5,69.42,0.0
2021-06-27,27.14,72.49,0.0
2021-06-28,26.74,74.1,0.0
2021-06-29,26.57,71.68,0.0
2021-06-30,27.26,72.31,0.0
2021-07-01,26.91,78.66,0.0
2021-07-02,26.27,76.74,0.0
2021-07-03,25.59,68.78,0.0
2021-07-04,24.25,81.49,0.0
2021-07-05,25.46,79.4,0.0
2021-07-06,27.42,77.34,0.0
2021-07-07,27.64,75.7,0.0
2021-07-08,28.09,75.99,0.0
2021-07-09,28.18,76.77,0.0
2021-07-10,28.23,74.42,0.0
2021-07-11,28.06,66.31,0.0
2021-07-12,27.7,72.1,0.0
2021-07-13,27.42,77.61,0.0
2021-07-14,27.23,79.31,0.0
2021-07-15,26.77,81.79,0.0
2021-07-16,26.38,82.13,0.0
2021-07-17,24.97,82.44,0.0
2021-07-18,24.29,83.97,0.0
2021-07-19,24.82,80.92,0.0
2021-07-20,24.97,84.21,0.0
2021-07-21,26.79,84.01,0.0
2021-07-22,27.38,71.92,0.0
2021-07-23,27.06,69.39,0.0
2021-07-24,26.04,77.15,0.2
2021-07-25,26.6,69.28,0.0
2021-07-26,26.61,73.51,0.0
2021-07-27,27.35,76.44,0.0
2021-07-28,29.31,70.72,0.0
2021-07-29,29.33,68.14,0.0
2021-07-30,28.33,74.62,0.0
2021-07-31,27.49,77.82,0.0
2021-08-01,28.3,76.49,0.0
2021-08-02,28.9,75.97,0.0
2021-08-03,29.34,71.86,0.0
2021-08-04,29.04,65.85,0.0
2021-08-05,28.23,65.61,0.0
2021-08-06,26.9,80.62,0.0
2021-08-07,26.27,70.37,0.0
2021-08-08,26.59,73.17,0.0
2021-08-09,26.4,88.34,0.0
2021-08-10,27.74,87.69,0.0
2021-08-11,27.65,88.73,0.0
2021-08-12,29.2,69.53,0.0
2021-08-13,28.62,61.59,0.0
2021-08-14,28.45,66.81,0.0
2021-08-15,27.83,73.77,0.0
2021-08-16,27.43,75.43,0.0
2021-08-17,26.76,82.92,0.0
2021-08-18,26.7,77.24,0.0
2021-08-19,27.34,76.6,0.0
2021-08-20,27.18,75.33,0.0
2021-08-21,26.53,76.65,0.0
2021-08-22,26.93,73.17,0.0
2021-08-23,27.01,71.4,0.0
2021-08-24,26.79,68.58,0.0
2021-08-25,25.91,79.2,0.0
2021-08-26,23.59,85.31,25.4
2021-08-27,24.93,90.49,7.8
2021-08-28,24.66,83.59,0.0
2021-08-29,24.75,81.98,0.0
2021-08-30,24.33,75.26,0.0
2021-08-31,22.98,74.26,0.0
2021-09-01,23.4,72.72,0.0
2021-09-02,23.85,68.83,0.0
2021-09-03,23.47,69.97,0.0
2021-09-04,23.0,78.56,0.0
2021-09-05,23.5,78.15,2.8
2021-09-06,23.89,63.06,0.0
2021-09-07,23.63,52.93,0.0
2021-09-08,21.63,63.47,0.0
2021-09-09,20.86,76.16,0.2
2021-09-10,20.59,83.26,0.0
2021-09-11,21.96,81.94,0.0
2021-09-12,20.68,94.12,1.0
2021-09-13,22.62,75.4,0.0
2021-09-14,22.84,77.33,0.0
2021-09-15,22.82,83.52,0.0
2021-09-16,23.0,87.63,0.0
2021-09-17,23.98,83.34,0.0
2021-09-18,24.11,89.38,0.0
2021-09-19,24.63,87.04,0.0
2021-09-20,24.52,90.6,0.0
2021-09-21,24.1,85.31,0.0
2021-09-22,22.34,74.51,0.0
2021-09-23,19.01,65.74,0.0
2021-09-24,18.39,67.43,0.0
2021-09-25,19.04,80.21,0.0
2021-09-26,20.02,79.47,0.0
2021-09-27,20.29,84.03,0.0
2021-09-28,22.22,87.44,0.0
2021-09-29,22.8,79.75,1.2
2021-09-30,21.79,76.38,0.0
2021-10-01,20.42,61.26,0.0
2021-10-02,18.0,67.9,0.0
2021-10-03,17.66,69.65,0.0
2021-10-04,18.65,65.37,0.0
2021-10-05,18.24,76.31,0.0
2021-10-06,20.16,74.4,0.0
2021-10-07,16.27,98.84,68.0
2021-10-08,16.75,99.96,14.4
2021-10-09,19.28,90.72,0.6
2021-10-10,18.91,96.28,6.2
2021-10-11,18.27,92.06,30.0
2021-10-12,15.52,93.1,16.8
2021-10-13,16.03,91.09,2.8
2021-10-14,14.6,99.81,27.2
2021-10-15,14.73,98.81,19.2
2021-10-16,16.53,95.08,2.2
2021-10-17,17.08,94.5,0.0
2021-10-18,17.61,90.15,2.8
2021-10-19,16.85,85.26,0.2
2021-10-20,16.61,87.78,0.0
2021-10-21,15.88,92.54,0.4
2021-10-22,17.48,92.23,1.0
2021-10-23,17.57,98.94,4.8
2021-10-24,16.71,96.22,1.0
2021-10-25,17.32,59.45,0.0
2021-10-26,15.55,63.08,0.0
2021-10-27,13.98,73.24,0.0
2021-10-28,12.27,77.58,0.0
2021-10-29,14.07,69.14,0.0
2021-10-30,14.84,66.97,0.0
2021-10-31,14.64,74.06,0.0
2021-11-01,14.55,80.21,0.0
2021-11-02,16.8,95.95,15.2
2021-11-03,17.19,88.87,0.0
2021-11-04,18.64,81.46,0.0
2021-11-05,20.27,77.15,0.0
2021-11-06,20.01,79.64,0.0
2021-11-07,19.4,80.36,0.0
2021-11-08,16.57,93.56,0.0
2021-11-09,16.88,95.13,0.0
2021-11-10,16.61,72.11,0.0
2021-11-11,13.23,68.76,0.0
2021-11-12,11.85,79.75,0.0
2021-11-13,12.27,83.03,0.0
2021-11-14,14.94,92.28,0.2
2021-11-15,15.35,94.68,2.4
2021-11-16,15.8,70.14,0.0
2021-11-17,12.68,87.41,0.0
2021-11-18,13.55,96.24,0.2
2021-11-19,14.65,91.11,0.4
2021-11-20,12.19,86.42,0.0
2021-11-21,12.56,86.76,0.0
2021-11-22,13.73,99.77,20.4
2021-11-23,14.27,99.12,22.2
2021-11-24,14.85,81.19,0.0
2021-11-25,14.0,80.85,0.0
2021-11-26,13.33,98.44,33.6
2021-11-27,13.55,99.6,7.6
2021-11-28,13.46,99.97,31.4
2021-11-29,14.15,90.38,29.0
2021-11-30,9.3,91.4,4.8
2021-12-01,6.78,88.9,0.2
2021-12-02,10.85,96.97,2.8
2021-12-03,13.17,99.08,16.8
2021-12-04,11.24,95.14,0.0
2021-12-05,10.81,94.23,8.8
2021-12-06,12.21,100.0,42.2
2021-12-07,10.25,99.01,11.2
2021-12-08,7.16,91.46,0.0
2021-12-09,12.96,93.23,2.8
2021-12-10,9.79,99.87,26.2
2021-12-11,11.24,99.97,59.4
2021-12-12,10.08,99.49,24.6
2021-12-13,7.64,92.17,0.0
2021-12-14,6.15,89.81,0.0
2021-12-15,6.94,87.95,0.0
2021-12-16,7.67,81.72,0.0
2021-12-17,6.74,83.67,0.0
2021-12-18,7.54,55.02,0.0
2021-12-19,5.28,63.58,0.0
2021-12-20,5.36,84.82,0.6
2021-12-21,5.68,87.81,0.2
2021-12-22,5.2,89.4,0.0
2021-12-23,5.53,76.51,0.0
2021-12-24,4.75,96.7,0.2
2021-12-25,8.66,99.19,3.0
2021-12-26,12.74,99.92,4.8
2021-12-27,13.11,99.98,13.2
2021-12-28,11.53,100.0,31.4
2021-12-29,9.1,99.86,0.4
2021-12-30,9.59,85.41,0.0
2021-12-31,10.95,84.4,0.0
2022-01-01,9.22,89.11,0.0
2022-01-02,10.18,84.63,0.0
2022-01-03,9.65,94.87,0.2
2022-01-04,10.92,95.66,0.0
2022-01-05,12.06,94.12,0.0
2022-01-06,12.09,94.08,0.0
2022-01-07,11.78,99.31,1.6
2022-01-08,10.73,98.15,7.4
2022-01-09,9.86,97.42,0.2
2022-01-10,7.28,98.57,5.4
2022-01-11,10.45,76.1,1.0
2022-01-12,9.6,56.59,0.0
2022-01-13,6.01,55.81,0.0
2022-01-14,3.02,71.42,0.0
2022-01-15,5.1,82.62,0.0
2022-01-16,6.98,71.37,0.0
2022-01-17,8.35,85.32,0.0
2022-01-18,6.83,70.49,0.2
2022-01-19,3.87,61.47,0.0
2022-01-20,6.49,74.66,6.6
2022-01-21,8.4,100.0,17.6
2022-01-22,5.68,73.75,0.2
2022-01-23,2.13,64.04,0.0
2022-01-24,2.48,43.88,0.0
2022-01-25,3.42,42.83,0.0
2022-01-26,1.88,64.99,0.0
2022-01-27,4.12,76.19,0.0
2022-01-28,5.54,85.92,0.0
2022-01-29,7.51,73.99,0.0
2022-01-30,7.03,67.3,0.0
2022-01-31,6.39,78.53,0.0
2022-02-01,9.89,99.57,23.0
2022-02-02,8.55,94.03,1.2
2022-02-03,5.51,71.74,0.0
2022-02-04,5.06,74.29,0.0
2022-02-05,8.25,83.12,0.0
2022-02-06,12.19,84.15,0.0
2022-02-07,11.61,98.9,15.0
2022-02-08,7.44,67.62,0.0
2022-02-09,5.41,71.7,0.0
2022-02-10,8.51,80.24,0.0
2022-02-11,8.09,87.62,0.0
2022-02-12,8.71,88.92,0.0
2022-02-13,10.67,82.74,0.0
2022-02-14,8.96,88.17,0.0
2022-02-15,9.96,91.53,0.2
2022-02-16,10.72,94.96,13.2
2022-02-17,10.93,85.39,0.2
2022-02-18,9.85,90.14,0.0
2022-02-19,10.58,87.91,0.0
2022-02-20,11.31,95.6,0.0
2022-02-21,13.94,90.76,0.0
2022-02-22,10.12,99.66,12.2
2022-02-23,11.58,74.83,0.0
2022-02-24,10.36,57.72,0.0
2022-02-25,8.22,73.92,0.0
2022-02-26,10.25,86.19,5.4
2022-02-27,9.02,99.35,21.8
2022-02-28,8.48,92.0,5.6
2022-03-01,7.87,85.96,0.0
2022-03-02,8.42,69.31,0.2
2022-03-03,7.46,73.89,0.0
2022-03-04,8.37,93.19,4.2
2022-03-05,8.52,98.76,12.6
2022-03-06,9.05,90.85,8.0
2022-03-07,7.91,90.26,1.0
2022-03-08,7.4,90.34,2.6
2022-03-09,7.06,75.25,1.2
2022-03-10,6.8,49.67,0.0
2022-03-11,5.43,49.24,0.0
2022-03-12,5.91,48.29,0.0
2022-03-13,4.84,52.8,0.0
2022-03-14,7.48,60.9,0.0
2022-03-15,8.54,73.38,0.0
2022-03-16,9.16,87.0,0.0
2022-03-17,10.89,85.92,0.0
2022-03-18,11.25,57.69,0.0
2022-03-19,8.16,47.78,0.0
2022-03-20,7.03,44.53,0.0
2022-03-21,7.49,43.16,0.0
2022-03-22,9.0,54.05,0.0
2022-03-23,11.75,61.97,0.0
2022-03-24,10.82,77.08,0.0
2022-03-25,11.57,83.12,0.0
2022-03-26,12.32,82.45,0.0
2022-03-27,11.98,82.38,0.0
2022-03-28,13.67,80.81,0.0
2022-03-29,14.71,71.46,0.0
2022-03-30,13.23,86.15,0.0
2022-03-31,15.56,83.29,0.4
2022-04-01,17.09,85.12,0.0
2022-04-02,14.71,88.37,6.2
2022-04-03,12.51,74.6,0.0
2022-04-04,11.69,81.46,0.4
2022-04-05,15.31,74.88,0.0
2022-04-06,14.67,83.36,0.0
2022-04-07,14.2,92.1,5.8
2022-04-08,14.06,85.2,0.0
2022-04-09,14.57,84.0,0.0
2022-04-10,13.48,81.42,0.0
2022-04-11,12.11,67.27,0.0
2022-04-12,12.38,74.98,0.0
2022-04-13,12.84,83.71,0.0
2022-04-14,14.61,79.64,0.0
2022-04-15,16.27,77.47,0.0
2022-04-16,16.18,78.51,0.0
2022-04-17,17.83,54.81,0.0
2022-04-18,12.08,84.14,4.6
2022-04-19,12.16,80.29,0.0
2022-04-20,11.78,87.55,0.2
2022-04-21,15.51,77.43,0.0
2022-04-22,17.76,69.25,0.0
2022-04-23,15.73,87.05,0.0
2022-04-24,15.5,90.45,0.0
2022-04-25,16.95,84.51,0.0
2022-04-26,16.6,84.69,0.0
2022-04-27,16.53,84.36,0.0
2022-04-28,18.02,78.1,0.0
2022-04-29,20.17,64.03,0.0
2022-04-30,19.94,63.31,0.0
2022-05-01,18.24,79.81,1.4
2022-05-02,14.72,95.2,1.0
2022-05-03,14.64,88.44,0.0
2022-05-04,15.49,88.88,0.0
2022-05-05,16.53,86.92,0.0
2022-05-06,16.43,87.6,0.2
2022-05-07,18.87,70.81,0.0
2022-05-08,17.43,71.79,0.0
2022-05-09,17.42,73.23,0.0
2022-05-10,17.98,71.26,0.0
2022-05-11,18.54,76.58,0.0
2022-05-12,19.44,82.2,0.0
2022-05-13,19.24,87.37,0.0
2022-05-14,19.38,94.49,4.8
2022-05-15,20.29,85.78,0.0
2022-05-16,20.33,88.44,0.0
2022-05-17,21.54,90.69,0.0
2022-05-18,21.63,84.88,0.0
2022-05-19,20.34,45.02,0.0
2022-05-20,18.58,71.06,0.0
2022-05-21,19.86,75.44,0.0
2022-05-22,19.64,86.24,0.0
2022-05-23,20.37,85.0,0.0
2022-05-24,21.12,74.78,0.0
2022-05-25,21.42,68.43,0.0
2022-05-26,21.9,69.28,0.0
2022-05-27,21.5,75.99,0.0
2022-05-28,23.96,63.07,0.0
2022-05-29,20.05,94.08,25.0
2022-05-30,21.26,86.81,0.0
2022-05-31,22.14,81.1,0.0
2022-06-01,23.5,75.09,0.0
2022-06-02,25.24,76.84,0.0
2022-06-03,27.13,70.65,0.0
2022-06-04,27.65,66.32,0.0
2022-06-05,26.49,77.19,0.0
2022-06-06,25.82,82.48,0.0
2022-06-07,26.37,73.92,0.0
2022-06-08,24.91,87.69,0.0
2022-06-09,23.96,85.1,3.4
2022-06-10,20.82,96.97,9.8
2022-06-11,21.2,89.67,1.8
2022-06-12,23.42,79.97,0.2
2022-06-13,24.68,74.72,0.0
2022-06-14,24.94,70.81,0.0
2022-06-15,25.09,73.01,0.0
2022-06-16,25.02,74.76,0.0
2022-06-17,23.85,84.8,0.0
2022-06-18,24.6,76.24,0.0
2022-06-19,24.91,65.05,0.0
2022-06-20,23.94,69.07,0.0
2022-06-21,23.89,88.06,0.0
2022-06-22,25.42,86.74,0.0
2022-06-23,26.64,83.15,0.0
2022-06-24,26.77,85.74,0.0
2022-06-25,26.77,85.6,0.0
2022-06-26,27.82,80.81,0.0
2022-06-27,26.58,75.54,0.0
2022-06-28,26.88,81.75,0.0
2022-06-29,27.53,78.33,0.0
2022-06-30,27.48,74.17,0.0
2022-07-01,26.97,76.58,0.0
2022-07-02,27.9,71.32,0.0
2022-07-03,30.25,53.62,0.0
2022-07-04,29.9,56.75,0.0
2022-07-05,29.0,63.37,0.0
2022-07-06,28.43,80.33,0.0
2022-07-07,27.76,78.43,0.0
2022-07-08,26.47,76.72,0.0
2022-07-09,24.98,61.99,0.0
2022-07-10,24.83,59.15,0.0
2022-07-11,25.05,68.96,0.0
2022-07-12,24.83,71.88,0.0
2022-07-13,24.64,66.49,0.0
2022-07-14,24.77,59.03,0.0
2022-07-15,25.94,65.83,0.0
2022-07-16,27.12,68.03,0.0
2022-07-17,27.4,75.51,0.0
2022-07-18,29.51,60.95,0.0
2022-07-19,28.08,55.06,0.0
2022-07-20,28.01,48.08,0.0
2022-07-21,26.26,66.58,0.0
2022-07-22,26.95,72.76,0.0
2022-07-23,27.58,77.18,0.0
2022-07-24,27.64,76.51,0.0
2022-07-25,27.93,74.83,0.0
2022-07-26,28.52,73.42,0.0
2022-07-27,28.14,76.24,0.0
2022-07-28,29.17,68.58,0.0
2022-07-29,29.81,59.85,0.0
2022-07-30,28.08,77.47,0.0
2022-07-31,28.32,77.6,0.0
2022-08-01,27.92,81.09,0.0
2022-08-02,29.08,65.92,0.0
2022-08-03,28.43,62.69,0.0
2022-08-04,28.85,61.76,0.0
2022-08-05,28.07,67.93,0.0
2022-08-06,27.47,75.8,0.0
2022-08-07,26.33,78.36,4.6
2022-08-08,29.47,51.23,0.0
2022-08-09,28.97,51.53,0.0
2022-08-10,27.82,54.19,0.0
2022-08-11,27.82,58.4,0.0
2022-08-12,26.21,67.72,7.2
2022-08-13,24.26,84.91,0.0
2022-08-14,23.38,85.46,0.0
2022-08-15,23.88,81.69,0.0
2022-08-16,25.47,83.44,0.0
2022-08-17,26.47,82.31,0.0
2022-08-18,28.04,73.81,0.0
2022-08-19,27.21,75.82,0.0
2022-08-20,26.48,84.11,0.0
2022-08-21,26.65,80.09,0.0
2022-08-22,25.9,86.38,0.0
2022-08-23,25.37,82.15,0.0
2022-08-24,24.59,78.68,0.0
2022-08-25,24.19,87.52,0.4
2022-08-26,24.84,82.65,0.4
2022-08-27,25.11,86.06,0.0
2022-08-28,25.63,85.4,0.0
2022-08-29,25.04,85.8,0.0
2022-08-30,24.56,82.11,0.6
2022-08-31,24.47,82.5,0.0
2022-09-01,25.62,83.59,0.0
2022-09-02,24.49,91.98,4.8
2022-09-03,24.81,86.93,0.0
2022-09-04,24.86,84.44,0.0
2022-09-05,25.22,75.92,0.0
2022-09-06,23.94,73.8,0.0
2022-09-07,24.73,71.19,0.0
2022-09-08,24.32,76.42,0.0
2022-09-09,25.12,78.98,0.0
2022-09-10,26.02,88.83,0.0
2022-09-11,25.37,87.03,0.0
2022-09-12,24.07,75.19,0.0
2022-09-13,23.04,72.24,0.0
2022-09-14,23.02,73.7,0.0
2022-09-15,22.72,81.92,0.0
2022-09-16,23.42,86.94,0.0
2022-09-17,25.09,88.78,2.0
2022-09-18,22.86,78.17,0.2
2022-09-19,19.46,71.76,0.0
2022-09-20,21.07,62.67,0.0
2022-09-21,19.77,66.06,0.0
2022-09-22,19.72,52.57,0.0
2022-09-23,18.84,54.56,0.0
2022-09-24,18.44,65.09,0.0
2022-09-25,17.94,76.06,0.0
2022-09-26,20.13,85.46,0.0
2022-09-27,20.38,96.67,38.6
2022-09-28,21.57,88.37,0.4
2022-09-29,20.91,97.4,11.6
2022-09-30,23.14,83.01,0.2
2022-10-01,25.83,69.43,0.0
2022-10-02,23.18,76.0,0.0
2022-10-03,19.86,88.23,0.0
2022-10-04,20.37,76.69,0.0
2022-10-05,20.38,55.31,0.0
2022-10-06,18.15,69.99,0.0
2022-10-07,18.55,65.6,0.0
2022-10-08,18.2,75.68,0.0
2022-10-09,18.16,86.35,0.0
2022-10-10,19.36,82.12,0.0
2022-10-11,18.44,97.11,12.0
2022-10-12,18.39,91.07,0.2
2022-10-13,19.19,90.19,0.8
2022-10-14,18.26,89.15,24.6
2022-10-15,18.9,65.47,0.0
2022-10-16,16.61,79.47,0.0
2022-10-17,17.23,72.57,0.0
2022-10-18,16.76,70.09,0.0
2022-10-19,16.42,75.19,0.0
2022-10-20,16.65,77.54,0.0
2022-10-21,17.38,72.95,0.0
2022-10-22,16.64,80.79,0.0
2022-10-23,17.1,92.51,0.0
2022-10-24,18.05,92.69,0.0
2022-10-25,17.88,89.47,0.0
2022-10-26,17.48,92.26,0.0
2022-10-27,19.17,82.15,0.0
2022-10-28,19.6,68.62,0.0
2022-10-29,17.0,72.97,0.0
2022-10-30,16.08,74.99,0.0
2022-10-31,16.17,80.85,0.0
2022-11-01,18.17,81.57,0.0
2022-11-02,17.43,85.49,0.0
2022-11-03,16.93,89.72,0.0
2022-11-04,16.63,86.73,0.0
2022-11-05,16.18,93.39,23.8
2022-11-06,14.93,97.74,28.0
2022-11-07,14.99,87.97,0.0
2022-11-08,15.26,89.06,0.0
2022-11-09,14.88,89.38,0.0
2022-11-10,14.86,89.56,0.2
2022-11-11,15.16,87.96,0.0
2022-11-12,13.65,83.44,1.6
2022-11-13,14.88,93.1,1.6
2022-11-14,15.55,87.15,0.0
2022-11-15,14.45,95.82,0.8
2022-11-16,15.08,94.86,18.0
2022-11-17,16.54,99.67,26.6
2022-11-18,17.62,98.51,11.6
2022-11-19,19.75,97.33,0.0
2022-11-20,17.52,95.11,20.0
2022-11-21,12.76,99.24,11.0
2022-11-22,11.9,99.08,28.6
2022-11-23,12.73,97.86,11.2
2022-11-24,10.87,92.14,0.2
2022-11-25,10.11,84.31,0.0
2022-11-26,10.93,74.85,0.0
2022-11-27,12.72,64.47,0.0
2022-11-28,11.91,65.98,0.0
2022-11-29,10.1,81.18,0.0
2022-11-30,12.18,94.22,2.4
2022-12-01,11.66,99.35,4.2
2022-12-02,12.56,92.96,0.4
2022-12-03,13.02,90.1,0.0
2022-12-04,13.43,95.32,0.8
2022-12-05,13.55,97.04,3.6
2022-12-06,13.34,96.86,1.2
2022-12-07,13.8,98.44,2.2
2022-12-08,13.23,100.0,24.2
2022-12-09,14.79,99.01,0.6
2022-12-10,15.49,99.99,33.0
2022-12-11,14.54,98.49,45.2
2022-12-12,12.15,99.79,11.8
2022-12-13,10.65,99.81,0.6
2022-12-14,12.24,97.28,4.2
2022-12-15,16.99,98.66,0.0
2022-12-16,15.98,94.66,0.0
2022-12-17,17.15,92.14,0.0
2022-12-18,15.97,98.29,0.2
2022-12-19,13.99,75.85,0.0
2022-12-20,9.04,75.12,0.0
2022-12-21,6.42,83.78,0.0
2022-12-22,8.09,90.63,0.0
2022-12-23,9.95,89.83,0.0
2022-12-24,9.37,91.93,0.0
2022-12-25,10.38,91.07,0.0
2022-12-26,10.63,92.76,0.0
2022-12-27,11.77,93.04,0.0
2022-12-28,11.41,93.93,0.0
2022-12-29,10.72,92.82,0.0
2022-12-30,11.11,93.85,0.0
2022-12-31,10.47,90.45,0.2
2023-01-01,10.21,88.64,0.0
2023-01-02,9.79,88.6,0.0
2023-01-03,9.72,93.88,0.0
2023-01-04,9.5,92.36,0.0
2023-01-05,9.2,94.42,0.2
2023-01-06,8.71,91.94,0.0
2023-01-07,9.97,84.32,0.0
2023-01-08,9.07,90.19,0.2
2023-01-09,9.83,98.0,4.6
2023-01-10,10.37,99.68,30.8
2023-01-11,8.07,95.28,0.8
2023-01-12,7.6,92.96,0.2
2023-01-13,7.37,87.29,0.0
2023-01-14,8.31,89.72,0.0
2023-01-15,8.73,82.71,0.0
2023-01-16,9.03,95.99,6.6
2023-01-17,13.9,98.22,20.8
2023-01-18,16.43,88.06,0.0
2023-01-19,15.89,89.82,10.8
2023-01-20,9.2,99.77,13.4
2023-01-21,10.1,99.6,20.4
2023-01-22,10.98,92.6,8.0
2023-01-23,9.76,100.0,33.6
2023-01-24,10.24,91.68,2.2
2023-01-25,9.3,98.26,8.6
2023-01-26,8.72,93.9,26.2
2023-01-27,7.77,94.83,0.8
2023-01-28,7.42,90.3,0.0
2023-01-29,8.86,75.76,0.0
2023-01-30,7.01,81.81,0.0
2023-01-31,5.03,87.23,0.0
2023-02-01,4.79,76.92,0.0
2023-02-02,6.3,83.31,0.0
2023-02-03,6.69,80.36,1.6
2023-02-04,6.1,86.76,3.8
2023-02-05,4.69,68.08,0.0
2023-02-06,4.2,46.08,0.0
2023-02-07,4.94,44.94,0.0
2023-02-08,4.43,49.16,0.0
2023-02-09,6.39,49.89,0.0
2023-02-10,7.39,56.47,0.0
2023-02-11,5.31,69.62,0.0
2023-02-12,6.55,73.03,0.0
2023-02-13,9.05,59.13,0.0
2023-02-14,6.57,77.65,0.0
2023-02-15,7.79,73.81,0.0
2023-02-16,7.89,83.52,0.0
2023-02-17,10.1,89.2,0.0
2023-02-18,9.47,90.69,0.0
2023-02-19,10.63,90.85,0.0
2023-02-20,10.77,91.53,0.0
2023-02-21,10.66,88.39,0.0
2023-02-22,11.57,92.39,0.0
2023-02-23,12.4,91.18,0.0
2023-02-24,11.61,89.69,0.0
2023-02-25,12.06,89.64,0.0
2023-02-26,15.93,70.4,0.0
2023-02-27,14.99,88.24,0.0
2023-02-28,15.23,73.0,0.0
2023-03-01,15.18,83.24,0.4
2023-03-02,12.76,90.55,1.2
2023-03-03,10.97,91.72,3.0
2023-03-04,10.95,97.51,8.2
2023-03-05,9.77,95.99,14.2
2023-03-06,10.21,92.92,2.6
2023-03-07,10.1,99.45,22.4
2023-03-08,10.93,93.35,0.0
2023-03-09,11.66,93.03,0.0
2023-03-10,14.71,97.16,0.0
2023-03-11,15.06,91.4,1.0
2023-03-12,12.55,91.6,0.2
2023-03-13,12.32,63.76,0.0
2023-03-14,10.94,80.55,0.0
2023-03-15,11.97,94.45,13.0
2023-03-16,11.98,94.28,4.0
2023-03-17,11.19,71.1,1.0
2023-03-18,10.54,79.88,0.0
2023-03-19,11.3,83.69,0.0
2023-03-20,12.13,91.01,0.0
2023-03-21,12.31,93.2,1.4
2023-03-22,13.76,86.9,0.2
2023-03-23,14.49,78.05,0.0
2023-03-24,13.86,88.12,0.0
2023-03-25,13.85,91.62,0.0
2023-03-26,13.74,94.08,0.0
2023-03-27,13.28,91.98,1.8
2023-03-28,11.04,72.31,2.4
2023-03-29,8.7,57.81,0.0
2023-03-30,10.01,79.53,0.0
2023-03-31,13.28,89.73,0.0
2023-04-01,15.09,94.31,0.0
2023-04-02,14.44,87.96,0.0
2023-04-03,13.08,96.34,11.0
2023-04-04,12.92,87.19,2.2
2023-04-05,10.63,83.81,0.0
2023-04-06,10.5,92.76,6.2
2023-04-07,9.75,84.36,0.0
2023-04-08,11.06,81.26,0.0
2023-04-09,11.87,85.55,0.0
2023-04-10,10.93,93.33,3.2
2023-04-11,12.12,80.47,0.2
2023-04-12,12.45,87.44,0.0
2023-04-13,14.66,82.17,0.0
2023-04-14,13.91,88.09,0.2
2023-04-15,13.38,86.4,2.2
2023-04-16,12.36,97.58,19.4
2023-04-17,13.13,95.92,2.4
2023-04-18,13.14,91.0,1.2
2023-04-19,13.18,93.37,3.6
2023-04-20,14.25,90.61,0.0
2023-04-21,15.79,86.35,0.0
2023-04-22,14.47,87.62,0.2
2023-04-23,15.33,79.28,0.0
2023-04-24,15.59,83.19,0.0
2023-04-25,16.37,89.45,0.0
2023-04-26,15.93,82.83,0.0
2023-04-27,13.99,74.44,0.0
2023-04-28,14.62,73.17,0.0
2023-04-29,15.18,83.86,0.0
2023-04-30,15.83,86.8,0.2
2023-05-01,16.01,96.47,0.4
2023-05-02,15.14,97.2,11.0
2023-05-03,15.22,98.44,12.4
2023-05-04,14.55,100.0,6.6
2023-05-05,17.68,86.1,0.6
2023-05-06,17.93,82.78,0.0
2023-05-07,19.35,79.53,0.0
2023-05-08,17.68,89.02,0.0
2023-05-09,18.92,90.05,0.0
2023-05-10,16.97,89.8,0.8
2023-05-11,16.98,90.23,0.2
2023-05-12,17.62,90.47,3.6
2023-05-13,16.78,92.42,0.2
2023-05-14,19.6,91.9,0.4
2023-05-15,22.59,76.03,0.0
2023-05-16,18.67,93.36,7.6
2023-05-17,16.54,95.41,4.4
2023-05-18,17.34,92.8,0.2
2023-05-19,19.51,84.28,0.2
2023-05-20,19.87,78.8,0.4
2023-05-21,19.17,81.91,0.8
2023-05-22,19.13,73.77,0.0
2023-05-23,18.42,82.21,6.6
2023-05-24,18.87,89.16,0.0
2023-05-25,20.28,82.82,0.2
2023-05-26,20.48,84.57,1.8
2023-05-27,20.51,82.61,0.0
2023-05-28,20.7,83.34,0.0
2023-05-29,20.88,84.05,0.8
2023-05-30,20.62,87.65,0.2
2023-05-31,20.24,87.12,1.4
2023-06-01,22.26,76.94,1.4
2023-06-02,21.3,78.16,0.0
2023-06-03,19.92,91.57,3.4
2023-06-04,21.22,83.38,0.0
2023-06-05,22.76,79.9,0.0
2023-06-06,23.42,75.41,0.0
2023-06-07,22.99,72.52,0.0
2023-06-08,23.74,74.42,0.0
2023-06-09,23.15,85.97,0.0
2023-06-10,22.63,90.66,0.0
2023-06-11,23.47,87.45,0.0
2023-06-12,21.76,89.99,6.2
2023-06-13,22.39,85.46,0.0
2023-06-14,23.41,84.1,0.0
2023-06-15,21.48,96.03,2.2
2023-06-16,21.21,92.82,10.2
2023-06-17,21.22,96.37,3.2
2023-06-18,22.25,82.7,0.0
2023-06-19,22.99,80.94,0.0
2023-06-20,23.92,83.39,0.0
2023-06-21,25.06,83.08,0.0
2023-06-22,26.69,82.5,0.0
2023-06-23,26.93,81.73,0.0
2023-06-24,27.44,81.66,0.0
2023-06-25,24.98,83.2,0.6
2023-06-26,24.85,86.88,0.0
2023-06-27,26.38,77.88,0.0
2023-06-28,25.11,87.52,0.0
2023-06-29,24.55,87.93,0.0
2023-06-30,25.13,85.06,0.0
2023-07-01,24.91,83.0,0.0
2023-07-02,24.78,88.95,0.0
2023-07-03,25.11,87.82,0.0
2023-07-04,26.36,85.64,0.0
2023-07-05,26.57,84.92,0.0
2023-07-06,26.64,80.94,0.0
2023-07-07,27.65,78.1,0.0
2023-07-08,26.07,77.08,0.0
2023-07-09,26.43,74.11,0.0
2023-07-10,26.19,73.39,0.0
2023-07-11,26.99,68.83,0.0
2023-07-12,26.26,78.74,0.0
2023-07-13,26.38,84.38,0.0
2023-07-14,26.61,83.42,0.0
2023-07-15,27.36,81.83,0.0
2023-07-16,30.2,72.52,0.0
2023-07-17,31.05,71.35,0.0
2023-07-18,30.38,73.62,0.0
2023-07-19,31.22,67.68,0.0
2023-07-20,29.45,76.19,0.0
2023-07-21,29.2,75.33,0.0
2023-07-22,29.75,66.62,0.0
2023-07-23,29.57,66.13,0.0
2023-07-24,29.77,73.86,0.0
2023-07-25,30.58,63.69,0.0
2023-07-26,28.65,73.57,0.0
2023-07-27,27.38,72.14,0.0
2023-07-28,25.43,75.68,0.0
2023-07-29,24.66,81.19,0.0
2023-07-30,26.57,80.18,0.0
2023-07-31,26.62,83.88,0.0
2023-08-01,27.24,81.68,0.0
2023-08-02,26.36,84.37,0.0
2023-08-03,26.12,81.69,0.0
2023-08-04,26.4,80.75,0.0
2023-08-05,25.4,87.54,3.4
2023-08-06,23.8,81.89,2.2
2023-08-07,24.15,79.95,0.0
2023-08-08,25.39,76.06,0.0
2023-08-09,26.64,66.76,0.0
2023-08-10,25.07,81.75,0.0
2023-08-11,25.45,71.52,0.0
2023-08-12,25.81,63.72,0.0
2023-08-13,26.65,56.28,0.0
2023-08-14,25.95,64.24,0.0
2023-08-15,25.33,79.09,0.0
2023-08-16,25.69,86.97,0.0
2023-08-17,26.43,83.35,0.0
2023-08-18,27.94,76.44,0.0
2023-08-19,28.53,73.49,0.0
2023-08-20,27.67,72.1,0.0
2023-08-21,30.18,53.08,0.0
2023-08-22,30.78,38.78,0.0
2023-08-23,29.67,57.73,0.0
2023-08-24,28.55,57.6,0.0
2023-08-25,27.49,70.15,0.0
2023-08-26,25.2,84.75,2.4
2023-08-27,26.02,84.67,0.0
2023-08-28,27.37,78.78,0.0
2023-08-29,24.5,82.92,2.6
2023-08-30,23.75,80.72,0.0
2023-08-31,23.3,82.18,3.4
2023-09-01,22.12,84.34,0.0
2023-09-02,24.7,77.78,0.0
2023-09-03,26.37,71.61,0.0
2023-09-04,21.32,89.33,3.8
2023-09-05,18.77,93.6,18.2
2023-09-06,20.65,95.57,8.0
2023-09-07,23.8,79.74,0.2
2023-09-08,27.05,50.65,0.0
2023-09-09,27.04,51.11,0.0
2023-09-10,19.97,40.6,0.4
2023-09-11,23.05,43.34,0.0
2023-09-12,19.54,64.95,0.0
2023-09-13,22.91,79.7,0.0
2023-09-14,22.78,86.97,0.0
2023-09-15,23.14,89.53,0.0
2023-09-16,23.26,87.26,0.0
2023-09-17,24.65,78.98,0.0
2023-09-18,25.08,76.43,0.0
2023-09-19,24.04,82.54,0.0
2023-09-20,24.2,89.97,0.0
2023-09-21,24.78,85.75,0.0
2023-09-22,24.27,83.24,0.0
2023-09-23,24.75,71.69,0.0
2023-09-24,24.04,80.36,0.0
2023-09-25,21.33,93.16,0.0
2023-09-26,20.76,89.74,0.0
2023-09-27,20.24,88.85,0.0
2023-09-28,22.06,78.76,0.0
2023-09-29,21.42,79.22,0.0
2023-09-30,21.35,80.98,0.0
2023-10-01,22.09,78.51,0.0
2023-10-02,22.32,72.56,0.0
2023-10-03,22.09,69.39,0.0
2023-10-04,21.04,79.32,0.0
2023-10-05,21.37,85.49,0.0
2023-10-06,20.63,88.76,0.0
2023-10-07,21.61,75.86,0.0
2023-10-08,20.88,78.57,0.0
2023-10-09,21.54,75.49,0.0
2023-10-10,21.1,83.5,0.0
2023-10-11,21.42,73.83,0.0
2023-10-12,19.48,77.37,0.0
2023-10-13,19.62,85.72,0.0
2023-10-14,20.2,89.74,0.0
2023-10-15,20.42,90.27,0.0
2023-10-16,20.5,92.24,0.0
2023-10-17,18.77,93.03,0.0
2023-10-18,18.77,91.48,0.0
2023-10-19,19.47,88.56,0.0
2023-10-20,21.15,87.98,0.0
2023-10-21,21.98,68.38,0.0
2023-10-22,21.75,83.72,0.0
2023-10-23,22.01,90.1,0.0
2023-10-24,20.02,92.42,0.0
2023-10-25,20.07,88.9,0.0
2023-10-26,19.14,97.4,0.0
2023-10-27,19.79,97.81,0.0
2023-10-28,21.71,95.72,0.0
2023-10-29,19.92,91.79,0.0
2023-10-30,19.25,86.5,0.0
2023-10-31,18.9,89.76,0.0
2023-11-01,19.81,95.67,0.0
2023-11-02,18.28,95.76,0.0
2023-11-03,20.11,96.33,0.0
2023-11-04,17.82,97.92,0.0
2023-11-05,16.32,99.19,0.0
2023-11-06,19.65,94.6,0.0
2023-11-07,17.09,91.67,0.0
2023-11-08,16.56,96.32,0.0
2023-11-09,15.01,91.97,0.0
2023-11-10,14.33,98.19,0.0
2023-11-11,16.48,96.88,0.0
2023-11-12,14.49,99.54,0.0
2023-11-13,16.44,94.41,0.0
2023-11-14,14.64,94.35,0.0
2023-11-15,15.77,95.81,0.0
2023-11-16,16.58,92.33,0.0
2023-11-17,13.44,99.28,0.0
2023-11-18,13.61,72.92,0.0
2023-11-19,8.59,72.4,0.0
2023-11-20,10.13,83.67,0.0
2023-11-21,12.86,86.07,0.0
2023-11-22,16.3,99.35,0.0
2023-11-23,17.21,90.23,0.0
2023-11-24,14.39,98.26,0.0
2023-11-25,12.91,99.22,0.0
2023-11-26,7.67,76.73,0.0
2023-11-27,7.58,80.86,0.0
2023-11-28,13.97,97.65,0.0
2023-11-29,14.26,97.48,0.0
2023-11-30,13.53,93.26,0.0
2023-12-01,16.15,96.98,0.0
2023-12-02,18.0,95.26,0.0
2023-12-03,16.69,98.2,0.0
2023-12-04,13.01,91.74,0.0
2023-12-05,12.04,97.19,0.0
2023-12-06,11.88,98.31,0.0
2023-12-07,10.78,96.33,0.0
2023-12-08,7.57,90.08,0.0
2023-12-09,7.42,85.25,0.0
2023-12-10,8.47,89.45,0.0
2023-12-11,10.24,90.66,0.0
2023-12-12,10.21,93.23,0.0
2023-12-13,12.02,94.86,0.0
2023-12-14,16.47,96.9,0.0
2023-12-15,13.88,99.6,0.0
2023-12-16,11.26,78.38,0.0
2023-12-17,10.17,67.14,0.0
2023-12-18,7.15,82.03,0.0
2023-12-19,8.88,87.26,0.0
2023-12-20,9.46,89.71,0.0
2023-12-21,11.25,86.32,0.0
2023-12-22,9.21,99.3,0.0
2023-12-23,9.96,94.01,0.0
2023-12-24,10.51,94.65,0.0
2023-12-25,11.57,92.19,0.0
2023-12-26,11.62,93.01,0.0
2023-12-27,11.36,90.44,0.0
2023-12-28,9.57,89.99,0.0
2023-12-29,9.72,94.17,0.0
2023-12-30,10.76,92.78,0.0
2023-12-31,10.09,95.26,0.0
2024-01-01,11.62,96.91,0.0
2024-01-02,12.03,100.0,0.0
2024-01-03,10.66,99.91,0.0
2024-01-04,11.53,100.0,0.0
2024-01-05,12.0,97.37,0.0
2024-01-06,13.66,89.86,0.0
2024-01-07,12.26,96.6,0.0
2024-01-08,9.22,99.78,0.0
2024-01-09,10.2,79.47,0.0
2024-01-10,8.38,73.36,0.0
2024-01-11,7.78,82.78,0.0
2024-01-12,9.3,82.54,0.0
2024-01-13,6.99,72.52,0.0
2024-01-14,5.9,88.33,0.0
2024-01-15,8.37,99.92,0.0
2024-01-16,12.06,97.29,0.0
2024-01-17,12.51,97.0,0.0
2024-01-18,15.32,96.72,0.0
2024-01-19,14.53,95.89,0.0
2024-01-20,12.59,98.86,0.0
2024-01-21,9.61,59.33,0.0
2024-01-22,7.83,52.62,0.0
2024-01-23,4.93,80.17,0.0
2024-01-24,6.92,80.29,0.0
2024-01-25,8.34,84.51,0.0
2024-01-26,7.76,86.19,0.0
2024-01-27,8.03,78.01,0.0
2024-01-28,8.48,56.36,0.0
2024-01-29,6.87,58.59,0.0
2024-01-30,6.29,55.56,0.0
2024-01-31,4.93,65.47,0.0
2024-02-01,5.62,68.72,0.0
2024-02-02,6.16,82.38,0.0
2024-02-03,7.98,78.44,0.0
2024-02-04,8.55,85.94,0.0
2024-02-05,9.92,93.43,0.0
2024-02-06,10.58,91.54,0.0
2024-02-07,11.99,91.51,0.0
2024-02-08,12.66,89.4,0.0
2024-02-09,11.69,91.89,0.0
2024-02-10,13.67,87.13,0.0
2024-02-11,15.83,82.28,0.0
2024-02-12,10.23,99.19,0.0
2024-02-13,10.35,92.89,0.0
2024-02-14,11.45,78.6,0.0
2024-02-15,9.28,74.84,0.0
2024-02-16,9.31,75.51,0.0
2024-02-17,10.14,82.01,0.0
2024-02-18,10.64,88.12,0.0
2024-02-19,11.12,91.03,0.0
2024-02-20,12.47,88.19,0.0
2024-02-21,11.89,90.07,0.0
2024-02-22,11.09,92.39,0.0
2024-02-23,13.76,94.74,0.0
2024-02-24,15.18,94.85,0.0
2024-02-25,13.73,96.13,0.0
2024-02-26,15.25,77.79,0.0
2024-02-27,13.09,88.73,0.0
2024-02-28,15.58,84.51,0.0
2024-02-29,16.66,82.31,0.0
2024-03-01,13.17,92.58,0.0
2024-03-02,11.81,91.62,0.0
2024-03-03,12.05,92.28,0.0
2024-03-04,12.35,87.21,0.0
2024-03-05,10.29,92.18,0.0
2024-03-06,11.35,89.55,0.0
2024-03-07,11.54,90.18,0.0
2024-03-08,9.12,87.14,0.0
2024-03-09,9.14,96.5,0.0
2024-03-10,12.51,87.56,0.0
2024-03-11,14.22,89.01,0.0
2024-03-12,12.22,93.09,0.0
2024-03-13,11.25,95.11,0.0
2024-03-14,11.47,90.21,0.0
2024-03-15,12.19,89.14,0.0
2024-03-16,12.93,88.43,0.0
2024-03-17,13.36,93.72,0.0
2024-03-18,12.85,91.66,0.0
2024-03-19,11.38,98.85,0.0
2024-03-20,11.82,77.94,0.0
2024-03-21,11.61,83.23,0.0
2024-03-22,12.2,88.26,0.0
2024-03-23,12.77,80.12,0.0
2024-03-24,12.51,92.72,0.0
2024-03-25,15.62,86.84,0.0
2024-03-26,14.55,87.84,0.0
2024-03-27,18.15,83.06,0.0
2024-03-28,16.81,85.78,0.0
2024-03-29,14.83,84.69,0.0
2024-03-30,16.4,79.95,0.0
2024-03-31,16.98,78.6,0.0
2024-04-01,18.08,73.72,0.0
2024-04-02,16.61,87.03,0.0
2024-04-03,14.24,82.94,0.0
2024-04-04,14.72,87.22,0.0
2024-04-05,15.76,84.59,0.0
2024-04-06,15.79,86.88,0.0
2024-04-07,17.03,88.44,0.0
2024-04-08,19.14,64.97,0.0
2024-04-09,16.61,79.64,0.0
2024-04-10,16.25,86.71,0.0
2024-04-11,17.39,81.96,0.0
2024-04-12,20.01,61.72,0.0
2024-04-13,19.98,78.33,0.0
2024-04-14,19.87,81.15,0.0
2024-04-15,18.86,82.56,0.0
2024-04-16,18.38,82.92,0.0
2024-04-17,19.16,87.63,0.0
2024-04-18,15.77,82.94,0.0
2024-04-19,13.11,91.93,0.0
2024-04-20,12.91,81.77,0.0
2024-04-21,12.85,95.76,0.0
2024-04-22,14.23,89.72,0.0
2024-04-23,18.97,86.55,0.0
2024-04-24,15.93,86.12,0.0
2024-04-25,13.86,89.89,0.0
2024-04-26,13.87,83.06,0.0
2024-04-27,16.12,84.77,0.0
2024-04-28,18.44,76.27,0.0
2024-04-29,19.98,63.64,0.0
2024-04-30,19.99,70.24,0.0
2024-05-01,18.88,84.73,0.0
2024-05-02,18.25,95.35,0.0
2024-05-03,17.21,79.17,0.0
2024-05-04,15.96,83.33,0.0
2024-05-05,17.69,79.46,0.0
2024-05-06,17.63,86.85,0.0
2024-05-07,17.53,85.85,0.0
2024-05-08,18.1,89.08,0.0
2024-05-09,18.61,90.23,0.0
2024-05-10,18.03,83.42,0.0
2024-05-11,17.59,81.82,0.0
2024-05-12,17.78,83.68,0.0
2024-05-13,18.03,88.63,0.0
2024-05-14,17.68,91.78,0.0
2024-05-15,19.98,75.48,0.0
2024-05-16,20.66,83.08,0.0
2024-05-17,22.64,74.62,0.0
2024-05-18,22.59,85.21,0.0
2024-05-19,23.27,85.69,0.0
2024-05-20,24.1,80.54,0.0
2024-05-21,24.25,79.35,0.0
2024-05-22,21.16,83.12,0.0
2024-05-23,20.82,82.44,0.0
2024-05-24,20.6,80.2,0.0
2024-05-25,21.12,82.07,0.0
2024-05-26,20.52,81.88,0.0
2024-05-27,21.29,66.47,0.0
2024-05-28,20.16,77.47,0.0
2024-05-29,19.84,84.42,0.0
2024-05-30,20.47,84.21,0.0
2024-05-31,21.09,81.87,0.0
2024-06-01,22.31,78.23,0.0
2024-06-02,24.52,73.6,0.0
2024-06-03,24.39,78.09,0.0
2024-06-04,22.97,81.9,0.0
2024-06-05,23.26,81.53,0.0
2024-06-06,26.16,71.43,0.0
2024-06-07,27.59,66.25,0.0
2024-06-08,25.47,82.74,0.0
2024-06-09,25.62,84.4,0.0
2024-06-10,25.29,77.4,0.0
2024-06-11,24.58,67.95,0.0
2024-06-12,26.11,64.19,0.0
2024-06-13,27.51,67.74,0.0
2024-06-14,26.03,78.9,0.0
2024-06-15,22.27,82.89,0.0
2024-06-16,22.65,86.94,0.0
2024-06-17,24.43,79.6,0.0
2024-06-18,26.2,79.38,0.0
2024-06-19,29.3,70.67,0.0
2024-06-20,28.75,76.42,0.0
2024-06-21,31.35,57.09,0.0
2024-06-22,29.38,70.06,0.0
2024-06-23,28.05,82.36,0.0
2024-06-24,27.06,89.79,0.0
2024-06-25,27.7,80.52,0.0
2024-06-26,28.72,71.45,0.0
2024-06-27,26.64,80.42,0.0
2024-06-28,26.48,79.57,0.0
2024-06-29,28.38,67.01,0.0
2024-06-30,28.83,63.08,0.0
2024-07-01,27.1,73.19,0.0
2024-07-02,26.35,74.69,0.0
2024-07-03,24.58,80.43,0.0
2024-07-04,24.79,79.76,0.0
2024-07-05,26.1,69.81,0.0
2024-07-06,27.29,66.18,0.0
2024-07-07,27.57,67.23,0.0
2024-07-08,27.29,81.02,0.0
2024-07-09,30.17,71.78,0.0
2024-07-10,31.2,57.9,0.0
2024-07-11,30.82,58.36,0.0
2024-07-12,28.45,78.12,0.0
2024-07-13,28.82,77.62,0.0
2024-07-14,29.39,77.03,0.0
2024-07-15,29.57,79.01,0.0
2024-07-16,30.47,64.83,0.0
2024-07-17,31.49,58.99,0.0
2024-07-18,31.38,59.44,0.0
2024-07-19,30.66,59.13,0.0
2024-07-20,30.84,60.6,0.0
2024-07-21,28.57,83.01,0.0
2024-07-22,28.86,84.51,0.0
2024-07-23,28.29,81.17,0.0
2024-07-24,28.83,68.79,0.0
2024-07-25,28.25,70.32,0.0
2024-07-26,28.25,73.51,0.0
2024-07-27,28.74,68.97,0.0
2024-07-28,28.99,65.55,0.0
2024-07-29,29.41,69.37,0.0
2024-07-30,28.7,65.49,3.6
2024-07-31,28.97,63.18,0.0
2024-08-01,28.16,67.33,0.0
2024-08-02,26.81,81.47,0.0
2024-08-03,27.0,86.31,0.0
2024-08-04,27.6,83.88,0.0
2024-08-05,27.98,81.72,0.0
2024-08-06,27.45,81.74,0.0
2024-08-07,28.05,83.03,0.0
2024-08-08,27.87,82.06,0.0
2024-08-09,27.87,82.81,0.0
2024-08-10,29.61,75.08,0.0
2024-08-11,29.85,66.37,0.0
2024-08-12,30.32,62.81,0.0
2024-08-13,28.52,68.77,0.0
2024-08-14,28.53,72.13,0.0
2024-08-15,29.55,67.28,0.0
2024-08-16,29.83,62.07,0.0
2024-08-17,28.2,77.42,0.0
2024-08-18,28.37,82.65,0.0
2024-08-19,27.29,84.83,0.2
2024-08-20,26.54,82.16,3.8
2024-08-21,25.98,83.56,0.0
2024-08-22,28.29,74.49,0.0
2024-08-23,29.75,66.96,0.0
2024-08-24,29.13,75.93,0.0
2024-08-25,28.73,77.59,0.0
2024-08-26,26.36,78.2,1.6
2024-08-27,27.07,68.6,0.0
2024-08-28,27.41,64.78,0.0
2024-08-29,25.66,78.9,0.6
2024-08-30,24.49,84.34,4.8
2024-08-31,24.8,82.24,0.0
2024-09-01,25.77,75.65,0.0
2024-09-02,26.26,82.93,0.0
2024-09-03,24.98,86.49,15.6
2024-09-04,25.08,84.03,0.0
2024-09-05,25.46,83.98,0.0
2024-09-06,26.22,82.58,0.0
2024-09-07,26.58,88.75,0.0
2024-09-08,27.04,81.31,0.0
2024-09-09,25.38,87.3,35.4
2024-09-10,21.9,95.06,6.0
2024-09-11,22.62,87.04,0.0
2024-09-12,23.48,84.42,0.0
2024-09-13,24.03,89.42,20.6
2024-09-14,22.0,72.12,0.0
2024-09-15,18.67,78.85,0.0
2024-09-16,19.85,79.26,0.0
2024-09-17,19.42,86.65,3.2
2024-09-18,21.8,87.14,5.2
2024-09-19,20.47,93.91,0.8
2024-09-20,21.29,86.42,0.0
2024-09-21,21.74,82.92,0.0
2024-09-22,21.45,77.81,0.0
2024-09-23,21.47,81.15,0.0
2024-09-24,22.09,86.35,0.0
2024-09-25,22.26,89.19,0.0
2024-09-26,22.53,88.64,0.0
2024-09-27,22.13,88.89,0.0
2024-09-28,22.24,89.56,0.0
2024-09-29,22.28,83.44,2.8
2024-09-30,18.75,76.99,0.0
2024-10-01,16.94,78.49,0.0
2024-10-02,18.2,84.1,0.0
2024-10-03,20.72,84.5,0.0
2024-10-04,22.51,92.21,9.2
2024-10-05,21.08,97.16,7.0
2024-10-06,18.68,92.38,7.8
2024-10-07,17.76,86.77,0.0
2024-10-08,18.93,84.49,0.0
2024-10-09,18.66,92.86,0.0
2024-10-10,21.81,94.56,0.0
2024-10-11,22.37,92.27,0.0
2024-10-12,21.32,89.43,0.0
2024-10-13,19.74,86.74,0.0
2024-10-14,19.07,87.04,0.0
2024-10-15,19.61,86.42,0.0
2024-10-16,20.58,82.97,0.0
2024-10-17,20.1,76.52,0.0
2024-10-18,18.26,74.23,0.0
2024-10-19,16.96,76.49,0.0
2024-10-20,17.57,72.44,0.0
2024-10-21,18.23,76.82,0.0
2024-10-22,17.17,75.77,0.0
2024-10-23,16.82,72.74,0.0
2024-10-24,16.68,72.01,0.0
2024-10-25,16.32,68.26,0.0
2024-10-26,16.63,76.99,0.0
2024-10-27,15.83,74.11,0.0
2024-10-28,15.4,85.03,0.0
2024-10-29,16.42,86.42,0.0
2024-10-30,17.74,80.56,0.0
2024-10-31,16.5,79.17,0.0
2024-11-01,15.67,76.17,0.0
2024-11-02,15.86,77.67,0.0
2024-11-03,16.16,79.34,0.0
2024-11-04,15.69,85.49,0.0
2024-11-05,15.71,74.08,0.0
2024-11-06,13.96,75.9,0.0
2024-11-07,12.96,70.74,0.0
2024-11-08,13.08,63.15,0.0
2024-11-09,11.95,68.25,0.0
2024-11-10,12.14,62.03,0.0
2024-11-11,12.2,80.88,0.0
2024-11-12,12.66,99.35,1.2
2024-11-13,14.16,99.01,19.8
2024-11-14,15.71,98.64,10.4
2024-11-15,13.5,100.0,18.8
2024-11-16,11.85,84.53,0.0
2024-11-17,10.91,89.67,0.0
2024-11-18,12.0,91.81,0.0
2024-11-19,12.55,91.53,11.8
2024-11-20,15.64,98.96,18.4
2024-11-21,16.28,84.38,0.0
2024-11-22,14.98,96.97,18.6
2024-11-23,10.97,75.24,0.0
2024-11-24,6.87,71.3,0.0
2024-11-25,7.32,80.92,0.0
2024-11-26,9.1,84.86,0.0
2024-11-27,10.35,89.0,0.0
2024-11-28,12.02,92.47,0.0
2024-11-29,13.22,99.96,24.4
2024-11-30,12.41,100.0,11.0
2024-12-01,9.52,100.0,12.8
2024-12-02,10.43,93.55,1.8
2024-12-03,11.31,87.29,0.0
2024-12-04,12.32,96.6,1.2
2024-12-05,12.75,98.76,4.6
2024-12-06,14.68,92.53,3.6
2024-12-07,12.51,100.0,27.0
2024-12-08,11.12,98.56,13.8
2024-12-09,11.91,98.81,25.2
2024-12-10,10.38,100.0,13.4
2024-12-11,10.5,95.45,0.2
2024-12-12,9.6,93.74,0.2
2024-12-13,9.31,89.81,0.0
2024-12-14,10.45,93.71,26.4
2024-12-15,11.32,99.45,14.2
2024-12-16,9.11,86.67,0.0
2024-12-17,8.33,90.19,0.0
2024-12-18,8.79,91.43,0.0
2024-12-19,10.0,93.57,0.2
2024-12-20,10.54,99.9,8.6
2024-12-21,9.73,93.54,8.6
2024-12-22,7.2,95.39,0.6
2024-12-23,8.54,100.0,35.0
2024-12-24,7.48,97.56,8.6
2024-12-25,7.63,88.9,0.0
2024-12-26,11.51,67.45,0.0
2024-12-27,10.35,72.06,0.0
2024-12-28,6.82,78.72,0.0
2024-12-29,6.01,83.74,0.0
2024-12-30,7.18,83.53,0.0
2024-12-31,7.24,86.93,0.0
2025-01-01,7.76,90.2,0.0
2025-01-02,8.73,92.06,0.6
2025-01-03,9.83,96.22,1.2
2025-01-04,10.35,100.0,3.0
2025-01-05,9.48,96.85,0.2
2025-01-06,10.29,98.22,0.6
2025-01-07,12.79,99.6,2.4
2025-01-08,13.59,98.15,0.4
2025-01-09,13.96,96.4,0.4
2025-01-10,12.08,99.89,4.2
2025-01-11,12.86,98.76,1.2
2025-01-12,13.23,100.0,10.4
2025-01-13,8.29,82.84,2.2
2025-01-14,8.27,74.58,1.4
2025-01-15,8.65,83.38,0.0
2025-01-16,10.03,80.88,0.2
2025-01-17,11.35,72.44,1.0
2025-01-18,12.02,79.99,0.4
2025-01-19,10.26,78.69,0.0
2025-01-20,10.9,82.33,2.0
2025-01-21,10.21,99.02,21.4
2025-01-22,10.56,95.24,2.8
2025-01-23,11.03,93.01,0.2
2025-01-24,13.18,93.28,0.0
2025-01-25,11.54,92.69,0.0
2025-01-26,10.85,93.1,0.0
2025-01-27,11.48,92.8,0.2
2025-01-28,11.96,93.6,0.0
2025-01-29,15.47,94.28,0.2
2025-01-30,12.2,98.93,16.8
2025-01-31,11.84,95.5,0.2
2025-02-01,11.28,89.3,0.2
2025-02-02,12.08,88.72,0.0
2025-02-03,11.6,97.76,8.2
2025-02-04,12.14,76.59,0.2
2025-02-05,10.27,73.9,0.0
2025-02-06,7.8,77.86,0.0
2025-02-07,6.93,75.09,0.0
2025-02-08,6.42,69.02,0.0
2025-02-09,5.5,77.47,0.0
2025-02-10,5.78,72.13,0.0
2025-02-11,7.36,71.15,0.0
2025-02-12,8.27,90.98,0.6
2025-02-13,7.77,99.85,28.8
2025-02-14,9.23,100.0,26.0
2025-02-15,10.6,98.08,0.8
2025-02-16,11.58,95.62,0.4
2025-02-17,10.98,93.21,0.2
2025-02-18,10.97,87.71,0.0
2025-02-19,9.52,80.32,0.0
2025-02-20,7.65,69.17,0.0
2025-02-21,6.89,72.39,0.0
2025-02-22,6.32,72.54,0.0
2025-02-23,7.62,92.12,0.0
2025-02-24,10.26,95.91,0.2
2025-02-25,11.37,93.72,0.4
2025-02-26,11.99,88.99,0.0
2025-02-27,11.0,100.0,12.2
2025-02-28,10.69,93.62,0.0
2025-03-01,11.69,91.49,0.2
2025-03-02,11.49,90.28,0.0
2025-03-03,11.38,74.39,0.0
2025-03-04,11.01,59.2,0.0
2025-03-05,9.64,70.35,0.0
2025-03-06,11.19,71.11,0.0
2025-03-07,11.8,69.92,0.0
2025-03-08,11.97,77.47,0.0
2025-03-09,11.74,83.06,0.0
2025-03-10,12.72,82.58,0.0
2025-03-11,15.53,84.44,0.0
2025-03-12,18.28,77.54,0.0
2025-03-13,17.81,89.86,0.0
2025-03-14,17.42,81.86,0.0
2025-03-15,19.63,64.82,0.0
2025-03-16,17.31,90.67,0.0
2025-03-17,13.09,76.2,0.0
2025-03-18,9.29,90.74,3.8
2025-03-19,9.29,63.74,0.0
2025-03-20,9.11,78.87,0.0
2025-03-21,10.4,85.62,0.0
2025-03-22,11.09,87.74,0.0
2025-03-23,13.24,83.66,0.0
2025-03-24,17.49,69.02,0.2
2025-03-25,13.92,94.56,3.6
2025-03-26,16.64,83.44,0.0
2025-03-27,14.21,96.88,5.8
2025-03-28,12.81,94.17,1.4
2025-03-29,12.63,99.76,17.6
2025-03-30,14.26,92.38,6.4
2025-03-31,13.72,91.65,0.8
2025-04-01,13.73,89.43,3.8
2025-04-02,14.4,86.57,0.2
2025-04-03,14.74,91.99,0.0
2025-04-04,13.2,95.55,1.0
2025-04-05,13.47,86.71,0.0
2025-04-06,14.06,90.17,0.4
2025-04-07,12.49,77.72,1.8
2025-04-08,11.65,67.51,0.0
2025-04-09,11.38,73.6,0.0
2025-04-10,11.22,80.6,0.0
2025-04-11,12.26,81.57,0.0
2025-04-12,13.43,86.48,0.0
2025-04-13,15.14,83.13,0.0
2025-04-14,15.9,92.11,0.0
2025-04-15,17.5,91.38,0.2
2025-04-16,20.02,80.84,0.0
2025-04-17,19.87,83.29,0.0
2025-04-18,16.08,88.22,0.2
2025-04-19,14.7,89.53,0.2
2025-04-20,16.32,89.91,0.0
2025-04-21,17.24,81.97,0.0
2025-04-22,18.52,78.22,0.0
2025-04-23,17.04,89.2,0.0
2025-04-24,16.92,94.12,0.0
2025-04-25,17.31,91.38,2.4
2025-04-26,16.35,88.08,0.0
2025-04-27,18.1,75.54,0.0
2025-04-28,18.18,60.32,0.0
2025-04-29,17.96,44.64,0.0
2025-04-30,17.34,62.96,0.0
2025-05-01,18.17,76.69,0.0
2025-05-02,19.56,74.84,0.4
2025-05-03,18.76,85.99,0.0
2025-05-04,18.91,84.82,0.0
2025-05-05,19.25,82.08,0.0
2025-05-06,19.27,82.81,0.0
2025-05-07,20.85,76.55,0.0
2025-05-08,20.2,78.58,0.0
2025-05-09,21.26,77.19,0.4
2025-05-10,19.94,85.16,0.0
2025-05-11,19.21,88.97,0.0
2025-05-12,19.71,83.6,0.0
2025-05-13,18.18,87.42,1.0
2025-05-14,18.27,85.4,0.0
2025-05-15,18.96,83.92,2.0
2025-05-16,17.03,99.43,31.2
2025-05-17,16.32,89.81,0.4
2025-05-18,16.09,80.45,0.0
2025-05-19,17.47,85.51,0.0
2025-05-20,18.87,86.7,0.0
2025-05-21,20.97,79.3,0.0
2025-05-22,20.99,84.64,0.2
2025-05-23,18.48,94.52,2.8
2025-05-24,22.41,79.07,0.4
2025-05-25,20.69,83.18,0.0
2025-05-26,18.65,73.08,0.0
2025-05-27,18.69,82.28,0.0
2025-05-28,18.18,93.0,5.8
2025-05-29,17.74,92.44,0.4
2025-05-30,19.79,81.97,0.2
2025-05-31,20.17,81.44,1.2
2025-06-01,21.28,79.47,0.0
2025-06-02,20.8,86.61,0.0
2025-06-03,20.88,88.17,0.0
2025-06-04,21.21,91.78,0.0
2025-06-05,22.13,89.38,0.0
2025-06-06,22.76,88.47,0.0
2025-06-07,23.99,86.61,0.0
2025-06-08,24.37,87.05,0.0
2025-06-09,25.64,83.22,0.0
2025-06-10,27.98,73.68,0.0
2025-06-11,26.94,75.47,0.0
2025-06-12,26.49,79.09,0.0
2025-06-13,27.09,77.96,0.0
2025-06-14,26.95,77.06,0.0
2025-06-15,26.02,81.8,0.0
2025-06-16,25.43,86.75,0.0
2025-06-17,26.21,81.26,0.0
2025-06-18,27.77,59.47,0.0
2025-06-19,27.73,61.69,0.0
2025-06-20,26.26,79.76,0.0
2025-06-21,26.97,69.9,0.0
2025-06-22,26.61,64.99,0.0
2025-06-23,26.39,68.51,0.0
2025-06-24,25.61,82.72,0.0
2025-06-25,26.63,81.8,0.0
2025-06-26,27.85,78.82,0.0
2025-06-27,29.85,72.44,0.0
2025-06-28,28.75,78.58,1.6
2025-06-29,29.39,61.51,0.0
2025-06-30,27.83,72.12,0.0
2025-07-01,28.84,70.93,0.0
2025-07-02,30.2,61.25,0.0
2025-07-03,28.42,70.83,0.0
2025-07-04,28.56,72.12,0.0
2025-07-05,29.23,67.29,0.0
2025-07-06,28.11,66.26,0.0
2025-07-07,26.77,80.6,0.0
2025-07-08,27.62,83.13,0.0
2025-07-09,27.75,68.58,0.0
2025-07-10,23.93,64.66,0.0
2025-07-11,24.96,69.1,0.0
2025-07-12,24.58,77.42,0.0
2025-07-13,24.41,82.72,0.0
2025-07-14,25.39,85.75,0.0
2025-07-15,26.28,82.47,0.0
2025-07-16,28.74,66.27,0.0
2025-07-17,26.63,80.53,0.0
2025-07-18,26.46,87.35,0.0
2025-07-19,25.34,84.34,0.0
2025-07-20,26.67,77.12,0.0
2025-07-21,27.15,76.53,0.0
2025-07-22,27.49,74.88,0.0
2025-07-23,26.53,84.98,0.0
2025-07-24,27.35,82.03,0.0
2025-07-25,28.82,73.42,0.0
2025-07-26,32.03,56.92,0.0
2025-07-27,27.59,77.33,0.0
2025-07-28,25.41,83.12,0.0
2025-07-29,25.3,85.69,1.2
2025-07-30,24.49,85.63,0.0
2025-07-31,24.76,87.24,0.0
2025-08-01,25.51,75.89,0.0
2025-08-02,25.36,85.49,0.0
2025-08-03,25.02,84.33,0.0
2025-08-04,24.59,80.88,0.0
2025-08-05,24.42,84.31,0.6
2025-08-06,26.54,75.44,0.2
2025-08-07,28.06,71.55,0.0
2025-08-08,30.44,53.37,0.0
2025-08-09,30.27,51.91,0.0
2025-08-10,29.66,45.02,0.0
2025-08-11,31.99,38.83,0.0
2025-08-12,31.64,44.69,0.0
2025-08-13,31.94,50.84,0.0
2025-08-14,26.45,73.98,0.0
2025-08-15,28.07,63.16,0.0
2025-08-16,27.59,58.81,0.0
2025-08-17,25.82,67.21,0.0
2025-08-18,25.29,79.68,0.0
2025-08-19,25.61,80.06,0.0
2025-08-20,25.85,84.33,0.0
2025-08-21,26.11,84.21,0.0
2025-08-22,26.44,89.53,0.0
2025-08-23,26.21,83.56,0.0
2025-08-24,25.61,81.74,0.0
2025-08-25,25.77,82.81,0.0
2025-08-26,25.41,77.49,0.0
2025-08-27,24.66,75.86,0.0
2025-08-28,25.9,67.72,0.0
2025-08-29,25.48,64.78,0.0
2025-08-30,24.36,82.44,0.0
2025-08-31,23.83,87.93,17.4
2025-09-01,23.15,85.11,0.0
2025-09-02,24.03,83.98,0.0
2025-09-03,24.24,79.9,0.0
2025-09-04,23.28,80.88,0.0
2025-09-05,24.69,79.85,0.0
2025-09-06,25.53,82.09,0.0
2025-09-07,24.36,84.6,1.8
2025-09-08,23.1,85.82,0.0
2025-09-09,23.79,88.98,0.0
2025-09-10,23.92,82.58,0.0
2025-09-11,23.82,85.81,0.0
2025-09-12,24.66,84.56,0.0
2025-09-13,25.43,77.49,0.0
2025-09-14,24.8,82.18,0.0
2025-09-15,24.99,83.15,0.0
2025-09-16,24.89,83.29,0.0
2025-09-17,24.18,90.7,0.0
2025-09-18,25.24,64.19,0.0
2025-09-19,22.54,60.72,0.0
2025-09-20,22.9,66.76,0.0
2025-09-21,22.62,74.35,0.0
2025-09-22,22.19,76.01,0.0
2025-09-23,22.23,83.02,0.0
2025-09-24,22.37,86.82,0.0
2025-09-25,23.48,86.8,0.0
2025-09-26,24.0,75.24,0.0
2025-09-27,23.39,68.35,0.0
2025-09-28,17.47,96.56,23.0
2025-09-29,18.79,91.06,0.0
2025-09-30,19.35,88.5,0.0
2025-10-01,19.8,83.69,6.4
2025-10-02,16.03,99.78,27.0
2025-10-03,12.48,97.97,6.0
2025-10-04,13.78,92.88,0.0
2025-10-05,16.51,86.42,0.0
2025-10-06,17.56,96.47,35.8
2025-10-07,14.87,83.99,0.0
2025-10-08,13.22,86.07,0.0
2025-10-09,15.33,82.74,0.0
2025-10-10,16.87,86.35,0.0
2025-10-11,17.7,91.0,0.0
2025-10-12,18.08,67.9,0.0
2025-10-13,16.95,83.21,0.0
2025-10-14,17.46,88.01,0.0
2025-10-15,17.81,87.57,0.0
2025-10-16,17.03,97.19,2.2
2025-10-17,15.59,99.97,11.4
2025-10-18,18.1,96.99,5.0
2025-10-19,17.56,97.9,2.2
2025-10-20,18.58,89.47,0.0
2025-10-21,18.4,88.05,0.0
2025-10-22,16.88,98.85,8.4
2025-10-23,18.45,98.48,4.0
2025-10-24,19.32,95.58,1.6
2025-10-25,16.55,92.65,0.2
2025-10-26,16.1,100.0,0.2
2025-10-27,18.75,96.24,0.4
2025-10-28,15.8,93.15,0.0
2025-10-29,16.02,89.56,0.0
2025-10-30,15.34,87.92,0.2
2025-10-31,16.45,88.65,2.8
2025-11-01,17.47,94.48,0.0
2025-11-02,17.32,91.59,0.0
2025-11-03,17.13,98.56,5.2
2025-11-04,16.88,99.81,7.6
2025-11-05,17.86,85.51,0.2
2025-11-06,16.35,85.74,0.0
2025-11-07,16.13,91.28,0.0
2025-11-08,16.68,99.31,31.2
2025-11-09,17.72,96.59,38.4
2025-11-10,15.5,99.99,19.0
2025-11-11,14.56,95.56,0.2
2025-11-12,13.99,91.0,0.2
2025-11-13,13.62,88.9,0.0
2025-11-14,13.2,93.17,0.0
2025-11-15,13.31,96.01,0.2
2025-11-16,13.17,93.99,0.0
2025-11-17,15.97,95.12,1.6
2025-11-18,19.22,96.66,8.0
2025-11-19,18.44,96.33,2.4
2025-11-20,16.23,98.08,29.4
2025-11-21,16.65,96.75,40.6
2025-11-22,14.5,99.99,18.2
2025-11-23,11.7,95.01,3.6
2025-11-24,9.59,93.4,0.2
2025-11-25,13.18,99.62,9.0
2025-11-26,15.58,98.64,13.2
2025-11-27,12.74,100.0,55.2
2025-11-28,10.72,100.0,28.8
2025-11-29,9.94,100.0,10.0
2025-11-30,9.97,99.89,0.2
2025-12-01,10.05,94.03,0.2
2025-12-02,11.98,92.78,0.2
2025-12-03,12.89,100.0,5.4
2025-12-04,12.85,100.0,11.0
2025-12-05,12.09,100.0,13.2
2025-12-06,11.67,99.99,10.4
2025-12-07,12.58,95.11,0.0
2025-12-08,12.92,93.17,0.0
2025-12-09,10.94,89.38,0.0
2025-12-10,9.78,93.12,0.2
2025-12-11,10.41,93.17,0.2
2025-12-12,10.05,95.1,3.4
2025-12-13,10.5,88.97,0.0
2025-12-14,9.84,90.83,0.0
2025-12-15,9.11,87.63,0.2
2025-12-16,7.57,93.99,0.0
2025-12-17,9.44,86.87,0.0
2025-12-18,8.85,90.4,0.4
2025-12-19,9.84,92.2,0.0
2025-12-20,9.25,96.93,0.0
2025-12-21,11.46,92.44,0.0
2025-12-22,12.53,90.49,0.6
2025-12-23,12.85,89.99,0.6
2025-12-24,10.2,99.93,42.2
2025-12-25,10.09,96.83,0.8
2025-12-26,11.81,95.4,2.6
2025-12-27,9.32,89.28,0.0
2025-12-28,7.68,91.88,0.0
2025-12-29,7.62,87.68,0.2
2025-12-30,8.69,93.68,0.6
2025-12-31,7.73,84.01,0.0
2026-01-01,3.28,76.67,0.0
2026-01-02,4.57,91.65,11.0
2026-01-03,12.9,99.86,24.4
2026-01-04,13.93,97.56,0.0
2026-01-05,14.14,91.79,4.2
2026-01-06,14.9,98.08,13.4
2026-01-07,15.98,97.83,8.2
2026-01-08,9.19,88.08,4.2
2026-01-09,4.2,99.85,3.8
2026-01-10,12.81,89.51,2.8
2026-01-11,8.44,89.76,6.0
2026-01-12,3.94,74.39,0.0
2026-01-13,3.27,87.19,0.0
2026-01-14,5.94,90.78,0.0
2026-01-15,9.17,90.08,0.0
2026-01-16,10.92,92.98,0.0
2026-01-17,11.47,74.15,0.0
2026-01-18,8.32,66.92,0.0
2026-01-19,7.35,63.36,0.0
2026-01-20,8.34,55.63,0.0
2026-01-21,8.41,87.81,3.2
2026-01-22,10.04,97.29,0.8
2026-01-23,11.15,94.19,0.2
2026-01-24,10.91,96.35,1.4
2026-01-25,14.01,90.08,0.0
2026-01-26,10.7,96.83,28.6
2026-01-27,9.57,94.76,1.8
2026-01-28,8.96,97.85,31.2
2026-01-29,11.22,99.96,63.6
2026-01-30,11.12,93.71,5.0
2026-01-31,11.12,94.33,7.2
2026-02-01,10.19,93.76,12.4
2026-02-02,9.08,91.82,0.0
2026-02-03,11.55,90.51,0.0
2026-02-04,13.16,85.51,9.6
2026-02-05,11.36,100.0,40.4
2026-02-06,12.49,100.0,15.2
2026-02-07,13.41,96.83,1.4
2026-02-08,12.44,97.49,15.8
2026-02-09,10.82,97.35,9.8
2026-02-10,11.64,94.6,2.6
2026-02-11,11.28,98.84,21.6
2026-02-12,11.62,99.99,31.2
2026-02-13,11.52,99.96,14.6
2026-02-14,13.13,93.7,0.2
2026-02-15,14.68,90.05,26.0
2026-02-16,12.7,95.53,6.4
2026-02-17,10.34,99.17,36.4
2026-02-18,9.3,75.28,0.0
2026-02-19,9.83,86.97,0.2
2026-02-20,12.98,94.53,20.0
2026-02-21,11.28,92.44,3.4
2026-02-22,9.91,79.92,0.0
2026-02-23,9.42,86.6,0.0
2026-02-24,10.83,92.22,0.0
2026-02-25,11.36,89.13,0.2
2026-02-26,11.11,83.01,0.0
2026-02-27,10.82,85.44,0.0
2026-02-28,11.36,87.59,0.0
2026-03-01,11.28,80.78,0.0
2026-03-02,10.91,90.52,0.0
2026-03-03,12.5,94.44,0.0
2026-03-04,12.9,90.69,0.2
2026-03-05,12.03,94.54,0.0
2026-03-06,12.64,83.33,0.2
2026-03-07,12.79,81.42,0.0
2026-03-08,12.66,89.03,0.0
2026-03-09,14.21,63.2,0.0
2026-03-10,11.8,68.29,0.0
2026-03-11,11.48,80.0,0.0
2026-03-12,11.93,90.78,0.0
2026-03-13,12.57,78.94,0.0
2026-03-14,11.75,72.39,0.0
2026-03-15,11.25,75.41,0.0
2026-03-16,13.04,74.56,0.0
2026-03-17,13.35,76.67,0.0
2026-03-18,13.1,68.81,0.0
2026-03-19,11.01,83.35,8.0
2026-03-20,11.46,75.06,0.0
2026-03-21,12.06,75.32,0.0
2026-03-22,11.45,74.99,0.0
2026-03-23,12.4,80.03,0.0
2026-03-24,12.01,85.47,0.0
2026-03-25,8.59,99.86,0.0
