date,temperature,humidity,rainfall
2015-02-25,8.57,76.17,4.4
2015-02-26,9.08,88.86,19.2
2015-02-27,11.2,84.23,8.1
2015-02-28,10.88,90.76,10.1
2015-03-01,11.33,86.13,3.1
2015-03-02,10.99,84.86,0.0
2015-03-03,13.62,87.92,8.7
2015-03-04,13.6,74.25,0.0
2015-03-05,13.87,78.13,28.2
2015-03-06,11.28,92.52,40.2
2015-03-07,11.58,61.53,0.9
2015-03-08,11.6,44.17,0.0
2015-03-09,12.71,42.83,0.0
2015-03-10,11.58,60.24,0.0
2015-03-11,10.23,82.81,0.3
2015-03-12,9.08,74.11,0.0
2015-03-13,5.3,89.25,0.0
2015-03-14,,,0.0
2015-03-15,13.73,62.92,0.0
2015-03-16,13.41,50.39,0.0
2015-03-17,13.8,36.52,0.0
2015-03-18,12.86,42.92,0.0
2015-03-19,9.95,83.02,5.4
2015-03-20,9.49,48.78,0.3
2015-03-21,8.66,44.4,0.0
2015-03-22,7.39,78.03,2.6
2015-03-23,13.13,90.37,4.9
2015-03-24,15.88,75.82,0.6
2015-03-25,13.49,77.94,10.2
2015-03-26,13.96,79.31,10.9
2015-03-27,12.62,95.15,27.5
2015-03-28,12.62,84.65,4.8
2015-03-29,14.52,77.02,0.0
2015-03-30,13.11,78.27,2.3
2015-03-31,14.01,78.25,0.4
2015-04-01,13.16,87.25,0.0
2015-04-02,14.33,67.93,0.0
2015-04-03,12.23,67.74,0.0
2015-04-04,12.37,60.35,0.0
2015-04-05,11.65,89.6,26.8
2015-04-06,14.59,73.97,14.6
2015-04-07,9.78,67.71,0.0
2015-04-08,10.54,55.69,0.2
2015-04-09,11.98,45.24,0.0
2015-04-10,13.49,51.77,0.0
2015-04-11,12.64,71.83,0.0
2015-04-12,12.85,81.53,0.0
2015-04-13,15.59,75.1,0.0
2015-04-14,14.78,75.85,0.8
2015-04-15,16.15,73.49,0.0
2015-04-16,15.5,74.92,0.0
2015-04-17,14.78,72.96,0.0
2015-04-18,16.26,67.52,0.0
2015-04-19,15.76,81.69,0.0
2015-04-20,16.66,76.01,0.0
2015-04-21,14.87,66.01,0.0
2015-04-22,15.91,58.74,0.0
2015-04-23,15.2,69.68,0.0
2015-04-24,15.54,82.29,0.0
2015-04-25,16.08,74.11,0.6
2015-04-26,17.07,71.65,0.0
2015-04-27,17.42,73.41,0.0
2015-04-28,17.26,77.5,0.0
2015-04-29,18.11,80.05,0.2
2015-04-30,17.37,81.73,0.0
2015-05-01,16.9,80.93,0.0
2015-05-02,16.75,80.13,0.0
2015-05-03,17.52,75.82,0.0
2015-05-04,19.53,75.27,0.0
2015-05-05,20.09,76.01,0.0
2015-05-06,21.2,73.91,0.0
2015-05-07,21.75,71.24,0.0
2015-05-08,22.08,71.52,0.0
2015-05-09,21.53,68.63,0.0
2015-05-10,21.79,47.85,0.0
2015-05-11,17.87,62.12,0.2
2015-05-12,21.02,38.91,0.0
2015-05-13,19.55,61.39,0.0
2015-05-14,19.52,75.59,0.0
2015-05-15,20.41,67.1,0.0
2015-05-16,21.59,61.51,0.0
2015-05-17,21.89,52.26,0.0
2015-05-18,21.68,66.98,0.0
2015-05-19,19.46,81.28,7.6
2015-05-20,19.13,83.82,5.0
2015-05-21,19.75,84.53,0.0
2015-05-22,22.01,72.55,0.0
2015-05-23,20.62,72.84,1.0
2015-05-24,18.2,73.5,0.0
2015-05-25,18.92,70.95,0.0
2015-05-26,19.37,73.42,0.0
2015-05-27,19.22,79.85,0.0
2015-05-28,18.04,79.74,2.6
2015-05-29,19.83,60.99,0.0
2015-05-30,19.27,69.38,0.0
2015-05-31,20.26,72.33,0.0
2015-06-01,21.19,66.69,0.0
2015-06-02,22.68,62.05,0.0
2015-06-03,23.06,59.78,0.0
2015-06-04,22.99,60.6,0.0
2015-06-05,24.84,54.67,0.0
2015-06-06,24.26,58.64,0.0
2015-06-07,24.36,47.92,0.4
2015-06-08,23.79,57.42,18.2
2015-06-09,19.75,89.74,35.6
2015-06-10,20.32,86.88,3.8
2015-06-11,21.95,78.24,0.0
2015-06-12,25.09,65.99,0.0
2015-06-13,24.27,76.21,2.8
2015-06-14,25.1,71.09,0.0
2015-06-15,24.77,69.19,0.0
2015-06-16,25.15,78.19,0.0
2015-06-17,25.22,73.03,0.0
2015-06-18,21.9,79.15,6.4
2015-06-19,22.38,72.02,0.2
2015-06-20,22.71,76.63,0.0
2015-06-21,22.64,76.17,3.2
2015-06-22,23.27,65.03,0.0
2015-06-23,22.06,68.54,0.0
2015-06-24,21.97,70.24,0.0
2015-06-25,23.59,71.82,0.0
2015-06-26,23.27,63.76,0.0
2015-06-27,22.58,58.03,0.0
2015-06-28,21.82,68.99,0.0
2015-06-29,22.42,71.47,2.0
2015-06-30,21.78,76.16,14.0
2015-07-01,21.69,72.81,6.0
2015-07-02,24.03,67.56,0.2
2015-07-03,25.72,67.84,0.0
2015-07-04,27.05,60.27,0.0
2015-07-05,25.95,67.26,0.0
2015-07-06,26.1,75.16,0.0
2015-07-07,27.75,67.53,0.0
2015-07-08,27.67,65.5,0.0
2015-07-09,27.02,70.36,0.0
2015-07-10,25.58,74.93,0.8
2015-07-11,26.07,75.2,0.0
2015-07-12,26.89,69.71,0.0
2015-07-13,26.81,65.26,0.0
2015-07-14,25.83,71.75,0.0
2015-07-15,28.97,62.42,0.0
2015-07-16,28.92,56.72,0.0
2015-07-17,29.11,53.24,0.0
2015-07-18,29.85,52.69,0.0
2015-07-19,32.48,30.11,0.0
2015-07-20,28.63,58.49,0.0
2015-07-21,31.58,57.72,0.0
2015-07-22,33.66,34.42,0.0
2015-07-23,32.37,36.78,0.0
2015-07-24,28.33,64.48,0.0
2015-07-25,27.74,71.0,0.0
2015-07-26,26.58,72.69,14.8
2015-07-27,27.46,75.88,0.0
2015-07-28,28.69,77.76,0.0
2015-07-29,29.97,71.74,0.0
2015-07-30,29.38,73.48,0.0
2015-07-31,29.64,72.14,0.0
2015-08-01,30.78,58.4,0.0
2015-08-02,30.9,57.37,0.0
2015-08-03,30.07,57.72,0.0
2015-08-04,26.63,61.99,6.8
2015-08-05,25.85,71.55,1.0
2015-08-06,31.42,40.02,0.0
2015-08-07,30.52,39.68,1.6
2015-08-08,30.15,34.8,0.2
2015-08-09,29.33,45.45,0.0
2015-08-10,25.88,71.15,1.4
2015-08-11,26.06,71.59,0.0
2015-08-12,26.2,72.47,0.0
2015-08-13,27.69,66.1,0.0
2015-08-14,27.75,62.33,0.2
2015-08-15,27.69,66.25,0.0
2015-08-16,27.4,68.49,2.2
2015-08-17,25.7,73.99,23.0
2015-08-18,25.89,70.72,0.0
2015-08-19,26.67,67.0,0.0
2015-08-20,25.89,71.47,0.0
2015-08-21,26.84,61.24,0.0
2015-08-22,25.67,65.12,0.0
2015-08-23,25.06,66.46,0.0
2015-08-24,25.97,62.57,0.0
2015-08-25,26.54,63.52,0.0
2015-08-26,27.15,63.03,0.0
2015-08-27,27.98,53.44,0.0
2015-08-28,27.06,55.17,0.0
2015-08-29,28.47,51.1,0.0
2015-08-30,33.53,23.49,0.0
2015-08-31,33.12,32.03,0.0
2015-09-01,28.43,46.87,0.0
2015-09-02,26.22,66.67,0.0
2015-09-03,26.61,74.58,0.0
2015-09-04,27.28,76.67,0.0
2015-09-05,27.38,69.05,0.0
2015-09-06,27.19,70.3,0.0
2015-09-07,27.06,63.6,0.0
2015-09-08,25.77,58.39,0.0
2015-09-09,23.01,73.52,10.6
2015-09-10,24.07,82.5,23.0
2015-09-11,23.84,80.78,2.0
2015-09-12,22.9,69.12,0.0
2015-09-13,23.87,65.56,0.0
2015-09-14,24.13,69.17,0.0
2015-09-15,24.64,73.24,0.0
2015-09-16,25.17,76.33,0.0
2015-09-17,26.03,79.31,0.0
2015-09-18,26.95,75.15,0.0
2015-09-19,27.81,64.83,0.0
2015-09-20,25.85,73.64,40.6
2015-09-21,18.89,90.67,12.4
2015-09-22,22.15,73.03,0.2
2015-09-23,22.85,76.41,0.0
2015-09-24,21.57,87.01,19.2
2015-09-25,19.71,93.8,49.2
2015-09-26,18.8,98.51,45.4
2015-09-27,20.1,82.98,0.2
2015-09-28,21.11,80.27,0.0
2015-09-29,21.16,77.52,0.0
2015-09-30,22.17,65.93,0.0
2015-10-01,22.53,46.52,0.0
2015-10-02,20.36,53.99,0.0
2015-10-03,19.05,69.07,0.0
2015-10-04,20.68,80.83,0.0
2015-10-05,20.77,81.12,0.0
2015-10-06,20.32,80.86,0.0
2015-10-07,19.51,87.85,22.6
2015-10-08,19.51,84.1,0.0
2015-10-09,20.36,79.06,0.0
2015-10-10,19.57,88.15,26.8
2015-10-11,22.11,84.7,25.2
2015-10-12,20.07,79.82,0.2
2015-10-13,17.34,80.46,0.0
2015-10-14,18.07,77.77,0.0
2015-10-15,18.95,79.2,0.0
2015-10-16,17.69,94.44,12.4
2015-10-17,19.4,93.0,7.4
2015-10-18,20.12,88.06,0.0
2015-10-19,21.21,85.63,0.0
2015-10-20,21.08,83.56,4.6
2015-10-21,20.24,87.74,6.6
2015-10-22,18.3,95.23,91.8
2015-10-23,18.02,74.89,0.0
2015-10-24,17.48,54.29,0.0
2015-10-25,16.2,61.58,0.0
2015-10-26,13.94,74.43,0.0
2015-10-27,14.33,74.33,0.0
2015-10-28,14.31,74.69,0.0
2015-10-29,14.11,69.6,0.0
2015-10-30,16.83,44.77,0.0
2015-10-31,17.1,44.36,0.0
2015-11-01,15.84,42.89,0.0
2015-11-02,15.12,49.82,0.0
2015-11-03,11.58,65.11,0.0
2015-11-04,12.43,64.51,0.0
2015-11-05,12.23,74.62,0.0
2015-11-06,12.73,76.81,0.0
2015-11-07,12.81,73.44,0.0
2015-11-08,13.03,72.19,0.0
2015-11-09,13.44,79.99,0.0
2015-11-10,14.66,82.94,0.0
2015-11-11,15.58,78.75,0.0
2015-11-12,15.78,82.14,0.0
2015-11-13,15.31,85.58,0.0
2015-11-14,14.41,89.52,0.4
2015-11-15,14.78,86.05,0.4
2015-11-16,14.25,87.19,0.0
2015-11-17,14.63,78.86,0.2
2015-11-18,14.26,87.45,0.0
2015-11-19,13.82,86.06,0.2
2015-11-20,15.83,87.19,0.2
2015-11-21,16.15,95.35,10.0
2015-11-22,18.55,83.96,38.2
2015-11-23,15.97,95.06,2.8
2015-11-24,17.51,83.67,28.2
2015-11-25,13.0,92.95,103.2
2015-11-26,11.91,92.6,25.2
2015-11-27,11.81,91.11,81.0
2015-11-28,11.5,92.66,18.4
2015-11-29,10.58,82.02,0.0
2015-11-30,9.09,77.43,0.0
2015-12-01,8.85,83.88,0.0
2015-12-02,9.76,84.12,0.0
2015-12-03,10.87,79.85,0.0
2015-12-04,11.13,83.75,0.0
2015-12-05,10.14,82.51,0.2
2015-12-06,9.63,85.15,0.0
2015-12-07,9.33,86.07,0.2
2015-12-08,8.81,84.62,0.2
2015-12-09,8.64,80.22,0.0
2015-12-10,9.02,78.6,0.0
2015-12-11,10.52,64.41,0.2
2015-12-12,8.72,59.06,0.0
2015-12-13,6.1,71.42,0.0
2015-12-14,6.8,78.38,0.0
2015-12-15,7.09,77.3,0.0
2015-12-16,8.25,66.49,0.0
2015-12-17,11.67,44.11,0.0
2015-12-18,9.27,55.19,0.0
2015-12-19,6.27,69.01,0.0
2015-12-20,9.01,66.47,0.0
2015-12-21,7.5,74.17,0.0
2015-12-22,7.46,80.58,0.0
2015-12-23,7.62,78.43,0.0
2015-12-24,7.86,83.74,0.0
2015-12-25,7.98,86.8,0.0
2015-12-26,8.68,75.29,0.2
2015-12-27,8.0,73.35,0.0
2015-12-28,8.12,77.96,0.0
2015-12-29,8.11,84.49,0.0
2015-12-30,9.07,67.82,0.0
2015-12-31,6.0,44.28,0.0
2016-01-01,2.41,61.07,0.0
2016-01-02,5.7,69.14,0.0
2016-01-03,8.58,96.79,119.2
2016-01-04,10.1,95.42,49.4
2016-01-05,13.94,99.0,25.4
2016-01-06,15.55,93.94,18.2
2016-01-07,9.78,84.22,6.6
2016-01-08,8.74,83.88,0.0
2016-01-09,11.05,93.97,0.6
2016-01-10,13.45,97.78,14.8
2016-01-11,13.98,90.47,0.2
2016-01-12,14.03,92.24,0.2
2016-01-13,10.12,91.19,5.4
2016-01-14,7.27,84.31,0.2
2016-01-15,9.78,97.92,41.0
2016-01-16,12.76,96.76,84.8
2016-01-17,7.8,94.78,24.4
2016-01-18,5.02,70.26,0.0
2016-01-19,3.9,65.44,0.2
2016-01-20,6.56,78.83,6.0
2016-01-21,5.98,82.25,0.0
2016-01-22,7.77,75.72,0.0
2016-01-23,5.69,63.26,0.0
2016-01-24,3.39,66.76,0.0
2016-01-25,5.01,66.77,0.0
2016-01-26,6.65,75.12,0.0
2016-01-27,9.32,82.41,0.0
2016-01-28,9.4,88.97,0.0
2016-01-29,8.98,93.64,0.0
2016-01-30,9.2,80.12,0.2
2016-01-31,8.85,88.62,0.0
2016-02-01,12.82,86.43,0.0
2016-02-02,11.56,80.84,0.0
2016-02-03,11.82,83.94,0.0
2016-02-04,12.36,95.05,15.0
2016-02-05,9.67,59.24,0.0
2016-02-06,7.43,50.16,0.0
2016-02-07,6.41,75.1,0.0
2016-02-08,8.0,80.3,0.0
2016-02-09,8.76,94.81,5.2
2016-02-10,12.46,93.95,13.4
2016-02-11,11.23,85.9,19.8
2016-02-12,13.04,98.58,53.4
2016-02-13,14.69,97.43,56.4
2016-02-14,15.04,98.36,55.0
2016-02-15,18.08,72.85,1.4
2016-02-16,17.42,60.67,0.0
2016-02-17,15.88,76.35,0.0
2016-02-18,17.34,64.13,12.4
2016-02-19,14.91,84.72,0.4
2016-02-20,11.81,80.83,0.4
2016-02-21,10.63,70.42,0.0
2016-02-22,10.96,79.94,0.0
2016-02-23,13.19,80.65,0.0
2016-02-24,13.8,88.38,0.8
2016-02-25,12.58,85.02,0.2
2016-02-26,11.55,90.26,5.8
2016-02-27,12.69,83.91,0.2
2016-02-28,15.03,67.87,0.0
2016-02-29,15.61,74.16,0.0
2016-03-01,13.83,76.83,1.0
2016-03-02,11.84,87.46,15.2
2016-03-03,10.09,91.31,17.8
2016-03-04,7.76,94.33,18.8
2016-03-05,9.14,80.66,0.4
2016-03-06,12.44,76.87,0.0
2016-03-07,13.23,80.53,17.4
2016-03-08,10.82,82.22,0.0
2016-03-09,11.27,81.87,0.0
2016-03-10,9.57,87.43,4.8
2016-03-11,9.96,88.65,2.8
2016-03-12,13.14,69.15,25.0
2016-03-13,12.16,77.9,2.4
2016-03-14,12.19,72.85,1.0
2016-03-15,10.11,89.86,1.8
2016-03-16,11.7,70.69,0.0
2016-03-17,12.43,62.94,0.4
2016-03-18,11.21,90.53,7.8
2016-03-19,12.81,83.48,3.8
2016-03-20,12.64,81.06,0.0
2016-03-21,12.8,78.85,0.0
2016-03-22,15.81,66.51,0.0
2016-03-23,17.97,63.0,14.0
2016-03-24,12.73,90.28,12.0
2016-03-25,11.1,75.07,0.6
2016-03-26,9.38,69.58,0.0
2016-03-27,9.69,81.13,0.4
2016-03-28,9.89,78.15,0.0
2016-03-29,11.09,88.57,0.2
2016-03-30,13.77,83.21,0.0
2016-03-31,14.38,79.28,0.0
2016-04-01,14.06,84.1,0.0
2016-04-02,14.39,86.79,0.0
2016-04-03,16.37,79.85,0.2
2016-04-04,16.92,79.81,0.0
2016-04-05,16.55,81.28,0.0
2016-04-06,17.53,77.03,0.0
2016-04-07,20.57,59.21,0.0
2016-04-08,18.52,70.06,1.0
2016-04-09,16.53,90.3,8.2
2016-04-10,13.62,88.35,20.4
2016-04-11,14.18,83.96,0.0
2016-04-12,15.35,83.85,0.0
2016-04-13,16.38,81.76,0.0
2016-04-14,17.95,72.5,0.0
2016-04-15,16.54,78.17,0.0
2016-04-16,16.88,79.49,0.2
2016-04-17,17.38,76.17,0.0
2016-04-18,17.73,71.33,0.0
2016-04-19,19.57,67.32,0.0
2016-04-20,18.14,73.3,0.0
2016-04-21,19.07,54.96,0.0
2016-04-22,17.2,75.67,0.0
2016-04-23,18.08,81.59,0.0
2016-04-24,16.42,84.52,8.6
2016-04-25,14.97,82.15,9.4
2016-04-26,13.09,73.15,0.8
2016-04-27,13.25,75.42,0.0
2016-04-28,17.04,75.58,0.0
2016-04-29,17.69,82.53,1.0
2016-04-30,19.15,75.26,0.0
2016-05-01,17.66,81.37,9.2
2016-05-02,15.95,91.03,18.8
2016-05-03,13.69,84.49,11.0
2016-05-04,14.65,84.92,2.6
2016-05-05,16.2,73.53,0.0
2016-05-06,15.9,75.74,0.0
2016-05-07,16.59,76.51,0.0
2016-05-08,16.93,74.67,0.0
2016-05-09,18.34,69.86,0.0
2016-05-10,17.94,75.58,0.0
2016-05-11,19.03,73.55,0.0
2016-05-12,18.35,89.09,10.4
2016-05-13,20.02,80.99,0.2
2016-05-14,17.9,76.33,0.0
2016-05-15,16.72,84.07,0.4
2016-05-16,18.1,81.94,3.2
2016-05-17,17.86,71.8,0.0
2016-05-18,17.87,73.41,0.0
2016-05-19,16.14,81.65,0.0
2016-05-20,15.54,93.8,12.2
2016-05-21,15.2,89.92,39.4
2016-05-22,17.9,74.31,0.0
2016-05-23,18.37,71.6,0.0
2016-05-24,17.91,75.06,0.0
2016-05-25,18.27,66.33,0.0
2016-05-26,19.06,77.9,0.0
2016-05-27,20.74,80.75,0.0
2016-05-28,21.8,78.02,0.0
2016-05-29,21.97,67.96,0.0
2016-05-30,22.91,63.11,0.0
2016-05-31,21.55,76.74,0.0
2016-06-01,21.11,80.41,0.0
2016-06-02,21.87,75.97,0.0
2016-06-03,21.49,75.9,0.0
2016-06-04,21.11,75.32,0.0
2016-06-05,20.91,80.06,0.0
2016-06-06,22.08,79.1,0.0
2016-06-07,21.59,79.54,1.8
2016-06-08,21.95,71.42,19.6
2016-06-09,21.4,78.37,0.0
2016-06-10,21.32,78.73,0.0
2016-06-11,22.11,76.5,0.0
2016-06-12,22.06,76.25,0.0
2016-06-13,20.33,88.98,46.6
2016-06-14,21.05,82.32,0.0
2016-06-15,22.24,78.69,0.0
2016-06-16,24.56,73.85,0.0
2016-06-17,26.91,68.2,0.0
2016-06-18,27.2,71.6,0.0
2016-06-19,24.84,74.33,0.0
2016-06-20,25.82,77.9,0.0
2016-06-21,27.11,81.15,0.0
2016-06-22,33.06,37.34,0.0
2016-06-23,33.97,33.05,0.0
2016-06-24,33.29,36.33,0.0
2016-06-25,28.55,52.9,0.0
2016-06-26,23.29,85.03,0.6
2016-06-27,25.11,81.05,0.0
2016-06-28,25.72,78.94,0.2
2016-06-29,25.3,71.03,0.0
2016-06-30,25.33,76.34,0.0
2016-07-01,25.29,81.65,0.0
2016-07-02,25.62,78.34,0.0
2016-07-03,25.68,82.03,0.0
2016-07-04,28.5,69.58,0.0
2016-07-05,28.54,71.05,0.0
2016-07-06,26.89,78.97,0.0
2016-07-07,28.25,67.35,0.0
2016-07-08,28.2,61.99,0.0
2016-07-09,27.0,68.39,0.0
2016-07-10,28.19,65.08,0.0
2016-07-11,28.37,64.44,0.0
2016-07-12,28.6,66.8,0.0
2016-07-13,28.17,74.01,0.0
2016-07-14,27.8,75.58,0.0
2016-07-15,27.21,72.51,0.0
2016-07-16,23.87,65.94,0.0
2016-07-17,23.95,60.06,0.0
2016-07-18,25.3,61.59,0.0
2016-07-19,27.75,45.33,0.0
2016-07-20,27.83,48.05,0.0
2016-07-21,26.9,60.78,0.0
2016-07-22,27.12,64.99,0.0
2016-07-23,26.57,73.19,0.0
2016-07-24,27.79,74.83,0.0
2016-07-25,27.58,79.62,0.2
2016-07-26,28.46,62.26,0.0
2016-07-27,28.31,54.29,0.0
2016-07-28,28.3,63.11,0.0
2016-07-29,27.94,70.05,0.0
2016-07-30,28.8,71.89,0.0
2016-07-31,29.2,71.38,0.0
2016-08-01,29.43,70.34,0.0
2016-08-02,27.98,75.65,0.0
2016-08-03,28.38,72.62,0.0
2016-08-04,30.25,53.09,0.0
2016-08-05,29.54,59.62,0.0
2016-08-06,28.86,68.4,0.0
2016-08-07,28.7,64.13,0.0
2016-08-08,27.48,59.34,0.0
2016-08-09,26.73,64.23,0.0
2016-08-10,27.9,67.56,0.0
2016-08-11,27.6,73.58,0.0
2016-08-12,27.3,65.78,0.0
2016-08-13,27.9,44.45,0.0
2016-08-14,26.1,47.24,0.0
2016-08-15,25.88,59.0,0.0
2016-08-16,26.19,64.7,0.0
2016-08-17,25.11,73.56,0.0
2016-08-18,25.13,68.45,0.0
2016-08-19,26.23,73.4,0.0
2016-08-20,27.34,68.31,0.0
2016-08-21,28.84,60.65,0.0
2016-08-22,27.98,66.08,0.0
2016-08-23,25.46,68.14,0.4
2016-08-24,28.58,49.9,0.0
2016-08-25,28.67,53.2,0.0
2016-08-26,29.6,34.46,0.0
2016-08-27,28.38,38.47,0.0
2016-08-28,25.74,60.38,0.0
2016-08-29,25.64,73.03,0.0
2016-08-30,25.85,76.19,0.0
2016-08-31,26.52,73.58,0.0
2016-09-01,25.62,72.71,0.0
2016-09-02,24.6,73.08,3.0
2016-09-03,24.73,67.99,0.0
2016-09-04,25.73,59.69,0.0
2016-09-05,25.16,68.11,0.0
2016-09-06,20.83,89.53,59.6
2016-09-07,23.63,80.71,43.0
2016-09-08,22.38,81.66,51.4
2016-09-09,22.66,84.78,0.0
2016-09-10,22.73,85.72,14.8
2016-09-11,23.01,81.22,17.8
2016-09-12,22.76,82.58,2.0
2016-09-13,23.33,72.51,0.0
2016-09-14,21.64,80.66,26.6
2016-09-15,22.07,82.9,0.2
2016-09-16,23.83,83.09,0.0
2016-09-17,24.39,82.14,0.0
2016-09-18,22.7,86.8,0.0
2016-09-19,20.23,95.97,97.6
2016-09-20,19.98,84.24,0.4
2016-09-21,20.59,82.6,0.0
2016-09-22,20.31,84.72,4.6
2016-09-23,19.97,67.67,0.0
2016-09-24,18.98,69.92,0.0
2016-09-25,18.29,69.89,0.0
2016-09-26,18.96,71.85,0.0
2016-09-27,20.07,67.66,0.0
2016-09-28,19.98,59.81,0.0
2016-09-29,18.71,74.27,0.0
2016-09-30,19.03,79.07,0.0
2016-10-01,19.3,80.49,0.0
2016-10-02,20.15,81.74,0.0
2016-10-03,21.94,83.72,0.0
2016-10-04,20.69,80.82,0.0
2016-10-05,18.94,70.53,0.0
2016-10-06,16.81,78.38,0.0
2016-10-07,15.62,88.11,37.6
2016-10-08,17.81,84.29,4.8
2016-10-09,16.69,81.94,0.2
2016-10-10,15.47,99.88,51.6
2016-10-11,16.85,96.62,53.4
2016-10-12,17.24,82.3,8.6
2016-10-13,14.36,80.15,0.0
2016-10-14,16.41,76.04,0.0
2016-10-15,18.58,80.89,0.0
2016-10-16,18.33,82.52,0.0
2016-10-17,20.13,64.91,0.0
2016-10-18,18.11,54.92,0.0
2016-10-19,14.25,83.91,0.0
2016-10-20,16.89,85.15,2.0
2016-10-21,16.85,98.97,9.0
2016-10-22,18.7,93.35,70.2
2016-10-23,19.46,89.01,3.4
2016-10-24,19.63,81.56,0.2
2016-10-25,17.9,82.23,0.0
2016-10-26,16.99,88.49,0.0
2016-10-27,18.79,73.76,0.0
2016-10-28,17.59,49.74,0.2
2016-10-29,17.27,66.65,0.2
2016-10-30,15.82,95.37,5.0
2016-10-31,15.58,66.7,0.0
2016-11-01,12.74,59.43,0.0
2016-11-02,11.49,84.85,0.0
2016-11-03,12.43,97.29,5.8
2016-11-04,17.39,88.52,0.4
2016-11-05,16.22,88.51,0.0
2016-11-06,16.48,90.67,2.2
2016-11-07,19.92,91.84,4.4
2016-11-08,19.68,93.1,33.8
2016-11-09,14.23,96.55,70.4
2016-11-10,12.44,97.12,11.6
2016-11-11,14.22,93.58,4.4
2016-11-12,13.32,98.37,44.8
2016-11-13,10.75,86.12,0.4
2016-11-14,9.9,87.23,0.0
2016-11-15,10.2,94.94,1.8
2016-11-16,9.35,85.37,0.2
2016-11-17,9.19,84.1,0.2
2016-11-18,10.55,83.6,0.0
2016-11-19,11.12,84.24,0.0
2016-11-20,11.03,84.44,0.0
2016-11-21,11.34,79.21,0.0
2016-11-22,10.08,83.23,0.0
2016-11-23,10.27,82.81,0.0
2016-11-24,10.44,86.53,0.0
2016-11-25,10.59,92.01,0.2
2016-11-26,11.67,99.94,18.8
2016-11-27,14.02,96.75,13.6
2016-11-28,12.09,94.81,13.8
2016-11-29,10.06,82.03,1.4
2016-11-30,7.1,56.67,2.6
2016-12-01,3.36,73.86,0.0
2016-12-02,6.83,81.01,0.0
2016-12-03,12.08,90.53,5.0
2016-12-04,11.93,94.03,0.2
2016-12-05,13.24,65.03,0.0
2016-12-06,9.49,93.79,1.4
2016-12-07,12.52,74.81,0.0
2016-12-08,10.48,62.58,0.0
2016-12-09,6.96,84.77,0.0
2016-12-10,7.63,84.53,0.0
2016-12-11,8.2,87.83,0.0
2016-12-12,9.21,93.9,0.8
2016-12-13,9.85,48.27,0.0
2016-12-14,4.61,49.47,0.0
2016-12-15,6.19,77.25,0.0
2016-12-16,8.63,49.06,0.0
2016-12-17,6.64,49.67,0.0
2016-12-18,2.82,66.84,0.0
2016-12-19,4.18,68.83,0.0
2016-12-20,3.57,77.11,0.0
2016-12-21,6.9,54.19,0.0
2016-12-22,5.28,49.94,0.0
2016-12-23,4.97,52.19,0.0
2016-12-24,5.1,66.43,0.0
2016-12-25,4.7,75.62,0.0
2016-12-26,6.35,74.31,0.0
2016-12-27,8.06,77.03,0.0
2016-12-28,8.55,48.41,0.0
2016-12-29,5.7,39.14,0.0
2016-12-30,4.26,36.19,0.0
2016-12-31,2.94,51.4,0.0
2017-01-01,3.95,71.93,0.0
2017-01-02,4.81,80.99,0.0
2017-01-03,6.0,81.35,1.6
2017-01-04,8.35,99.51,14.0
2017-01-05,8.87,97.67,30.8
2017-01-06,5.69,79.22,0.4
2017-01-07,0.67,57.51,0.0
2017-01-08,0.29,50.03,0.0
2017-01-09,1.45,44.86,0.0
2017-01-10,0.97,66.18,0.0
2017-01-11,2.15,97.4,22.8
2017-01-12,2.93,83.62,0.2
2017-01-13,3.81,95.75,11.2
2017-01-14,8.85,91.3,14.4
2017-01-15,6.35,71.97,0.0
2017-01-16,7.12,85.09,29.6
2017-01-17,8.29,86.56,10.4
2017-01-18,8.84,81.64,33.2
2017-01-19,7.69,92.24,13.8
2017-01-20,9.01,66.92,0.0
2017-01-21,5.9,76.06,0.0
2017-01-22,6.97,65.76,0.0
2017-01-23,9.06,55.01,0.0
2017-01-24,8.27,82.51,13.8
2017-01-25,7.73,84.32,0.0
2017-01-26,7.4,80.64,0.0
2017-01-27,6.52,71.63,0.0
2017-01-28,5.9,80.64,0.0
2017-01-29,6.69,91.08,0.8
2017-01-30,8.33,79.85,0.2
2017-01-31,8.1,76.72,0.0
2017-02-01,9.92,89.69,1.4
2017-02-02,11.01,86.36,0.0
2017-02-03,10.59,95.25,12.0
2017-02-04,12.52,98.31,30.8
2017-02-05,14.23,94.77,20.8
2017-02-06,13.84,85.4,27.4
2017-02-07,9.73,88.24,15.6
2017-02-08,9.68,78.67,0.0
2017-02-09,12.14,61.06,0.0
2017-02-10,12.95,45.46,0.0
2017-02-11,11.19,50.14,0.0
2017-02-12,9.1,55.11,0.0
2017-02-13,8.12,54.01,0.0
2017-02-14,6.6,53.77,0.0
2017-02-15,6.16,68.85,0.0
2017-02-16,8.4,71.49,0.0
2017-02-17,8.38,83.69,0.0
2017-02-18,10.73,89.39,1.0
2017-02-19,10.21,99.85,110.4
2017-02-20,9.81,89.69,1.0
2017-02-21,9.04,81.16,0.0
2017-02-22,9.41,80.12,0.0
2017-02-23,9.8,84.23,0.0
2017-02-24,11.38,83.6,0.0
2017-02-25,12.75,88.25,2.8
2017-02-26,14.36,82.15,2.4
2017-02-27,15.74,76.57,0.6
2017-02-28,12.74,87.51,0.0
2017-03-01,11.14,92.74,1.8
2017-03-02,10.38,77.55,0.0
2017-03-03,11.09,81.48,0.0
2017-03-04,12.08,76.19,0.0
2017-03-05,11.8,81.7,0.0
2017-03-06,11.17,96.31,18.0
2017-03-07,10.92,89.35,21.0
2017-03-08,12.56,73.69,1.8
2017-03-09,14.18,61.12,0.0
2017-03-10,12.29,81.76,0.2
2017-03-11,12.5,61.18,0.0
2017-03-12,12.52,63.09,0.0
2017-03-13,9.93,73.99,0.0
2017-03-14,10.24,73.08,0.0
2017-03-15,11.96,75.4,0.0
2017-03-16,10.14,74.72,0.0
2017-03-17,10.56,76.73,0.0
2017-03-18,11.67,82.86,0.0
2017-03-19,12.97,85.85,0.0
2017-03-20,13.78,81.97,0.0
2017-03-21,14.11,83.17,0.0
2017-03-22,15.71,85.67,0.0
2017-03-23,15.33,78.57,0.0
2017-03-24,15.25,78.3,0.0
2017-03-25,14.4,88.07,0.0
2017-03-26,15.63,85.86,0.0
2017-03-27,14.48,72.72,0.0
2017-03-28,14.34,53.48,0.0
2017-03-29,13.28,61.99,0.0
2017-03-30,14.4,69.72,0.0
2017-03-31,17.5,56.4,0.0
2017-04-01,15.28,73.35,0.0
2017-04-02,14.79,69.13,0.0
2017-04-03,12.68,80.48,9.0
2017-04-04,13.43,84.02,0.0
2017-04-05,14.81,77.69,0.0
2017-04-06,14.76,83.17,0.0
2017-04-07,12.63,88.76,1.8
2017-04-08,13.67,64.22,0.0
2017-04-09,14.72,67.5,0.0
2017-04-10,15.68,71.37,0.0
2017-04-11,15.89,75.41,0.0
2017-04-12,15.27,76.01,0.0
2017-04-13,15.83,78.9,0.0
2017-04-14,16.07,82.77,0.0
2017-04-15,15.81,79.22,0.0
2017-04-16,15.23,82.37,0.0
2017-04-17,14.46,93.88,25.2
2017-04-18,14.17,80.72,0.2
2017-04-19,16.61,88.06,7.8
2017-04-20,13.94,62.67,0.0
2017-04-21,11.86,56.47,0.0
2017-04-22,11.72,62.9,0.0
2017-04-23,11.82,75.21,0.0
2017-04-24,13.66,80.03,0.0
2017-04-25,15.27,76.55,0.0
2017-04-26,15.67,69.0,0.0
2017-04-27,16.39,61.78,0.0
2017-04-28,17.5,57.86,0.0
2017-04-29,18.44,61.21,0.0
2017-04-30,19.23,70.44,0.0
2017-05-01,18.5,82.26,0.0
2017-05-02,19.02,84.64,0.0
2017-05-03,18.27,87.02,0.0
2017-05-04,18.65,81.16,0.0
2017-05-05,17.76,79.74,0.0
2017-05-06,19.33,77.69,0.0
2017-05-07,17.95,85.03,0.2
2017-05-08,18.47,76.38,0.0
2017-05-09,17.2,77.88,0.0
2017-05-10,17.76,77.88,0.0
2017-05-11,17.83,75.41,0.0
2017-05-12,22.17,56.01,0.0
2017-05-13,23.74,61.72,0.0
2017-05-14,21.2,75.99,0.0
2017-05-15,21.42,74.57,0.0
2017-05-16,19.49,76.64,3.4
2017-05-17,18.55,67.45,0.0
2017-05-18,19.74,48.43,0.0
2017-05-19,17.87,74.51,2.2
2017-05-20,19.31,81.24,0.2
2017-05-21,16.59,85.64,4.2
2017-05-22,19.95,72.28,2.8
2017-05-23,20.57,79.04,0.4
2017-05-24,20.27,77.9,0.0
2017-05-25,18.97,83.71,8.0
2017-05-26,16.82,88.29,13.8
2017-05-27,17.84,82.0,16.6
2017-05-28,20.11,62.97,0.0
2017-05-29,21.0,62.12,0.0
2017-05-30,20.12,74.83,0.0
2017-05-31,20.55,82.68,0.0
2017-06-01,22.13,81.83,0.0
2017-06-02,22.5,77.65,0.0
2017-06-03,22.15,78.65,0.0
2017-06-04,23.17,76.75,0.0
2017-06-05,24.73,74.71,0.0
2017-06-06,24.66,71.79,0.0
2017-06-07,25.56,69.42,0.0
2017-06-08,23.71,78.56,29.4
2017-06-09,23.26,79.76,0.2
2017-06-10,24.02,77.77,0.0
2017-06-11,20.62,79.67,2.0
2017-06-12,23.51,61.91,0.0
2017-06-13,23.73,73.56,0.0
2017-06-14,24.65,79.45,0.0
2017-06-15,25.46,77.27,0.0
2017-06-16,25.24,77.29,4.8
2017-06-17,25.0,80.24,0.0
2017-06-18,23.91,58.45,0.0
2017-06-19,22.64,52.82,0.0
2017-06-20,23.78,61.23,0.0
2017-06-21,23.69,71.99,0.0
2017-06-22,24.73,77.55,0.0
2017-06-23,25.74,78.47,0.0
2017-06-24,26.21,79.33,0.0
2017-06-25,26.62,75.58,0.0
2017-06-26,26.97,71.8,0.0
2017-06-27,27.04,76.6,0.0
2017-06-28,27.31,67.1,0.0
2017-06-29,28.22,55.69,0.0
2017-06-30,28.87,57.6,0.0
2017-07-01,29.67,54.95,0.0
2017-07-02,27.13,65.86,0.0
2017-07-03,26.0,59.61,0.0
2017-07-04,27.39,43.45,0.0
2017-07-05,26.85,52.88,0.0
2017-07-06,26.68,63.6,0.0
2017-07-07,28.42,56.9,0.0
2017-07-08,27.19,65.24,0.0
2017-07-09,28.41,68.49,0.0
2017-07-10,28.75,65.88,0.0
2017-07-11,28.21,66.44,0.0
2017-07-12,28.25,68.92,0.0
2017-07-13,28.3,71.27,0.0
2017-07-14,29.59,66.53,0.0
2017-07-15,28.65,69.3,0.0
2017-07-16,24.87,73.24,13.8
2017-07-17,22.57,63.33,0.4
2017-07-18,25.53,55.82,0.0
2017-07-19,25.66,64.99,0.0
2017-07-20,25.77,73.08,0.2
2017-07-21,26.82,71.21,0.0
2017-07-22,27.69,70.94,0.0
2017-07-23,28.4,60.87,0.0
2017-07-24,26.86,67.79,0.0
2017-07-25,27.58,69.06,0.0
2017-07-26,26.14,64.23,0.0
2017-07-27,24.57,65.51,0.0
2017-07-28,24.96,65.29,0.0
2017-07-29,26.89,64.88,0.0
2017-07-30,28.09,66.42,0.0
2017-07-31,28.91,67.94,0.0
2017-08-01,29.85,53.5,0.0
2017-08-02,29.12,52.41,0.0
2017-08-03,29.63,55.7,0.0
2017-08-04,29.59,56.62,0.0
2017-08-05,29.28,60.62,0.0
2017-08-06,31.05,57.94,0.0
2017-08-07,30.45,63.2,0.0
2017-08-08,32.17,56.29,0.0
2017-08-09,34.32,39.9,0.0
2017-08-10,34.79,39.01,0.0
2017-08-11,30.71,62.82,0.0
2017-08-12,28.79,65.99,0.0
2017-08-13,25.85,58.41,0.0
2017-08-14,27.21,51.22,0.0
2017-08-15,27.25,58.58,0.0
2017-08-16,28.02,62.05,0.0
2017-08-17,29.4,52.22,0.0
2017-08-18,29.26,47.08,0.0
2017-08-19,28.65,52.38,0.0
2017-08-20,27.66,57.95,0.0
2017-08-21,26.98,65.51,0.0
2017-08-22,26.44,63.49,0.0
2017-08-23,25.95,62.55,0.0
2017-08-24,26.49,61.99,0.0
2017-08-25,26.96,57.47,0.0
2017-08-26,26.53,54.04,0.0
2017-08-27,26.65,53.06,0.0
2017-08-28,26.1,58.3,0.0
2017-08-29,26.42,61.1,0.0
2017-08-30,27.32,43.22,0.0
2017-08-31,24.85,64.82,0.0
2017-09-01,25.01,75.42,0.0
2017-09-02,25.33,73.19,0.0
2017-09-03,24.75,71.65,0.0
2017-09-04,23.66,58.47,0.0
2017-09-05,23.36,53.57,0.0
2017-09-06,23.8,49.06,0.0
2017-09-07,23.1,65.17,0.0
2017-09-08,24.21,72.62,3.6
2017-09-09,22.14,90.99,9.4
2017-09-10,24.29,78.66,0.0
2017-09-11,25.02,70.75,0.0
2017-09-12,23.6,76.48,1.0
2017-09-13,24.38,62.45,0.0
2017-09-14,23.1,59.9,0.0
2017-09-15,22.16,71.52,0.0
2017-09-16,22.63,68.58,0.0
2017-09-17,23.48,74.42,0.0
2017-09-18,24.09,76.46,0.0
2017-09-19,23.86,74.19,0.0
2017-09-20,21.8,76.88,2.8
2017-09-21,18.58,66.97,0.0
2017-09-22,19.24,53.76,0.0
2017-09-23,18.98,56.78,0.0
2017-09-24,19.45,65.0,0.0
2017-09-25,20.48,65.35,2.4
2017-09-26,19.63,75.52,0.0
2017-09-27,19.66,77.17,0.0
2017-09-28,20.42,70.78,5.6
2017-09-29,21.51,46.41,0.0
2017-09-30,21.22,44.14,0.0
2017-10-01,18.43,62.49,0.0
2017-10-02,18.83,70.03,0.0
2017-10-03,19.23,70.65,0.0
2017-10-04,19.99,72.46,0.0
2017-10-05,19.93,77.1,0.0
2017-10-06,20.39,79.78,0.0
2017-10-07,18.67,77.26,24.0
2017-10-08,15.46,54.84,0.0
2017-10-09,14.81,68.15,0.0
2017-10-10,15.94,69.9,0.0
2017-10-11,17.66,65.08,0.0
2017-10-12,17.95,70.25,0.0
2017-10-13,18.59,70.31,0.0
2017-10-14,18.73,66.12,0.0
2017-10-15,18.66,64.31,0.0
2017-10-16,19.41,67.44,0.0
2017-10-17,20.06,67.44,0.0
2017-10-18,18.45,65.43,0.0
2017-10-19,17.25,76.31,0.0
2017-10-20,17.83,81.41,0.0
2017-10-21,18.29,83.15,0.0
2017-10-22,18.05,83.39,0.0
2017-10-23,15.3,96.81,26.6
2017-10-24,14.11,80.01,0.6
2017-10-25,17.26,53.15,0.0
2017-10-26,17.22,61.46,0.0
2017-10-27,14.88,76.16,0.0
2017-10-28,14.15,73.91,0.2
2017-10-29,12.91,63.43,0.0
2017-10-30,15.15,73.06,0.0
2017-10-31,14.73,75.56,0.0
2017-11-01,14.32,79.73,0.0
2017-11-02,13.55,82.75,0.0
2017-11-03,13.26,84.18,0.0
2017-11-04,15.48,58.94,0.0
2017-11-05,12.65,64.0,0.0
2017-11-06,13.35,78.76,25.6
2017-11-07,16.3,84.25,7.0
2017-11-08,13.97,91.7,34.6
2017-11-09,14.11,88.58,1.2
2017-11-10,13.09,83.44,0.2
2017-11-11,14.15,94.52,32.2
2017-11-12,17.79,84.21,0.0
2017-11-13,16.07,86.4,0.6
2017-11-14,16.18,86.08,16.0
2017-11-15,11.19,81.04,22.4
2017-11-16,16.67,78.51,35.6
2017-11-17,15.33,83.44,14.0
2017-11-18,14.94,88.03,13.4
2017-11-19,15.6,75.31,0.6
2017-11-20,11.06,69.56,1.2
2017-11-21,8.89,63.04,0.0
2017-11-22,7.91,77.4,0.0
2017-11-23,9.18,81.27,0.0
2017-11-24,9.73,85.6,0.0
2017-11-25,10.25,85.99,0.0
2017-11-26,10.52,96.58,64.6
2017-11-27,11.96,93.99,30.6
2017-11-28,8.65,80.52,0.6
2017-11-29,7.12,86.18,1.4
2017-11-30,14.48,96.9,30.8
2017-12-01,14.51,95.07,137.6
2017-12-02,14.88,99.86,16.4
2017-12-03,13.56,89.18,7.0
2017-12-04,10.03,93.35,20.4
2017-12-05,8.37,68.85,0.2
2017-12-06,6.12,66.01,0.0
2017-12-07,5.9,83.67,0.0
2017-12-08,7.39,87.94,0.2
2017-12-09,10.9,93.86,20.2
2017-12-10,8.68,76.94,0.4
2017-12-11,6.35,89.9,0.0
2017-12-12,12.56,90.2,0.6
2017-12-13,12.73,94.83,3.2
2017-12-14,12.67,90.71,8.8
2017-12-15,11.93,95.42,3.4
2017-12-16,13.8,94.47,21.4
2017-12-17,11.4,91.54,14.2
2017-12-18,6.62,98.62,2.8
2017-12-19,4.42,87.56,0.4
2017-12-20,4.57,74.65,0.0
2017-12-21,7.42,68.69,0.8
2017-12-22,9.87,45.5,0.0
2017-12-23,8.46,41.17,0.0
2017-12-24,6.25,68.01,0.0
2017-12-25,7.14,82.97,0.0
2017-12-26,8.61,89.83,4.2
2017-12-27,11.13,95.06,16.0
2017-12-28,11.36,95.02,41.2
2017-12-29,8.04,97.81,23.6
2017-12-30,6.31,84.11,0.4
2017-12-31,4.97,79.96,0.0
2018-01-01,7.07,84.62,0.0
2018-01-02,9.74,93.94,10.0
2018-01-03,8.14,91.64,0.0
2018-01-04,9.32,77.49,7.8
2018-01-05,7.66,74.35,0.0
2018-01-06,10.15,84.93,0.0
2018-01-07,11.98,90.53,0.0
2018-01-08,11.88,88.47,0.0
2018-01-09,11.75,90.12,0.0
2018-01-10,11.46,84.53,0.0
2018-01-11,10.43,92.28,1.8
2018-01-12,9.78,93.51,11.2
2018-01-13,12.61,53.92,2.0
2018-01-14,11.01,58.01,0.0
2018-01-15,8.71,98.53,14.8
2018-01-16,9.96,96.59,14.0
2018-01-17,10.88,95.22,20.4
2018-01-18,8.59,54.68,2.2
2018-01-19,5.9,74.19,0.0
2018-01-20,10.45,99.3,30.2
2018-01-21,9.96,97.53,17.6
2018-01-22,9.71,61.85,0.0
2018-01-23,6.28,67.7,0.0
2018-01-24,8.95,42.85,0.0
2018-01-25,4.99,64.6,0.0
2018-01-26,5.68,80.65,0.0
2018-01-27,6.96,87.31,0.0
2018-01-28,7.59,86.17,0.0
2018-01-29,7.71,86.32,0.2
2018-01-30,8.56,90.35,0.0
2018-01-31,8.64,89.83,0.2
2018-02-01,8.58,94.4,0.0
2018-02-02,12.16,93.23,6.2
2018-02-03,12.2,99.05,143.4
2018-02-04,11.13,95.34,39.2
2018-02-05,8.53,80.72,0.0
2018-02-06,8.81,83.04,0.0
2018-02-07,11.27,84.9,16.2
2018-02-08,11.01,90.92,0.8
2018-02-09,9.93,91.47,0.2
2018-02-10,11.35,74.82,17.4
2018-02-11,8.51,95.51,9.6
2018-02-12,8.07,88.62,0.0
2018-02-13,7.55,97.88,31.0
2018-02-14,9.38,80.91,6.8
2018-02-15,9.83,64.7,5.2
2018-02-16,11.28,64.15,0.0
2018-02-17,9.6,79.88,0.0
2018-02-18,9.48,86.04,0.0
2018-02-19,11.9,79.67,0.0
2018-02-20,10.99,80.71,5.4
2018-02-21,10.79,89.51,15.6
2018-02-22,12.11,84.11,9.0
2018-02-23,12.83,68.25,0.0
2018-02-24,10.33,87.4,26.2
2018-02-25,9.7,92.58,16.6
2018-02-26,8.37,91.46,37.4
2018-02-27,8.2,90.27,24.2
2018-02-28,6.92,68.24,0.0
2018-03-01,6.56,80.44,0.0
2018-03-02,10.97,93.66,6.2
2018-03-03,13.47,87.03,3.0
2018-03-04,14.57,87.43,3.6
2018-03-05,14.19,77.08,22.2
2018-03-06,14.89,89.24,22.2
2018-03-07,14.1,86.78,0.0
2018-03-08,12.28,80.41,25.6
2018-03-09,11.34,78.01,0.0
2018-03-10,11.73,79.56,0.0
2018-03-11,12.03,85.06,0.0
2018-03-12,14.56,85.44,5.0
2018-03-13,12.93,85.92,8.6
2018-03-14,11.95,81.35,0.0
2018-03-15,11.29,82.03,0.0
2018-03-16,12.91,89.59,1.2
2018-03-17,16.57,69.31,0.0
2018-03-18,16.19,78.6,9.0
2018-03-19,12.57,93.83,22.4
2018-03-20,12.19,83.86,1.2
2018-03-21,13.08,89.54,15.6
2018-03-22,16.75,63.28,2.2
2018-03-23,10.36,89.28,16.0
2018-03-24,10.35,83.13,0.2
2018-03-25,10.14,86.77,13.6
2018-03-26,11.26,94.19,31.4
2018-03-27,12.09,90.24,3.8
2018-03-28,12.43,74.97,0.0
2018-03-29,11.57,73.11,0.0
2018-03-30,13.59,80.22,0.0
2018-03-31,16.02,73.03,0.0
2018-04-01,14.99,66.77,0.0
2018-04-02,12.54,80.65,0.0
2018-04-03,13.96,76.57,0.0
2018-04-04,13.61,70.93,0.0
2018-04-05,13.82,72.13,0.0
2018-04-06,14.81,83.26,0.4
2018-04-07,17.73,65.98,0.0
2018-04-08,17.37,70.38,0.0
2018-04-09,16.84,66.69,0.0
2018-04-10,15.65,77.44,0.0
2018-04-11,15.49,80.91,0.0
2018-04-12,18.04,70.95,0.0
2018-04-13,17.61,80.88,0.0
2018-04-14,22.13,62.39,0.0
2018-04-15,27.28,27.75,0.0
2018-04-16,19.6,71.97,0.8
2018-04-17,17.23,87.15,0.0
2018-04-18,18.11,85.83,0.0
2018-04-19,19.35,73.05,0.0
2018-04-20,19.79,77.12,0.0
2018-04-21,20.21,51.57,0.0
2018-04-22,16.88,83.31,0.0
2018-04-23,17.93,87.23,0.0
2018-04-24,18.72,83.92,0.0
2018-04-25,18.5,85.4,0.0
2018-04-26,18.97,85.8,0.0
2018-04-27,21.32,77.9,0.2
2018-04-28,25.06,48.98,0.0
2018-04-29,26.12,40.61,0.0
2018-04-30,21.88,63.05,0.0
2018-05-01,22.08,67.99,0.0
2018-05-02,23.82,59.69,0.0
2018-05-03,22.24,67.12,2.8
2018-05-04,19.1,85.06,0.0
2018-05-05,18.59,92.4,0.6
2018-05-06,18.98,92.74,3.0
2018-05-07,19.95,87.11,0.4
2018-05-08,19.6,88.57,0.0
2018-05-09,19.31,83.31,0.0
2018-05-10,17.76,88.15,2.6
2018-05-11,17.89,90.74,46.8
2018-05-12,20.35,76.96,0.2
2018-05-13,20.5,83.45,0.0
2018-05-14,20.12,85.09,0.0
2018-05-15,19.68,88.39,3.2
2018-05-16,20.45,83.92,0.8
2018-05-17,21.17,81.19,0.0
2018-05-18,21.9,80.02,0.0
2018-05-19,22.01,79.24,0.0
2018-05-20,23.22,74.15,1.2
2018-05-21,23.86,60.61,0.2
2018-05-22,23.55,69.76,0.0
2018-05-23,22.51,77.38,1.8
2018-05-24,21.33,86.55,14.6
2018-05-25,22.81,80.01,0.4
2018-05-26,24.32,69.17,0.0
2018-05-27,23.71,69.56,0.0
2018-05-28,23.47,77.53,3.6
2018-05-29,23.26,81.37,0.0
2018-05-30,23.02,78.06,0.8
2018-05-31,21.67,87.78,2.8
2018-06-01,23.85,81.0,0.2
2018-06-02,24.65,68.77,0.0
2018-06-03,24.56,73.95,0.0
2018-06-04,24.8,73.4,0.0
2018-06-05,24.19,77.53,0.0
2018-06-06,23.98,75.41,0.0
2018-06-07,24.79,73.9,0.0
2018-06-08,27.49,61.81,0.0
2018-06-09,24.45,78.36,0.8
2018-06-10,21.54,87.79,30.0
2018-06-11,24.84,79.6,0.0
2018-06-12,25.81,80.94,0.0
2018-06-13,25.58,79.71,0.0
2018-06-14,24.15,78.12,0.0
2018-06-15,20.37,90.32,3.4
2018-06-16,21.34,88.09,4.2
2018-06-17,22.06,88.2,2.8
2018-06-18,22.59,84.67,2.8
2018-06-19,23.04,77.5,0.2
2018-06-20,25.15,60.6,0.0
2018-06-21,23.77,67.28,0.0
2018-06-22,24.04,77.08,0.0
2018-06-23,23.94,77.94,0.0
2018-06-24,23.35,76.55,0.0
2018-06-25,21.85,73.94,0.8
2018-06-26,23.04,60.01,1.4
2018-06-27,21.75,74.96,0.0
2018-06-28,21.02,79.04,0.6
2018-06-29,21.31,76.22,0.0
2018-06-30,22.67,79.69,0.0
2018-07-01,24.96,78.4,0.0
2018-07-02,25.49,78.28,0.0
2018-07-03,25.45,75.67,0.0
2018-07-04,25.42,80.35,0.0
2018-07-05,26.09,82.13,0.0
2018-07-06,26.41,72.23,0.0
2018-07-07,26.1,75.33,0.0
2018-07-08,24.46,83.35,9.0
2018-07-09,23.95,80.49,0.0
2018-07-10,24.17,76.22,0.0
2018-07-11,24.27,78.65,0.0
2018-07-12,25.31,79.73,0.0
2018-07-13,26.58,75.92,0.0
2018-07-14,26.79,73.93,0.0
2018-07-15,27.89,69.11,0.0
2018-07-16,26.51,74.16,0.0
2018-07-17,26.23,79.53,0.0
2018-07-18,26.75,76.02,0.0
2018-07-19,27.53,63.6,0.0
2018-07-20,26.41,74.89,0.0
2018-07-21,26.63,76.95,0.0
2018-07-22,26.58,72.06,0.0
2018-07-23,25.72,81.92,8.6
2018-07-24,25.24,74.52,0.0
2018-07-25,23.97,83.61,8.8
2018-07-26,23.42,87.46,18.2
2018-07-27,24.78,85.14,0.8
2018-07-28,25.81,79.61,0.0
2018-07-29,23.79,86.08,11.0
2018-07-30,25.75,81.39,0.6
2018-07-31,27.42,76.03,0.4
2018-08-01,27.83,73.68,0.0
2018-08-02,27.27,72.68,0.0
2018-08-03,28.17,61.34,0.0
2018-08-04,31.05,38.69,0.0
2018-08-05,28.9,45.87,0.0
2018-08-06,27.32,59.06,0.0
2018-08-07,27.59,68.19,0.0
2018-08-08,28.67,67.69,0.0
2018-08-09,30.27,51.4,0.0
2018-08-10,30.05,44.66,0.0
2018-08-11,29.91,51.7,0.0
2018-08-12,27.87,68.31,0.0
2018-08-13,27.42,74.6,0.0
2018-08-14,27.47,79.35,0.0
2018-08-15,27.76,68.48,0.0
2018-08-16,23.19,81.97,3.2
2018-08-17,26.82,66.2,0.0
2018-08-18,27.32,63.83,0.0
2018-08-19,29.62,46.0,0.0
2018-08-20,31.49,34.92,0.0
2018-08-21,28.55,48.91,0.0
2018-08-22,26.68,55.52,0.0
2018-08-23,27.12,48.15,0.0
2018-08-24,26.91,56.34,0.0
2018-08-25,25.75,75.36,4.6
2018-08-26,25.4,80.1,0.0
2018-08-27,23.16,83.51,2.6
2018-08-28,25.73,68.4,0.0
2018-08-29,29.05,55.26,0.0
2018-08-30,27.48,62.34,0.0
2018-08-31,27.79,62.78,0.0
2018-09-01,27.7,65.65,0.0
2018-09-02,27.73,65.36,0.0
2018-09-03,26.98,69.37,0.0
2018-09-04,25.57,66.46,0.0
2018-09-05,25.35,59.76,0.0
2018-09-06,24.66,67.76,0.0
2018-09-07,24.64,77.26,0.0
2018-09-08,23.07,85.92,11.6
2018-09-09,24.42,74.94,0.0
2018-09-10,25.23,68.06,0.0
2018-09-11,24.79,69.24,0.0
2018-09-12,25.99,42.55,0.0
2018-09-13,24.22,55.22,0.0
2018-09-14,23.85,66.94,0.0
2018-09-15,24.5,70.33,0.0
2018-09-16,25.16,70.31,0.0
2018-09-17,26.05,59.24,0.0
2018-09-18,25.43,57.5,0.0
2018-09-19,24.92,60.05,0.0
2018-09-20,23.75,68.08,0.0
2018-09-21,23.23,63.51,0.0
2018-09-22,22.9,66.85,0.0
2018-09-23,23.59,77.3,0.0
2018-09-24,24.13,78.0,0.0
2018-09-25,23.58,59.05,0.0
2018-09-26,18.64,35.42,0.0
2018-09-27,18.87,32.51,0.0
2018-09-28,21.42,40.56,0.0
2018-09-29,23.01,46.35,0.0
2018-09-30,18.9,77.89,6.0
2018-10-01,18.34,84.15,0.2
2018-10-02,19.23,78.05,0.0
2018-10-03,18.92,88.36,5.2
2018-10-04,23.19,70.5,0.0
2018-10-05,23.95,60.64,0.0
2018-10-06,21.6,67.53,0.0
2018-10-07,19.21,83.35,0.0
2018-10-08,19.93,75.18,0.0
2018-10-09,20.66,68.24,0.0
2018-10-10,21.3,48.56,0.0
2018-10-11,19.01,54.85,0.0
2018-10-12,19.72,56.79,0.0
2018-10-13,21.84,44.72,0.0
2018-10-14,22.53,41.49,0.0
2018-10-15,20.85,52.22,0.0
2018-10-16,19.06,63.52,0.0
2018-10-17,19.26,69.47,0.0
2018-10-18,19.15,67.2,0.0
2018-10-19,19.57,69.55,0.0
2018-10-20,19.58,75.99,0.0
2018-10-21,19.29,73.87,0.8
2018-10-22,19.14,62.96,7.8
2018-10-23,20.18,54.38,0.0
2018-10-24,18.44,64.56,0.0
2018-10-25,17.94,38.08,0.0
2018-10-26,15.43,57.36,0.0
2018-10-27,20.22,78.87,2.6
2018-10-28,20.63,74.22,0.2
2018-10-29,19.76,71.69,0.0
2018-10-30,19.16,82.6,2.8
2018-10-31,22.01,80.85,0.0
2018-11-01,21.51,75.28,0.0
2018-11-02,20.62,73.91,0.0
2018-11-03,20.96,54.63,0.0
2018-11-04,18.5,55.76,0.0
2018-11-05,15.99,61.26,0.0
2018-11-06,15.1,71.01,0.0
2018-11-07,15.78,74.31,4.6
2018-11-08,14.87,91.97,0.4
2018-11-09,14.4,77.97,0.0
2018-11-10,13.42,75.97,0.0
2018-11-11,13.15,74.6,0.0
2018-11-12,12.93,72.39,0.0
2018-11-13,12.45,68.23,0.0
2018-11-14,12.18,74.97,0.0
2018-11-15,13.78,62.61,0.0
2018-11-16,13.05,57.65,6.6
2018-11-17,12.7,54.97,4.8
2018-11-18,11.42,80.76,24.2
2018-11-19,13.07,93.72,0.8
2018-11-20,17.43,83.85,7.2
2018-11-21,14.61,97.04,22.6
2018-11-22,13.88,88.37,0.2
2018-11-23,12.92,84.28,0.0
2018-11-24,12.09,84.01,0.0
2018-11-25,14.02,95.26,12.4
2018-11-26,16.13,96.49,44.8
2018-11-27,15.07,97.61,73.2
2018-11-28,12.98,92.86,9.6
2018-11-29,12.96,47.79,0.0
2018-11-30,9.74,60.58,0.0
2018-12-01,9.03,82.77,0.0
2018-12-02,9.63,86.28,0.0
2018-12-03,8.78,82.21,0.0
2018-12-04,12.06,87.4,0.0
2018-12-05,11.72,77.23,0.0
2018-12-06,9.77,54.92,0.0
2018-12-07,5.66,64.7,0.0
2018-12-08,7.5,86.49,34.6
2018-12-09,11.05,94.78,3.6
2018-12-10,11.49,77.65,24.0
2018-12-11,6.15,82.15,0.0
2018-12-12,5.15,72.87,0.0
2018-12-13,6.57,94.41,11.6
2018-12-14,11.79,95.46,1.4
2018-12-15,12.85,90.83,9.4
2018-12-16,11.17,73.34,0.0
2018-12-17,8.54,77.11,14.6
2018-12-18,10.95,68.83,3.8
2018-12-19,8.07,75.72,0.0
2018-12-20,7.64,86.94,0.0
2018-12-21,8.71,96.05,0.2
2018-12-22,9.04,92.1,0.2
2018-12-23,11.32,88.62,0.0
2018-12-24,9.95,96.92,12.6
2018-12-25,10.6,70.24,4.4
2018-12-26,5.95,51.3,0.0
2018-12-27,4.19,71.2,0.0
2018-12-28,5.14,77.13,0.0
2018-12-29,6.24,83.33,0.0
2018-12-30,7.42,82.28,0.0
2018-12-31,8.96,63.2,0.4
2019-01-01,10.34,42.11,0.0
2019-01-02,6.26,61.43,0.0
2019-01-03,4.95,83.01,11.8
2019-01-04,1.65,90.75,17.2
2019-01-05,2.72,74.54,4.0
2019-01-06,2.03,74.05,0.0
2019-01-07,3.61,48.38,0.0
2019-01-08,1.46,49.75,0.0
2019-01-09,4.89,96.08,69.2
2019-01-10,9.75,92.51,46.4
2019-01-11,7.29,87.97,0.4
2019-01-12,8.93,57.26,0.0
2019-01-13,6.17,74.16,0.0
2019-01-14,5.22,83.97,0.6
2019-01-15,7.49,45.99,0.0
2019-01-16,5.47,43.24,0.0
2019-01-17,5.09,74.81,0.0
2019-01-18,8.11,96.22,7.2
2019-01-19,10.01,97.64,28.2
2019-01-20,9.07,95.1,27.4
2019-01-21,8.21,87.67,0.2
2019-01-22,9.49,92.76,32.0
2019-01-23,9.14,97.15,93.2
2019-01-24,9.6,84.77,3.2
2019-01-25,10.32,81.65,20.2
2019-01-26,8.96,83.92,0.2
2019-01-27,8.71,81.31,0.0
2019-01-28,9.74,96.53,23.6
2019-01-29,9.9,91.33,52.0
2019-01-30,9.72,92.52,8.4
2019-01-31,7.49,98.05,21.2
2019-02-01,9.46,94.38,0.4
2019-02-02,14.14,73.33,0.0
2019-02-03,14.87,63.72,0.0
2019-02-04,14.46,69.56,0.0
2019-02-05,17.57,43.99,0.0
2019-02-06,14.59,49.76,0.0
2019-02-07,11.84,51.02,0.0
2019-02-08,7.65,73.19,0.0
2019-02-09,9.22,80.1,0.0
2019-02-10,8.76,83.01,0.0
2019-02-11,11.48,89.56,4.4
2019-02-12,9.27,84.17,6.8
2019-02-13,8.07,42.36,0.0
2019-02-14,9.17,47.6,0.0
2019-02-15,8.62,46.36,0.0
2019-02-16,8.03,54.59,0.0
2019-02-17,7.48,71.97,0.0
2019-02-18,8.99,78.84,0.0
2019-02-19,9.77,85.5,0.0
2019-02-20,10.69,83.23,0.0
2019-02-21,10.28,79.63,0.0
2019-02-22,9.71,82.58,0.0
2019-02-23,7.89,60.83,0.0
2019-02-24,6.56,42.74,0.0
2019-02-25,7.43,42.06,0.0
2019-02-26,11.98,58.22,0.0
2019-02-27,10.19,52.76,0.0
2019-02-28,9.34,56.67,0.0
2019-03-01,9.05,79.6,0.0
2019-03-02,12.61,71.28,0.0
2019-03-03,12.16,59.75,0.0
2019-03-04,11.0,73.44,0.0
2019-03-05,11.26,82.99,0.0
2019-03-06,12.82,82.92,0.0
2019-03-07,12.44,78.21,0.0
2019-03-08,12.46,68.55,0.0
2019-03-09,12.1,75.63,0.0
2019-03-10,13.47,83.67,0.0
2019-03-11,12.9,83.89,0.0
2019-03-12,11.85,80.52,13.4
2019-03-13,10.83,63.66,0.0
2019-03-14,8.48,90.89,10.6
2019-03-15,12.01,66.33,0.0
2019-03-16,11.17,71.92,0.0
2019-03-17,12.79,82.22,0.0
2019-03-18,13.99,79.71,0.0
2019-03-19,13.01,80.14,0.0
2019-03-20,15.11,70.6,0.0
2019-03-21,18.45,41.62,0.0
2019-03-22,17.24,40.31,0.0
2019-03-23,14.55,56.56,0.0
2019-03-24,14.18,70.19,0.0
2019-03-25,13.05,80.24,0.0
2019-03-26,13.85,80.73,0.0
2019-03-27,13.72,74.56,0.4
2019-03-28,12.29,60.46,4.2
2019-03-29,12.61,41.74,0.0
2019-03-30,11.88,62.44,0.0
2019-03-31,13.59,70.35,0.0
2019-04-01,13.45,78.84,0.0
2019-04-02,16.09,55.34,0.0
2019-04-03,15.28,57.23,0.0
2019-04-04,15.08,72.56,0.0
2019-04-05,15.15,76.26,2.6
2019-04-06,17.14,52.12,0.2
2019-04-07,14.41,79.07,10.6
2019-04-08,14.47,82.24,7.8
2019-04-09,12.82,84.31,0.6
2019-04-10,13.6,91.01,0.8
2019-04-11,14.59,84.41,2.8
2019-04-12,14.33,87.62,34.2
2019-04-13,14.5,83.41,1.0
2019-04-14,13.55,87.39,3.8
2019-04-15,12.6,88.51,2.2
2019-04-16,13.47,78.62,3.6
2019-04-17,13.01,84.4,2.0
2019-04-18,13.41,75.45,0.2
2019-04-19,14.36,74.87,0.0
2019-04-20,15.42,76.94,0.0
2019-04-21,14.17,84.83,0.0
2019-04-22,15.13,83.26,0.0
2019-04-23,15.46,81.67,2.8
2019-04-24,18.93,72.79,0.0
2019-04-25,16.75,88.21,0.6
2019-04-26,19.23,77.39,0.0
2019-04-27,18.49,81.22,0.0
2019-04-28,17.4,69.92,0.0
2019-04-29,15.25,77.03,0.0
2019-04-30,14.75,76.6,1.4
2019-05-01,11.92,85.29,4.0
2019-05-02,14.26,82.97,0.0
2019-05-03,15.39,82.43,0.0
2019-05-04,14.6,86.41,0.2
2019-05-05,16.27,90.6,2.6
2019-05-06,14.13,88.06,10.8
2019-05-07,13.32,83.58,1.0
2019-05-08,14.2,77.08,0.0
2019-05-09,14.99,80.56,0.0
2019-05-10,17.05,85.28,0.0
2019-05-11,17.87,78.24,0.0
2019-05-12,16.94,76.21,12.0
2019-05-13,14.85,95.1,36.2
2019-05-14,17.11,86.37,3.2
2019-05-15,16.63,84.96,4.0
2019-05-16,16.69,83.37,0.0
2019-05-17,18.31,78.29,0.0
2019-05-18,18.47,78.97,0.0
2019-05-19,19.33,76.11,0.0
2019-05-20,19.35,78.12,0.0
2019-05-21,18.38,72.38,0.0
2019-05-22,17.52,80.33,0.0
2019-05-23,19.11,79.31,0.0
2019-05-24,18.56,81.64,0.0
2019-05-25,19.18,79.79,0.0
2019-05-26,20.93,73.98,0.0
2019-05-27,21.31,77.33,5.6
2019-05-28,20.32,80.83,0.0
2019-05-29,20.36,82.94,0.0
2019-05-30,19.93,76.47,0.0
2019-05-31,19.17,81.44,0.0
2019-06-01,18.98,80.65,0.0
2019-06-02,18.42,80.57,0.0
2019-06-03,16.6,91.18,7.4
2019-06-04,17.2,98.17,31.4
2019-06-05,20.62,85.17,0.0
2019-06-06,21.2,82.53,0.0
2019-06-07,22.16,82.82,0.0
2019-06-08,23.88,83.4,0.0
2019-06-09,26.55,80.07,0.0
2019-06-10,25.44,73.11,13.6
2019-06-11,23.3,82.92,17.4
2019-06-12,24.0,80.94,0.0
2019-06-13,25.65,78.55,0.0
2019-06-14,25.85,79.07,0.0
2019-06-15,27.21,80.26,0.0
2019-06-16,24.98,79.4,3.4
2019-06-17,24.91,69.21,0.0
2019-06-18,24.92,69.17,0.0
2019-06-19,25.23,77.6,0.0
2019-06-20,25.8,83.41,0.2
2019-06-21,25.95,81.58,0.0
2019-06-22,27.25,78.07,0.0
2019-06-23,27.01,73.47,0.0
2019-06-24,25.89,74.34,0.0
2019-06-25,28.71,53.28,0.0
2019-06-26,30.16,47.46,0.0
2019-06-27,30.99,43.28,0.0
2019-06-28,28.24,66.03,0.0
2019-06-29,31.08,47.43,0.0
2019-06-30,27.85,56.68,0.0
2019-07-01,27.46,57.8,0.0
2019-07-02,27.43,69.1,0.0
2019-07-03,26.99,74.91,0.0
2019-07-04,29.04,66.5,0.0
2019-07-05,28.69,66.74,0.0
2019-07-06,28.51,71.05,0.0
2019-07-07,28.05,75.36,0.0
2019-07-08,27.94,75.84,0.0
2019-07-09,28.79,73.62,0.0
2019-07-10,27.87,73.19,1.2
2019-07-11,27.59,61.1,0.0
2019-07-12,25.36,71.6,0.0
2019-07-13,25.43,68.21,0.0
2019-07-14,26.57,71.05,0.0
2019-07-15,24.06,75.51,0.0
2019-07-16,21.79,81.14,10.0
2019-07-17,24.25,66.08,0.4
2019-07-18,25.13,67.73,0.0
2019-07-19,24.52,76.66,0.0
2019-07-20,26.49,67.82,0.0
2019-07-21,27.72,67.17,0.0
2019-07-22,28.36,67.6,0.0
2019-07-23,27.37,74.99,9.0
2019-07-24,29.72,54.3,0.0
2019-07-25,28.36,61.26,0.0
2019-07-26,27.67,73.44,0.0
2019-07-27,27.15,76.97,0.0
2019-07-28,27.59,67.03,0.0
2019-07-29,27.14,76.56,9.6
2019-07-30,27.55,75.45,0.0
2019-07-31,28.96,72.62,0.0
2019-08-01,28.96,76.68,0.0
2019-08-02,28.78,76.81,0.0
2019-08-03,27.9,74.47,0.0
2019-08-04,27.83,72.26,0.0
2019-08-05,28.53,55.57,0.0
2019-08-06,27.66,62.36,0.0
2019-08-07,27.71,67.31,0.0
2019-08-08,27.56,66.47,0.0
2019-08-09,26.55,73.53,3.8
2019-08-10,30.22,62.88,0.0
2019-08-11,32.14,46.65,0.0
2019-08-12,33.45,32.29,0.0
2019-08-13,31.1,40.36,0.0
2019-08-14,27.57,71.1,0.0
2019-08-15,28.65,71.88,0.0
2019-08-16,27.07,67.44,0.0
2019-08-17,26.46,66.52,0.0
2019-08-18,26.96,57.44,0.0
2019-08-19,26.72,65.78,0.0
2019-08-20,27.67,66.21,0.0
2019-08-21,28.26,63.17,0.0
2019-08-22,29.55,54.99,0.0
2019-08-23,32.13,41.49,0.0
2019-08-24,34.63,28.65,0.0
2019-08-25,33.54,36.24,0.0
2019-08-26,34.45,27.73,0.0
2019-08-27,34.13,31.01,0.0
2019-08-28,31.85,39.06,0.0
2019-08-29,29.57,44.11,0.0
2019-08-30,27.57,54.4,0.0
2019-08-31,27.28,53.56,0.0
2019-09-01,26.81,64.24,0.0
2019-09-02,26.46,73.09,0.0
2019-09-03,27.36,66.34,0.0
2019-09-04,28.84,46.8,0.0
2019-09-05,27.69,43.71,0.0
2019-09-06,26.28,55.19,0.0
2019-09-07,25.91,64.8,0.0
2019-09-08,25.54,71.68,0.0
2019-09-09,25.08,72.78,0.0
2019-09-10,25.34,69.34,0.0
2019-09-11,25.64,65.8,0.0
2019-09-12,24.81,68.93,0.0
2019-09-13,25.0,49.57,0.0
2019-09-14,25.89,40.15,0.0
2019-09-15,25.97,42.98,0.0
2019-09-16,24.31,61.15,0.0
2019-09-17,23.22,73.93,0.0
2019-09-18,22.44,76.24,0.0
2019-09-19,24.55,76.67,0.0
2019-09-20,24.3,69.39,0.0
2019-09-21,23.5,50.1,0.0
2019-09-22,21.74,67.01,0.0
2019-09-23,22.32,78.4,0.0
2019-09-24,22.07,90.09,69.8
2019-09-25,21.46,77.33,0.0
2019-09-26,22.42,82.62,0.0
2019-09-27,23.33,75.67,0.0
2019-09-28,23.09,72.76,0.0
2019-09-29,22.86,77.81,0.0
2019-09-30,22.38,82.51,0.0
2019-10-01,22.98,79.97,0.0
2019-10-02,22.32,80.93,0.0
2019-10-03,19.9,95.44,40.6
2019-10-04,19.69,85.39,31.4
2019-10-05,19.01,78.55,0.0
2019-10-06,19.59,79.05,0.0
2019-10-07,19.15,80.69,0.8
2019-10-08,21.7,53.22,0.0
2019-10-09,19.79,72.06,0.0
2019-10-10,20.25,85.26,10.0
2019-10-11,22.01,87.55,0.0
2019-10-12,22.23,79.74,0.0
2019-10-13,21.52,84.35,0.0
2019-10-14,21.06,85.1,0.0
2019-10-15,20.36,88.38,0.0
2019-10-16,21.52,87.52,0.0
2019-10-17,20.06,87.18,0.0
2019-10-18,19.55,85.78,0.0
2019-10-19,18.7,84.43,0.0
2019-10-20,18.39,80.63,0.0
2019-10-21,18.84,79.26,0.0
2019-10-22,20.68,66.36,0.0
2019-10-23,22.23,42.27,0.0
2019-10-24,17.54,57.09,0.0
2019-10-25,16.58,66.49,0.0
2019-10-26,16.98,67.25,0.0
2019-10-27,16.68,70.47,0.0
2019-10-28,15.96,80.88,0.0
2019-10-29,16.53,84.31,0.0
2019-10-30,16.51,90.46,4.2
2019-10-31,17.46,93.04,8.0
2019-11-01,17.93,78.9,0.2
2019-11-02,16.78,79.92,0.0
2019-11-03,17.47,89.4,14.0
2019-11-04,16.56,96.94,79.4
2019-11-05,17.43,90.35,1.0
2019-11-06,18.33,87.92,0.0
2019-11-07,17.94,89.16,78.6
2019-11-08,16.67,89.15,14.4
2019-11-09,14.97,97.0,11.2
2019-11-10,16.24,88.55,32.6
2019-11-11,14.45,82.92,0.0
2019-11-12,17.13,82.34,34.8
2019-11-13,16.3,88.46,32.2
2019-11-14,14.48,96.56,8.0
2019-11-15,15.94,90.26,0.2
2019-11-16,15.46,89.28,0.0
2019-11-17,15.52,85.81,2.2
2019-11-18,15.83,88.82,14.2
2019-11-19,14.75,95.36,25.0
2019-11-20,15.86,91.82,40.8
2019-11-21,13.67,93.26,0.0
2019-11-22,12.69,90.92,0.2
2019-11-23,12.25,90.85,0.0
2019-11-24,13.84,84.54,4.2
2019-11-25,11.7,96.92,16.8
2019-11-26,12.12,90.45,0.0
2019-11-27,12.0,91.54,0.2
2019-11-28,14.82,99.05,31.2
2019-11-29,14.8,87.94,5.4
2019-11-30,13.51,93.66,6.8
2019-12-01,10.39,85.06,0.0
2019-12-02,8.54,89.65,0.0
2019-12-03,10.97,99.85,30.4
2019-12-04,13.59,74.67,20.0
2019-12-05,10.94,76.99,0.0
2019-12-06,12.18,93.56,3.4
2019-12-07,13.83,95.66,11.6
2019-12-08,10.77,93.14,0.2
2019-12-09,10.0,91.97,0.2
2019-12-10,10.74,98.77,18.0
2019-12-11,12.28,72.53,3.8
2019-12-12,10.81,76.76,1.8
2019-12-13,10.28,97.56,35.2
2019-12-14,11.29,91.76,53.8
2019-12-15,11.22,87.52,0.0
2019-12-16,11.54,90.64,0.0
2019-12-17,10.97,92.67,0.2
2019-12-18,10.78,92.37,0.4
2019-12-19,11.99,92.53,0.0
2019-12-20,14.07,97.04,15.4
2019-12-21,14.43,96.16,15.4
2019-12-22,14.78,96.49,66.8
2019-12-23,12.43,89.17,2.2
2019-12-24,11.1,67.45,0.0
2019-12-25,10.92,55.95,0.0
2019-12-26,7.75,76.47,0.0
2019-12-27,6.62,80.85,0.0
2019-12-28,7.14,51.21,0.0
2019-12-29,6.75,43.28,0.0
2019-12-30,6.96,43.08,0.0
2019-12-31,7.31,53.28,0.0
2020-01-01,7.62,58.28,0.0
2020-01-02,6.88,43.3,0.0
2020-01-03,3.44,62.64,0.0
2020-01-04,5.02,74.57,0.0
2020-01-05,7.38,68.1,0.2
2020-01-06,6.68,41.7,0.0
2020-01-07,5.37,46.44,0.0
2020-01-08,4.52,40.43,0.0
2020-01-09,3.27,61.68,0.0
2020-01-10,4.66,71.39,0.0
2020-01-11,6.0,85.32,0.2
2020-01-12,9.8,72.55,0.0
2020-01-13,9.88,70.38,0.0
2020-01-14,9.5,79.19,0.0
2020-01-15,8.43,78.07,0.0
2020-01-16,7.81,73.32,0.0
2020-01-17,6.92,67.93,0.0
2020-01-18,5.84,74.23,0.0
2020-01-19,6.29,82.7,0.0
2020-01-20,6.27,77.77,0.0
2020-01-21,4.86,72.08,0.0
2020-01-22,5.15,75.56,0.0
2020-01-23,5.41,76.72,0.0
2020-01-24,7.24,72.63,0.0
2020-01-25,10.43,85.47,0.0
2020-01-26,11.85,86.11,4.6
2020-01-27,10.04,99.25,24.8
2020-01-28,7.97,94.79,1.0
2020-01-29,11.62,96.79,8.2
2020-01-30,10.77,78.2,0.4
2020-01-31,8.05,83.26,0.0
2020-02-01,9.47,88.07,0.0
2020-02-02,10.61,91.47,0.0
2020-02-03,10.89,91.94,0.2
2020-02-04,10.84,94.84,3.0
2020-02-05,10.69,71.46,3.4
2020-02-06,7.97,48.86,0.0
2020-02-07,4.8,62.38,0.0
2020-02-08,5.85,66.49,0.0
2020-02-09,6.65,77.22,0.0
2020-02-10,8.2,89.1,0.2
2020-02-11,12.08,91.94,0.0
2020-02-12,13.56,91.87,0.0
2020-02-13,11.47,77.84,0.0
2020-02-14,10.39,97.2,50.4
2020-02-15,12.78,68.55,1.8
2020-02-16,13.1,50.93,0.0
2020-02-17,9.09,77.54,0.0
2020-02-18,9.59,88.42,0.0
2020-02-19,10.99,89.92,0.0
2020-02-20,10.14,85.39,5.4
2020-02-21,9.57,67.09,0.0
2020-02-22,8.71,60.53,0.0
2020-02-23,7.74,68.29,0.0
2020-02-24,9.77,83.76,0.0
2020-02-25,11.83,82.53,0.0
2020-02-26,13.58,87.86,0.0
2020-02-27,11.07,75.44,3.0
2020-02-28,6.24,94.78,22.4
2020-02-29,8.08,65.74,0.0
2020-03-01,8.69,76.77,0.0
2020-03-02,14.12,81.85,0.0
2020-03-03,16.15,69.25,0.0
2020-03-04,12.71,82.03,36.0
2020-03-05,10.7,80.24,0.0
2020-03-06,11.04,83.21,0.0
2020-03-07,15.37,80.42,0.6
2020-03-08,14.08,85.4,3.0
2020-03-09,11.61,82.07,0.6
2020-03-10,10.31,85.56,0.0
2020-03-11,11.92,79.62,0.2
2020-03-12,12.79,80.85,0.0
2020-03-13,13.85,85.92,0.0
2020-03-14,13.96,90.46,0.0
2020-03-15,14.94,84.33,4.0
2020-03-16,12.45,42.17,0.0
2020-03-17,9.46,60.83,0.0
2020-03-18,11.62,78.62,0.0
2020-03-19,11.9,71.71,0.0
2020-03-20,12.49,78.97,0.0
2020-03-21,13.68,73.31,0.0
2020-03-22,11.96,86.03,2.4
2020-03-23,11.84,96.53,8.2
2020-03-24,9.71,70.69,0.0
2020-03-25,10.86,60.68,0.0
2020-03-26,14.87,46.76,0.0
2020-03-27,10.54,84.47,9.2
2020-03-28,10.41,85.52,0.4
2020-03-29,12.46,84.42,0.0
2020-03-30,13.47,75.92,0.0
2020-03-31,14.02,72.57,0.0
2020-04-01,10.48,94.42,11.0
2020-04-02,8.79,79.14,0.0
2020-04-03,8.95,92.44,6.4
2020-04-04,12.08,77.56,9.2
2020-04-05,13.93,66.24,0.4
2020-04-06,13.75,48.17,0.0
2020-04-07,13.91,40.33,0.0
2020-04-08,14.59,35.38,0.0
2020-04-09,13.52,62.78,0.0
2020-04-10,13.78,79.64,0.0
2020-04-11,15.97,82.26,0.0
2020-04-12,15.55,80.92,0.0
2020-04-13,15.55,69.06,0.0
2020-04-14,14.19,65.28,0.0
2020-04-15,15.22,60.6,0.0
2020-04-16,14.88,58.55,0.0
2020-04-17,13.78,81.99,0.0
2020-04-18,15.64,83.74,0.0
2020-04-19,15.75,83.68,0.0
2020-04-20,15.9,91.17,0.2
2020-04-21,19.55,60.86,1.4
2020-04-22,14.85,58.73,3.0
2020-04-23,12.91,67.85,14.4
2020-04-24,14.15,71.42,0.0
2020-04-25,15.17,81.95,0.0
2020-04-26,15.28,83.06,0.0
2020-04-27,16.13,85.37,0.0
2020-04-28,17.54,83.94,0.0
2020-04-29,16.86,88.56,0.0
2020-04-30,17.5,82.44,0.0
2020-05-01,17.01,83.12,0.0
2020-05-02,16.59,88.12,0.8
2020-05-03,17.4,82.75,0.2
2020-05-04,18.09,61.57,0.0
2020-05-05,16.91,71.24,0.0
2020-05-06,17.31,82.04,0.0
2020-05-07,19.41,64.12,0.0
2020-05-08,18.22,54.97,0.0
2020-05-09,17.39,71.48,0.0
2020-05-10,17.28,75.91,0.0
2020-05-11,22.04,55.51,0.0
2020-05-12,20.72,73.22,0.0
2020-05-13,22.22,72.32,0.0
2020-05-14,23.59,62.62,0.0
2020-05-15,25.21,48.64,0.0
2020-05-16,25.45,55.42,0.0
2020-05-17,26.75,56.39,0.0
2020-05-18,26.68,55.51,0.0
2020-05-19,27.1,60.05,0.0
2020-05-20,23.08,77.02,0.0
2020-05-21,18.75,92.83,4.0
2020-05-22,21.24,65.05,0.0
2020-05-23,20.67,77.28,0.0
2020-05-24,20.87,74.33,0.0
2020-05-25,20.45,74.39,0.0
2020-05-26,16.56,76.67,3.2
2020-05-27,16.83,67.28,1.2
2020-05-28,17.4,75.43,1.0
2020-05-29,16.97,77.85,0.2
2020-05-30,17.22,78.24,0.0
2020-05-31,16.25,82.97,1.0
2020-06-01,17.12,76.15,0.0
2020-06-02,19.04,74.03,0.0
2020-06-03,18.8,82.76,0.6
2020-06-04,20.83,73.51,0.0
2020-06-05,20.98,66.7,0.0
2020-06-06,18.84,88.67,46.4
2020-06-07,21.03,83.67,0.0
2020-06-08,21.54,82.66,0.0
2020-06-09,22.31,82.31,0.0
2020-06-10,22.73,81.51,0.0
2020-06-11,20.42,83.26,4.2
2020-06-12,20.4,79.79,0.0
2020-06-13,21.3,74.47,0.0
2020-06-14,22.54,78.54,0.0
2020-06-15,22.42,78.58,0.0
2020-06-16,21.88,78.76,0.0
2020-06-17,21.64,80.54,0.0
2020-06-18,22.92,78.83,0.0
2020-06-19,23.81,77.47,0.0
2020-06-20,23.24,79.84,0.0
2020-06-21,22.97,74.03,0.0
2020-06-22,21.27,83.49,0.2
2020-06-23,21.86,83.93,0.0
2020-06-24,24.35,77.16,0.0
2020-06-25,26.16,71.51,0.0
2020-06-26,26.55,70.72,0.0
2020-06-27,27.81,65.84,0.0
2020-06-28,26.46,71.44,0.0
2020-06-29,25.68,75.12,0.0
2020-06-30,26.65,78.89,0.0
2020-07-01,28.38,72.67,0.0
2020-07-02,28.4,76.12,0.0
2020-07-03,29.17,72.96,0.0
2020-07-04,29.04,71.44,0.0
2020-07-05,25.22,75.15,7.2
2020-07-06,25.79,67.6,0.0
2020-07-07,24.98,79.8,13.2
2020-07-08,26.29,76.62,0.0
2020-07-09,26.52,71.92,0.0
2020-07-10,27.59,59.92,0.0
2020-07-11,26.7,63.77,0.0
2020-07-12,26.82,76.49,0.0
2020-07-13,27.91,72.81,0.0
2020-07-14,28.02,55.39,0.0
2020-07-15,25.16,74.55,0.0
2020-07-16,24.83,76.03,0.0
2020-07-17,25.39,74.51,0.0
2020-07-18,25.83,71.81,0.0
2020-07-19,26.02,66.45,0.0
2020-07-20,24.25,68.35,0.0
2020-07-21,27.17,65.49,0.0
2020-07-22,28.68,59.12,0.0
2020-07-23,28.91,56.54,0.0
2020-07-24,28.63,60.24,0.0
2020-07-25,27.61,69.94,0.0
2020-07-26,26.48,73.84,0.0
2020-07-27,27.91,70.14,0.0
2020-07-28,29.49,59.25,0.0
2020-07-29,30.08,56.57,0.0
2020-07-30,30.74,56.85,0.0
2020-07-31,29.94,63.53,0.0
2020-08-01,28.01,71.47,2.2
2020-08-02,30.38,56.94,0.0
2020-08-03,29.56,62.49,0.0
2020-08-04,27.99,65.98,0.0
2020-08-05,27.17,69.31,0.4
2020-08-06,26.34,75.34,2.4
2020-08-07,23.92,78.63,15.8
2020-08-08,22.59,85.31,17.4
2020-08-09,27.78,58.72,0.0
2020-08-10,28.11,58.12,0.0
2020-08-11,27.75,64.44,0.0
2020-08-12,28.0,69.33,0.0
2020-08-13,28.65,70.67,0.0
2020-08-14,29.03,71.77,0.0
2020-08-15,28.58,69.36,0.0
2020-08-16,27.92,72.6,0.0
2020-08-17,28.05,70.24,0.0
2020-08-18,27.25,70.28,0.0
2020-08-19,27.45,69.6,0.0
2020-08-20,28.02,57.94,0.0
2020-08-21,27.98,57.91,0.0
2020-08-22,28.49,63.71,0.0
2020-08-23,28.77,66.92,0.0
2020-08-24,28.94,65.58,0.0
2020-08-25,28.49,70.58,0.0
2020-08-26,28.2,64.36,0.0
2020-08-27,27.2,70.1,0.0
2020-08-28,28.08,63.12,0.0
2020-08-29,27.6,63.54,0.0
2020-08-30,26.69,71.24,0.0
2020-08-31,27.27,74.81,0.0
2020-09-01,27.15,73.03,0.0
2020-09-02,25.41,63.6,0.0
2020-09-03,25.15,61.62,0.0
2020-09-04,26.52,60.5,0.0
2020-09-05,26.13,52.94,0.0
2020-09-06,24.96,62.48,0.0
2020-09-07,25.15,65.93,0.0
2020-09-08,27.4,67.56,0.0
2020-09-09,29.21,54.93,0.0
2020-09-10,28.98,51.17,0.0
2020-09-11,28.1,54.09,0.0
2020-09-12,27.04,55.25,0.0
2020-09-13,26.81,59.9,0.0
2020-09-14,28.95,38.3,0.0
2020-09-15,30.63,27.16,0.0
2020-09-16,30.96,34.94,0.0
2020-09-17,27.79,53.92,0.0
2020-09-18,23.69,78.1,0.0
2020-09-19,25.72,55.55,0.0
2020-09-20,23.23,69.72,0.0
2020-09-21,22.98,77.83,0.0
2020-09-22,23.17,73.76,0.0
2020-09-23,20.17,94.94,1.2
2020-09-24,22.11,84.42,0.2
2020-09-25,22.57,80.88,0.0
2020-09-26,19.84,90.87,3.4
2020-09-27,19.77,79.37,0.0
2020-09-28,21.25,86.27,0.0
2020-09-29,18.33,90.62,0.0
2020-09-30,17.5,78.32,0.0
2020-10-01,17.52,79.19,0.0
2020-10-02,18.79,84.14,0.0
2020-10-03,22.16,81.3,0.0
2020-10-04,24.52,74.34,0.0
2020-10-05,24.69,71.78,0.0
2020-10-06,24.63,70.74,0.0
2020-10-07,21.44,87.78,0.0
2020-10-08,18.85,84.89,0.0
2020-10-09,17.4,80.03,0.0
2020-10-10,18.02,84.15,0.0
2020-10-11,18.55,83.42,0.0
2020-10-12,18.79,91.49,0.8
2020-10-13,16.26,89.25,0.0
2020-10-14,16.21,88.74,0.0
2020-10-15,16.68,91.47,0.0
2020-10-16,20.13,92.35,0.0
2020-10-17,17.33,84.59,0.0
2020-10-18,15.18,82.05,0.0
2020-10-19,16.13,76.59,0.0
2020-10-20,16.87,68.79,0.0
2020-10-21,17.53,61.02,0.0
2020-10-22,15.42,82.08,0.0
2020-10-23,16.26,83.34,0.0
2020-10-24,15.83,88.74,0.0
2020-10-25,15.53,91.8,0.0
2020-10-26,14.3,87.7,0.0
2020-10-27,15.11,87.32,0.0
2020-10-28,16.9,74.22,0.0
2020-10-29,16.99,75.53,0.0
2020-10-30,14.89,89.53,0.0
2020-10-31,14.7,83.19,0.0
2020-11-01,14.44,83.49,0.0
2020-11-02,14.44,88.79,0.0
2020-11-03,13.98,93.21,0.0
2020-11-04,15.91,87.41,0.0
2020-11-05,16.42,91.65,0.0
2020-11-06,17.58,59.8,0.0
2020-11-07,16.19,57.8,0.0
2020-11-08,13.78,73.79,0.0
2020-11-09,12.37,80.15,0.0
2020-11-10,15.12,64.99,0.0
2020-11-11,19.03,49.56,0.0
2020-11-12,13.13,76.07,0.0
2020-11-13,12.23,87.42,0.0
2020-11-14,12.35,89.19,0.0
2020-11-15,11.82,88.57,0.0
2020-11-16,12.54,88.43,0.0
2020-11-17,13.87,92.31,0.0
2020-11-18,15.52,74.77,0.0
2020-11-19,12.88,65.81,0.0
2020-11-20,9.67,71.22,0.0
2020-11-21,14.24,47.66,0.0
2020-11-22,14.95,50.63,0.0
2020-11-23,10.37,76.58,0.0
2020-11-24,10.89,77.38,0.0
2020-11-25,13.07,55.28,0.0
2020-11-26,7.91,67.48,0.0
2020-11-27,9.5,68.51,0.0
2020-11-28,8.84,82.37,0.0
2020-11-29,11.62,92.31,0.0
2020-11-30,12.39,89.33,0.0
2020-12-01,10.45,87.58,0.0
2020-12-02,11.72,90.01,0.0
2020-12-03,11.71,99.78,0.0
2020-12-04,12.12,93.0,0.0
2020-12-05,10.98,89.6,0.0
2020-12-06,14.11,73.69,0.0
2020-12-07,11.87,92.4,0.4
2020-12-08,10.94,95.4,0.0
2020-12-09,13.16,96.44,9.2
2020-12-10,10.15,98.6,22.8
2020-12-11,9.14,95.09,3.8
2020-12-12,9.65,99.42,0.0
2020-12-13,10.1,89.77,0.0
2020-12-14,14.15,65.19,0.0
2020-12-15,12.57,72.89,0.0
2020-12-16,10.35,87.88,0.0
2020-12-17,10.04,90.84,0.0
2020-12-18,9.92,90.88,0.0
2020-12-19,10.91,89.74,0.0
2020-12-20,10.96,92.0,0.0
2020-12-21,10.95,90.02,0.0
2020-12-22,10.76,91.48,0.0
2020-12-23,9.71,92.34,0.0
2020-12-24,10.25,93.6,0.0
2020-12-25,12.49,99.76,0.0
2020-12-26,13.7,96.92,0.0
2020-12-27,12.65,89.5,22.8
2020-12-28,10.48,96.95,13.0
2020-12-29,13.37,89.56,10.0
2020-12-30,14.51,83.15,2.2
2020-12-31,11.44,92.06,0.0
2021-01-01,8.84,91.32,0.0
2021-01-02,8.65,87.95,0.0
2021-01-03,11.72,98.55,0.0
2021-01-04,10.31,96.39,0.0
2021-01-05,8.23,96.65,0.0
2021-01-06,10.77,99.82,0.0
2021-01-07,12.54,99.79,0.0
2021-01-08,15.12,97.08,0.0
2021-01-09,15.62,97.19,0.0
2021-01-10,18.07,82.88,0.0
2021-01-11,16.66,92.46,0.0
2021-01-12,13.66,88.76,0.0
2021-01-13,8.17,87.83,0.0
2021-01-14,7.18,81.17,0.0
2021-01-15,7.6,90.3,0.0
2021-01-16,5.63,81.28,0.0
2021-01-17,2.77,59.81,0.0
2021-01-18,4.1,59.01,0.0
2021-01-19,3.07,69.34,0.0
2021-01-20,4.56,73.95,0.0
2021-01-21,8.56,99.74,0.0
2021-01-22,11.04,99.31,0.0
2021-01-23,10.99,97.67,16.8
2021-01-24,9.63,98.42,0.0
2021-01-25,11.29,84.86,0.0
2021-01-26,9.73,93.28,0.0
2021-01-27,5.98,53.95,0.0
2021-01-28,3.28,66.2,0.0
2021-01-29,6.46,88.26,0.0
2021-01-30,13.08,84.88,0.0
2021-01-31,11.52,90.97,0.0
2021-02-01,12.59,95.62,0.0
2021-02-02,11.32,98.1,0.0
2021-02-03,11.23,89.71,0.0
2021-02-04,10.57,91.67,0.0
2021-02-05,10.64,91.78,0.0
2021-02-06,11.61,85.32,0.0
2021-02-07,12.62,79.06,0.0
2021-02-08,15.11,74.51,0.0
2021-02-09,12.48,95.89,0.0
2021-02-10,12.31,93.74,0.0
2021-02-11,11.68,89.07,0.0
2021-02-12,10.12,87.63,0.0
2021-02-13,9.44,97.1,0.0
2021-02-14,4.75,89.06,0.0
2021-02-15,3.52,46.22,0.0
2021-02-16,3.89,45.34,0.0
2021-02-17,4.29,67.56,0.0
2021-02-18,8.89,79.53,0.0
2021-02-19,8.8,78.0,0.0
2021-02-20,8.97,84.36,0.0
2021-02-21,9.91,76.8,0.0
2021-02-22,9.6,81.45,0.0
2021-02-23,10.64,83.84,0.0
2021-02-24,11.51,82.73,0.0
2021-02-25,13.63,64.52,0.0
2021-02-26,12.84,71.57,0.0
2021-02-27,11.37,85.89,0.0
2021-02-28,12.75,72.83,0.0
2021-03-01,13.19,76.67,0.0
2021-03-02,12.0,59.1,0.0
2021-03-03,9.96,70.74,0.0
2021-03-04,10.61,78.44,0.0
2021-03-05,10.55,83.08,0.0
2021-03-06,10.93,90.9,0.0
2021-03-07,11.11,80.17,0.0
2021-03-08,11.58,82.23,0.0
2021-03-09,13.1,75.49,0.0
2021-03-10,12.62,92.25,0.0
2021-03-11,10.46,72.24,0.0
2021-03-12,9.31,78.08,0.0
2021-03-13,11.0,84.76,0.0
2021-03-14,11.65,86.72,0.0
2021-03-15,9.73,91.19,0.0
2021-03-16,8.38,78.54,0.0
2021-03-17,7.06,73.06,0.0
2021-03-18,7.04,77.28,0.0
2021-03-19,10.83,72.61,0.0
2021-03-20,9.59,95.79,0.0
2021-03-21,13.5,87.35,0.0
2021-03-22,10.47,97.78,0.0
2021-03-23,9.2,69.51,0.0
2021-03-24,10.63,43.46,0.0
2021-03-25,9.03,49.15,0.0
2021-03-26,8.11,69.08,0.0
2021-03-27,9.92,76.03,0.0
2021-03-28,12.17,84.24,0.0
2021-03-29,12.87,88.79,0.0
2021-03-30,13.28,70.07,0.0
2021-03-31,12.82,65.27,0.0
2021-04-01,12.1,82.86,0.0
2021-04-02,13.36,84.38,0.0
2021-04-03,14.15,83.24,0.0
2021-04-04,16.57,76.26,0.0
2021-04-05,14.96,78.77,0.0
2021-04-06,14.36,75.74,0.0
2021-04-07,14.08,83.56,0.0
2021-04-08,11.53,62.28,0.0
2021-04-09,10.32,46.59,0.0
2021-04-10,9.81,67.62,0.0
2021-04-11,11.12,77.33,0.0
2021-04-12,13.53,75.19,0.0
2021-04-13,13.49,76.4,0.0
2021-04-14,13.52,72.44,0.0
2021-04-15,12.0,65.93,0.0
2021-04-16,12.71,70.35,0.0
2021-04-17,16.29,69.09,0.0
2021-04-18,16.21,79.57,0.0
2021-04-19,11.22,94.51,0.0
2021-04-20,10.71,87.62,0.0
2021-04-21,12.08,83.12,0.0
2021-04-22,12.76,82.76,0.0
2021-04-23,15.77,80.38,0.0
2021-04-24,16.52,69.19,0.0
2021-04-25,18.03,61.92,0.0
2021-04-26,16.53,76.44,0.0
2021-04-27,17.02,71.17,0.0
2021-04-28,20.53,65.38,0.0
2021-04-29,19.5,75.61,0.0
2021-04-30,21.59,67.7,0.0
2021-05-01,22.87,67.72,0.0
2021-05-02,22.34,74.52,0.0
2021-05-03,19.94,84.77,0.0
2021-05-04,18.91,80.01,0.0
2021-05-05,17.85,80.54,0.0
2021-05-06,18.15,87.08,0.0
2021-05-07,19.38,79.05,0.0
2021-05-08,19.88,78.42,0.0
2021-05-09,21.28,69.88,0.0
2021-05-10,20.24,70.73,0.0
2021-05-11,19.69,79.13,0.0
2021-05-12,19.08,84.38,0.0
2021-05-13,18.37,78.99,0.0
2021-05-14,17.52,78.31,0.0
2021-05-15,15.12,92.03,0.0
2021-05-16,17.33,82.4,0.0
2021-05-17,19.06,77.37,0.0
2021-05-18,20.01,83.96,0.0
2021-05-19,19.39,76.76,0.0
2021-05-20,17.69,70.18,0.0
2021-05-21,18.0,66.26,0.0
2021-05-22,18.4,71.69,0.0
2021-05-23,18.89,72.65,0.0
2021-05-24,21.68,74.58,0.0
2021-05-25,23.08,69.57,0.0
2021-05-26,21.49,74.38,0.0
2021-05-27,20.87,79.41,0.0
2021-05-28,21.07,76.97,0.0
2021-05-29,20.57,75.67,0.0
2021-05-30,20.66,82.44,0.0
2021-05-31,20.35,71.82,0.0
2021-06-01,19.17,63.75,0.0
2021-06-02,19.02,63.15,0.0
2021-06-03,19.9,70.69,0.0
2021-06-04,21.94,70.45,0.0
2021-06-05,21.98,75.63,0.0
2021-06-06,22.38,75.09,0.0
2021-06-07,22.52,73.94,0.0
2021-06-08,23.21,67.9,0.0
2021-06-09,21.15,80.53,0.0
2021-06-10,21.64,70.78,0.0
2021-06-11,22.17,70.43,0.0
2021-06-12,21.29,75.49,0.0
2021-06-13,21.85,83.01,0.0
2021-06-14,23.68,63.79,0.0
2021-06-15,22.4,51.94,0.0
2021-06-16,21.85,70.76,0.0
2021-06-17,23.43,74.8,0.0
2021-06-18,23.28,77.28,0.0
2021-06-19,24.32,77.3,0.0
2021-06-20,24.89,80.35,0.0
2021-06-21,25.66,80.45,0.0
2021-06-22,27.35,70.13,0.0
2021-06-23,28.03,63.1,0.0
2021-06-24,28.35,70.4,0.0
2021-06-25,28.92,72.59,0.0
2021-06-26,29.86,61.28,0.0
2021-06-27,28.46,62.32,0.0
2021-06-28,27.7,66.06,0.0
2021-06-29,27.77,66.01,0.0
2021-06-30,28.31,64.28,0.0
2021-07-01,28.22,69.68,0.0
2021-07-02,27.8,63.49,0.0
2021-07-03,26.85,57.53,0.0
2021-07-04,25.9,67.89,0.0
2021-07-05,26.55,72.32,0.0
2021-07-06,29.03,68.96,0.0
2021-07-07,29.35,66.17,0.0
2021-07-08,29.7,67.97,0.0
2021-07-09,29.84,70.33,0.0
2021-07-10,29.53,65.59,0.0
2021-07-11,29.96,54.58,0.0
2021-07-12,28.57,64.77,0.0
2021-07-13,29.18,66.51,0.0
2021-07-14,28.77,67.49,0.0
2021-07-15,28.62,70.95,0.0
2021-07-16,28.58,70.17,0.0
2021-07-17,26.95,68.66,0.0
2021-07-18,25.63,74.02,0.0
2021-07-19,26.41,70.54,0.0
2021-07-20,26.81,73.26,0.0
2021-07-21,28.36,72.6,0.0
2021-07-22,29.07,65.09,0.0
2021-07-23,28.5,60.4,0.0
2021-07-24,26.66,71.26,0.0
2021-07-25,27.58,64.84,0.0
2021-07-26,28.14,62.52,0.0
2021-07-27,28.93,65.82,0.0
2021-07-28,31.47,58.49,0.0
2021-07-29,30.82,57.58,0.0
2021-07-30,29.7,66.36,0.0
2021-07-31,28.88,68.24,0.0
2021-08-01,29.74,68.11,0.0
2021-08-02,30.38,67.79,0.0
2021-08-03,31.16,60.09,0.0
2021-08-04,30.91,53.72,0.0
2021-08-05,29.67,55.03,0.0
2021-08-06,28.3,66.07,0.0
2021-08-07,27.73,58.26,0.0
2021-08-08,28.34,61.19,0.0
2021-08-09,27.76,77.2,0.0
2021-08-10,28.91,80.19,0.0
2021-08-11,28.85,80.56,0.0
2021-08-12,31.33,56.24,0.0
2021-08-13,29.46,57.03,0.0
2021-08-14,30.01,55.97,0.0
2021-08-15,29.46,63.56,0.0
2021-08-16,29.28,67.4,0.0
2021-08-17,28.26,74.27,0.0
2021-08-18,28.44,67.16,0.0
2021-08-19,29.05,67.49,0.0
2021-08-20,29.22,62.92,0.0
2021-08-21,27.61,63.14,0.0
2021-08-22,28.42,60.4,0.0
2021-08-23,28.55,61.24,0.0
2021-08-24,28.4,59.86,0.0
2021-08-25,27.26,69.61,0.0
2021-08-26,24.27,83.46,37.4
2021-08-27,25.87,83.75,0.8
2021-08-28,25.65,77.67,0.0
2021-08-29,25.68,73.31,0.0
2021-08-30,25.31,64.06,0.0
2021-08-31,24.45,61.1,0.0
2021-09-01,24.91,58.79,0.0
2021-09-02,26.23,51.6,0.0
2021-09-03,25.05,55.62,0.0
2021-09-04,23.78,65.88,0.0
2021-09-05,24.18,67.79,3.8
2021-09-06,26.32,42.99,0.0
2021-09-07,25.6,41.03,0.0
2021-09-08,23.71,47.66,0.0
2021-09-09,21.89,63.49,0.0
2021-09-10,21.76,74.32,0.0
2021-09-11,22.92,71.65,0.0
2021-09-12,21.62,75.88,1.2
2021-09-13,23.22,65.46,0.0
2021-09-14,23.68,68.67,0.0
2021-09-15,23.77,75.05,0.0
2021-09-16,23.53,80.17,0.0
2021-09-17,24.72,75.88,0.0
2021-09-18,24.49,84.08,0.0
2021-09-19,25.05,80.43,0.0
2021-09-20,25.15,83.49,0.0
2021-09-21,24.83,75.44,0.0
2021-09-22,23.6,62.08,0.0
2021-09-23,21.63,43.35,0.0
2021-09-24,18.65,59.17,0.0
2021-09-25,19.64,71.07,0.0
2021-09-26,20.92,67.03,0.0
2021-09-27,21.06,75.4,0.0
2021-09-28,23.13,80.08,0.0
2021-09-29,24.36,68.43,0.0
2021-09-30,23.72,58.19,0.0
2021-10-01,21.58,50.56,0.0
2021-10-02,19.45,52.6,0.0
2021-10-03,17.41,62.78,0.0
2021-10-04,18.38,60.28,0.0
2021-10-05,19.17,66.94,0.0
2021-10-06,19.95,70.68,0.4
2021-10-07,16.96,95.14,0.0
2021-10-08,17.08,98.32,33.6
2021-10-09,18.9,88.72,6.2
2021-10-10,19.13,90.51,3.8
2021-10-11,18.44,87.29,0.0
2021-10-12,15.73,89.26,0.0
2021-10-13,15.79,86.49,0.2
2021-10-14,15.42,94.22,0.6
2021-10-15,16.9,78.51,0.0
2021-10-16,17.02,88.9,0.0
2021-10-17,17.29,89.74,0.0
2021-10-18,17.23,89.22,0.0
2021-10-19,16.79,82.8,0.0
2021-10-20,16.51,84.42,0.0
2021-10-21,15.76,88.81,0.8
2021-10-22,17.54,88.33,0.8
2021-10-23,17.07,98.85,2.6
2021-10-24,17.17,91.38,0.0
2021-10-25,18.04,48.11,0.0
2021-10-26,15.82,56.56,0.0
2021-10-27,13.18,74.03,0.0
2021-10-28,15.47,54.12,0.0
2021-10-29,17.46,41.33,0.0
2021-10-30,18.15,43.67,0.0
2021-10-31,15.92,59.22,0.0
2021-11-01,13.21,79.87,0.0
2021-11-02,17.15,92.55,0.2
2021-11-03,17.4,86.38,0.0
2021-11-04,17.48,81.35,0.0
2021-11-05,18.95,78.83,0.0
2021-11-06,19.5,79.24,0.0
2021-11-07,19.05,78.71,0.0
2021-11-08,16.66,90.72,0.0
2021-11-09,17.29,92.03,0.0
2021-11-10,19.07,56.21,0.0
2021-11-11,14.37,60.01,0.0
2021-11-12,11.9,71.65,0.0
2021-11-13,11.41,79.18,0.0
2021-11-14,14.74,87.65,0.0
2021-11-15,16.75,80.31,0.0
2021-11-16,18.05,51.22,0.0
2021-11-17,13.95,74.14,0.0
2021-11-18,13.06,94.62,0.0
2021-11-19,14.59,86.97,0.0
2021-11-20,11.72,84.53,0.0
2021-11-21,12.13,83.54,0.0
2021-11-22,13.52,98.33,0.0
2021-11-23,14.15,97.74,0.0
2021-11-24,15.55,69.44,0.0
2021-11-25,14.91,67.11,0.0
2021-11-26,13.13,93.66,0.0
2021-11-27,13.11,97.82,0.0
2021-11-28,13.04,99.27,0.0
2021-11-29,13.69,87.03,0.0
2021-11-30,9.09,83.66,0.0
2021-12-01,6.62,86.08,0.0
2021-12-02,10.66,96.17,0.0
2021-12-03,12.8,96.48,0.0
2021-12-04,10.59,94.28,0.0
2021-12-05,10.45,90.9,0.0
2021-12-06,12.24,98.33,0.0
2021-12-07,10.38,95.1,0.0
2021-12-08,7.07,88.35,0.0
2021-12-09,11.87,93.4,0.0
2021-12-10,9.81,96.56,0.0
2021-12-11,11.22,99.02,0.0
2021-12-12,9.83,97.86,0.0
2021-12-13,8.77,77.08,0.0
2021-12-14,7.31,76.88,0.0
2021-12-15,9.61,71.1,0.0
2021-12-16,8.03,74.81,0.0
2021-12-17,6.78,77.07,0.0
2021-12-18,7.92,48.58,0.0
2021-12-19,5.73,52.35,0.0
2021-12-20,4.89,82.17,0.0
2021-12-21,5.91,81.38,0.0
2021-12-22,4.51,86.7,0.0
2021-12-23,4.66,74.78,0.0
2021-12-24,4.59,90.78,0.0
2021-12-25,8.47,96.79,0.0
2021-12-26,12.59,99.14,0.0
2021-12-27,12.9,99.22,0.0
2021-12-28,11.42,100.0,0.0
2021-12-29,9.28,98.46,0.0
2021-12-30,10.95,72.99,0.0
2021-12-31,13.74,66.08,0.0
2022-01-01,9.41,86.28,0.0
2022-01-02,11.1,78.95,0.0
2022-01-03,9.36,90.93,0.0
2022-01-04,11.32,91.53,0.0
2022-01-05,12.8,88.73,0.0
2022-01-06,14.3,82.57,0.0
2022-01-07,11.91,96.88,0.0
2022-01-08,10.68,95.22,0.0
2022-01-09,9.9,94.49,0.0
2022-01-10,7.54,93.97,0.0
2022-01-11,10.71,68.33,0.0
2022-01-12,9.82,51.78,0.0
2022-01-13,6.24,49.6,0.0
2022-01-14,2.66,67.65,0.0
2022-01-15,5.22,77.25,0.0
2022-01-16,6.04,68.47,0.0
2022-01-17,7.73,84.15,0.0
2022-01-18,7.66,64.13,0.0
2022-01-19,5.27,46.83,0.0
2022-01-20,5.37,75.9,0.0
2022-01-21,7.93,99.88,0.0
2022-01-22,6.72,56.59,0.0
2022-01-23,4.27,42.73,0.0
2022-01-24,2.63,36.76,0.0
2022-01-25,3.1,35.2,0.0
2022-01-26,1.39,59.91,0.0
2022-01-27,3.48,73.97,0.0
2022-01-28,4.93,80.79,0.0
2022-01-29,7.55,63.55,0.0
2022-01-30,8.36,55.58,0.0
2022-01-31,6.3,72.87,0.0
2022-02-01,10.19,94.76,0.0
2022-02-02,9.54,76.02,0.0
2022-02-03,8.91,45.55,0.0
2022-02-04,6.21,59.8,0.0
2022-02-05,7.77,82.53,0.0
2022-02-06,11.29,83.35,0.0
2022-02-07,11.08,97.83,0.0
2022-02-08,8.24,55.9,0.0
2022-02-09,6.75,59.76,0.0
2022-02-10,8.15,77.22,0.0
2022-02-11,8.49,84.88,0.0
2022-02-12,8.47,85.56,0.0
2022-02-13,10.76,76.26,0.0
2022-02-14,9.37,85.07,0.0
2022-02-15,9.26,92.16,0.0
2022-02-16,10.29,91.84,0.0
2022-02-17,10.8,83.65,0.0
2022-02-18,10.14,87.0,0.0
2022-02-19,10.9,84.7,0.0
2022-02-20,11.13,92.15,0.0
2022-02-21,13.77,87.32,0.0
2022-02-22,10.36,96.92,0.0
2022-02-23,13.41,60.74,0.0
2022-02-24,11.57,44.11,0.0
2022-02-25,7.8,70.42,0.0
2022-02-26,9.77,83.17,0.0
2022-02-27,9.48,92.38,0.0
2022-02-28,8.19,87.76,0.0
2022-03-01,7.49,82.34,0.0
2022-03-02,8.6,58.53,0.0
2022-03-03,7.18,72.4,0.0
2022-03-04,8.48,87.17,0.0
2022-03-05,8.8,93.88,0.0
2022-03-06,9.1,88.92,0.0
2022-03-07,7.88,87.98,0.0
2022-03-08,7.31,88.66,0.0
2022-03-09,6.92,70.67,0.0
2022-03-10,6.82,45.74,0.0
2022-03-11,5.98,42.42,0.0
2022-03-12,6.28,40.71,0.0
2022-03-13,4.86,49.33,0.0
2022-03-14,7.01,64.01,0.0
2022-03-15,8.28,73.97,0.0
2022-03-16,9.47,82.28,0.0
2022-03-17,11.86,77.51,0.0
2022-03-18,11.87,49.38,0.0
2022-03-19,8.14,43.6,0.0
2022-03-20,7.53,38.03,0.0
2022-03-21,7.86,38.88,0.0
2022-03-22,9.08,49.06,0.0
2022-03-23,11.78,57.81,0.0
2022-03-24,11.08,70.47,0.0
2022-03-25,11.72,78.59,0.0
2022-03-26,12.68,77.33,0.0
2022-03-27,12.51,77.08,0.0
2022-03-28,13.88,75.28,0.0
2022-03-29,15.03,67.49,0.0
2022-03-30,13.35,82.84,0.0
2022-03-31,16.3,73.27,0.0
2022-04-01,16.72,80.3,0.0
2022-04-02,14.3,85.6,0.0
2022-04-03,11.92,77.93,0.0
2022-04-04,11.48,79.22,0.0
2022-04-05,15.87,71.35,0.0
2022-04-06,15.32,78.12,0.0
2022-04-07,14.12,88.56,0.0
2022-04-08,14.74,80.25,0.0
2022-04-09,14.47,80.15,0.0
2022-04-10,13.76,77.64,0.0
2022-04-11,12.7,58.65,0.0
2022-04-12,12.18,72.53,0.0
2022-04-13,13.44,79.9,0.0
2022-04-14,15.33,76.05,0.0
2022-04-15,17.2,73.14,0.0
2022-04-16,16.87,72.11,0.0
2022-04-17,18.51,48.42,0.0
2022-04-18,12.91,66.48,0.0
2022-04-19,12.51,72.14,0.0
2022-04-20,11.37,85.84,0.0
2022-04-21,15.24,75.39,0.0
2022-04-22,18.07,65.17,0.0
2022-04-23,16.98,80.58,0.0
2022-04-24,16.51,83.65,0.0
2022-04-25,17.6,80.46,0.0
2022-04-26,17.48,79.57,0.0
2022-04-27,17.68,79.17,0.0
2022-04-28,19.08,74.45,0.0
2022-04-29,22.52,46.38,0.0
2022-04-30,21.73,52.9,0.0
2022-05-01,18.0,79.67,0.0
2022-05-02,15.62,84.06,0.0
2022-05-03,14.5,84.67,0.0
2022-05-04,16.16,84.87,0.0
2022-05-05,17.54,83.45,0.0
2022-05-06,16.68,82.67,0.0
2022-05-07,21.76,47.81,0.0
2022-05-08,20.31,52.03,0.0
2022-05-09,18.42,68.3,0.0
2022-05-10,18.74,65.43,0.0
2022-05-11,19.14,70.83,0.0
2022-05-12,19.89,78.33,0.0
2022-05-13,19.21,85.24,0.0
2022-05-14,20.14,88.81,0.0
2022-05-15,21.0,81.36,0.0
2022-05-16,21.26,83.41,0.0
2022-05-17,22.56,84.58,0.0
2022-05-18,21.95,81.79,0.0
2022-05-19,20.1,44.14,0.0
2022-05-20,19.2,66.9,0.0
2022-05-21,20.46,71.92,0.0
2022-05-22,20.61,80.58,0.0
2022-05-23,21.23,79.53,0.0
2022-05-24,21.97,68.53,0.0
2022-05-25,22.07,61.32,0.0
2022-05-26,22.36,64.62,0.0
2022-05-27,22.66,70.23,0.0
2022-05-28,24.28,61.56,0.0
2022-05-29,21.0,83.24,0.0
2022-05-30,22.33,79.96,0.0
2022-05-31,22.92,73.88,0.0
2022-06-01,24.42,69.51,0.0
2022-06-02,26.03,72.42,0.0
2022-06-03,27.75,66.41,0.0
2022-06-04,28.82,58.3,0.0
2022-06-05,27.69,70.14,0.0
2022-06-06,27.41,72.62,0.0
2022-06-07,26.77,71.79,0.0
2022-06-08,25.55,80.95,0.0
2022-06-09,24.65,78.96,0.0
2022-06-10,21.1,92.28,0.0
2022-06-11,21.51,85.43,0.0
2022-06-12,24.05,75.03,0.0
2022-06-13,25.1,68.16,0.0
2022-06-14,24.31,71.44,0.0
2022-06-15,25.42,66.99,0.0
2022-06-16,25.21,70.94,0.0
2022-06-17,23.41,83.75,0.0
2022-06-18,25.4,67.42,0.0
2022-06-19,27.46,42.93,0.0
2022-06-20,24.73,62.75,0.0
2022-06-21,25.38,78.29,0.0
2022-06-22,26.6,78.06,0.0
2022-06-23,28.06,74.82,0.0
2022-06-24,28.3,75.51,0.0
2022-06-25,27.78,78.09,0.0
2022-06-26,29.93,63.65,0.0
2022-06-27,28.29,64.82,0.0
2022-06-28,28.21,73.23,0.0
2022-06-29,28.96,69.31,0.0
2022-06-30,28.75,64.82,0.0
2022-07-01,28.69,63.82,0.0
2022-07-02,28.48,66.15,0.0
2022-07-03,31.03,50.49,0.0
2022-07-04,31.56,45.7,0.0
2022-07-05,30.03,60.0,0.0
2022-07-06,29.38,71.85,0.0
2022-07-07,29.42,67.09,0.0
2022-07-08,27.53,67.3,0.0
2022-07-09,26.59,50.67,0.0
2022-07-10,27.21,46.19,0.0
2022-07-11,26.25,58.55,0.0
2022-07-12,26.34,60.13,0.0
2022-07-13,25.62,54.4,0.0
2022-07-14,27.09,42.77,0.0
2022-07-15,27.62,53.06,0.0
2022-07-16,28.79,58.81,0.0
2022-07-17,28.72,65.12,0.0
2022-07-18,31.38,48.12,0.0
2022-07-19,29.58,43.47,0.0
2022-07-20,29.13,40.44,0.0
2022-07-21,27.7,54.72,0.0
2022-07-22,28.88,61.62,0.0
2022-07-23,29.4,65.97,0.0
2022-07-24,29.24,69.85,0.0
2022-07-25,29.44,64.22,0.0
2022-07-26,29.69,64.35,0.0
2022-07-27,29.58,66.8,0.0
2022-07-28,30.77,59.33,0.0
2022-07-29,30.94,53.89,0.0
2022-07-30,29.77,67.05,0.0
2022-07-31,29.99,68.39,0.0
2022-08-01,29.64,69.76,0.0
2022-08-02,30.79,56.46,0.0
2022-08-03,29.75,54.08,0.0
2022-08-04,29.86,52.55,0.0
2022-08-05,29.18,59.0,0.0
2022-08-06,28.35,66.49,0.0
2022-08-07,27.55,67.75,0.0
2022-08-08,31.42,39.16,0.0
2022-08-09,29.33,45.87,0.0
2022-08-10,27.91,54.76,0.0
2022-08-11,28.69,50.37,0.0
2022-08-12,26.18,65.15,0.0
2022-08-13,25.3,76.59,0.0
2022-08-14,23.91,78.51,0.0
2022-08-15,24.7,73.96,0.0
2022-08-16,26.13,74.35,0.0
2022-08-17,27.57,74.0,0.0
2022-08-18,29.32,66.34,0.0
2022-08-19,28.41,67.12,0.0
2022-08-20,28.36,71.35,0.0
2022-08-21,28.46,68.97,0.0
2022-08-22,27.97,72.08,0.0
2022-08-23,26.81,69.56,0.0
2022-08-24,25.31,65.01,0.0
2022-08-25,24.71,78.77,0.0
2022-08-26,25.73,76.5,0.0
2022-08-27,25.87,78.13,0.0
2022-08-28,26.42,76.67,0.0
2022-08-29,26.19,74.78,0.0
2022-08-30,24.84,75.77,0.0
2022-08-31,25.62,72.39,0.0
2022-09-01,26.53,75.79,0.0
2022-09-02,25.38,85.26,0.0
2022-09-03,26.03,77.42,0.0
2022-09-04,25.94,75.44,0.0
2022-09-05,25.82,67.81,0.0
2022-09-06,25.5,62.49,0.0
2022-09-07,25.55,66.79,0.0
2022-09-08,25.36,68.86,0.0
2022-09-09,26.05,71.64,0.0
2022-09-10,27.22,81.39,0.0
2022-09-11,26.63,75.76,0.0
2022-09-12,25.08,65.8,0.0
2022-09-13,24.03,59.5,0.0
2022-09-14,23.55,64.42,0.0
2022-09-15,23.54,73.74,0.0
2022-09-16,24.37,79.59,0.0
2022-09-17,25.32,83.4,0.0
2022-09-18,23.58,68.76,0.0
2022-09-19,20.05,58.49,0.0
2022-09-20,21.54,53.34,0.0
2022-09-21,19.89,58.77,0.0
2022-09-22,20.97,42.17,0.0
2022-09-23,19.37,47.39,0.0
2022-09-24,17.99,60.7,0.0
2022-09-25,18.37,64.56,0.0
2022-09-26,19.7,85.62,0.0
2022-09-27,20.68,93.6,0.0
2022-09-28,21.77,85.05,0.0
2022-09-29,21.49,90.99,0.0
2022-09-30,23.6,78.08,0.0
2022-10-01,25.65,68.44,0.0
2022-10-02,23.77,64.91,0.0
2022-10-03,20.15,80.41,0.0
2022-10-04,21.4,69.22,0.0
2022-10-05,21.88,43.81,0.0
2022-10-06,18.9,58.4,0.0
2022-10-07,18.14,62.93,0.0
2022-10-08,18.4,70.52,0.0
2022-10-09,18.44,80.97,0.0
2022-10-10,19.54,76.49,0.0
2022-10-11,18.52,91.07,0.0
2022-10-12,18.19,88.03,0.0
2022-10-13,19.17,86.06,0.0
2022-10-14,18.78,81.31,0.0
2022-10-15,20.02,54.16,0.0
2022-10-16,17.83,68.68,0.0
2022-10-17,18.39,65.42,0.0
2022-10-18,18.66,53.99,0.0
2022-10-19,16.07,72.32,0.0
2022-10-20,16.23,73.38,0.0
2022-10-21,16.6,72.08,0.0
2022-10-22,15.85,80.45,0.0
2022-10-23,16.82,88.28,0.0
2022-10-24,17.76,89.43,0.0
2022-10-25,17.42,87.13,0.0
2022-10-26,17.25,88.27,0.0
2022-10-27,19.23,79.28,0.0
2022-10-28,19.4,64.77,0.0
2022-10-29,19.96,49.43,0.0
2022-10-30,16.08,65.64,0.0
2022-10-31,15.99,73.58,0.0
2022-11-01,17.98,73.17,0.0
2022-11-02,17.12,81.71,0.0
2022-11-03,16.51,88.4,0.0
2022-11-04,15.99,85.21,0.0
2022-11-05,16.3,86.64,0.0
2022-11-06,15.2,94.51,0.0
2022-11-07,15.27,85.41,0.0
2022-11-08,14.74,88.1,0.0
2022-11-09,14.78,87.56,0.0
2022-11-10,14.41,87.71,0.0
2022-11-11,14.37,86.0,0.0
2022-11-12,14.43,70.26,0.0
2022-11-13,14.11,94.53,0.0
2022-11-14,14.22,87.66,0.0
2022-11-15,13.86,94.4,0.0
2022-11-16,14.75,93.36,0.0
2022-11-17,16.02,99.65,0.0
2022-11-18,17.58,97.22,0.0
2022-11-19,19.58,96.28,0.0
2022-11-20,17.51,92.82,0.0
2022-11-21,12.58,98.21,0.0
2022-11-22,10.73,98.37,0.0
2022-11-23,12.74,94.24,0.0
2022-11-24,10.85,87.85,0.0
2022-11-25,10.8,73.46,0.0
2022-11-26,10.28,71.96,0.0
2022-11-27,14.23,51.62,0.0
2022-11-28,12.59,56.67,0.0
2022-11-29,11.0,66.72,0.0
2022-11-30,15.03,64.57,0.0
2022-12-01,12.5,90.1,0.0
2022-12-02,12.56,90.72,0.0
2022-12-03,11.35,92.08,0.0
2022-12-04,12.62,96.16,0.0
2022-12-05,13.54,96.87,0.0
2022-12-06,13.11,95.3,0.0
2022-12-07,13.76,96.52,0.0
2022-12-08,13.44,99.67,0.0
2022-12-09,15.26,97.04,0.0
2022-12-10,15.59,98.67,0.0
2022-12-11,14.26,98.92,0.0
2022-12-12,11.92,99.67,0.0
2022-12-13,11.22,95.6,0.0
2022-12-14,11.85,96.14,0.0
2022-12-15,16.68,97.97,0.0
2022-12-16,14.99,92.76,0.0
2022-12-17,16.12,91.44,0.0
2022-12-18,16.29,95.37,0.0
2022-12-19,14.65,68.61,0.0
2022-12-20,8.87,73.41,0.0
2022-12-21,5.82,81.33,0.0
2022-12-22,7.44,88.07,2.8
2022-12-23,9.32,88.97,1.2
2022-12-24,8.76,90.22,0.0
2022-12-25,9.83,88.22,0.0
2022-12-26,10.31,91.1,0.0
2022-12-27,11.33,91.79,0.0
2022-12-28,10.56,92.48,0.0
2022-12-29,10.17,91.83,0.0
2022-12-30,10.74,91.9,0.0
2022-12-31,10.03,89.54,0.0
2023-01-01,9.75,86.76,0.2
2023-01-02,9.14,86.47,0.0
2023-01-03,9.06,91.92,0.0
2023-01-04,9.13,90.83,0.2
2023-01-05,8.92,92.93,0.2
2023-01-06,8.75,89.8,0.2
2023-01-07,9.07,84.0,0.0
2023-01-08,8.78,88.39,0.0
2023-01-09,9.16,98.24,1.0
2023-01-10,10.29,99.13,0.0
2023-01-11,7.85,91.81,1.6
2023-01-12,7.42,88.06,12.2
2023-01-13,6.93,85.81,0.0
2023-01-14,7.86,88.24,0.0
2023-01-15,7.65,82.88,0.0
2023-01-16,7.92,95.74,0.0
2023-01-17,13.35,97.11,0.0
2023-01-18,15.74,88.43,0.0
2023-01-19,15.28,86.86,0.0
2023-01-20,9.4,96.58,0.0
2023-01-21,10.03,96.09,0.0
2023-01-22,10.73,89.14,0.0
2023-01-23,10.15,95.7,0.0
2023-01-24,10.36,89.46,0.0
2023-01-25,10.62,79.0,0.0
2023-01-26,9.73,79.49,0.0
2023-01-27,7.6,92.08,0.0
2023-01-28,7.67,86.76,0.0
2023-01-29,8.07,75.6,0.0
2023-01-30,6.44,81.44,0.0
2023-01-31,5.91,76.73,0.0
2023-02-01,6.24,60.69,0.0
2023-02-02,5.78,80.68,0.0
2023-02-03,6.89,75.08,0.0
2023-02-04,5.52,86.39,0.0
2023-02-05,5.84,54.83,0.0
2023-02-06,4.3,43.1,0.0
2023-02-07,5.5,39.79,0.0
2023-02-08,5.34,39.42,0.0
2023-02-09,7.0,43.58,0.0
2023-02-10,8.47,48.33,0.0
2023-02-11,5.13,65.08,0.0
2023-02-12,6.59,69.39,0.0
2023-02-13,9.53,54.12,0.0
2023-02-14,6.16,75.15,0.0
2023-02-15,7.07,74.22,0.0
2023-02-16,7.77,80.15,0.0
2023-02-17,10.39,85.62,0.0
2023-02-18,9.62,86.82,0.0
2023-02-19,10.84,86.78,0.0
2023-02-20,11.13,87.41,0.0
2023-02-21,10.81,86.01,0.0
2023-02-22,11.81,88.23,0.0
2023-02-23,13.44,88.56,0.0
2023-02-24,12.24,85.84,0.0
2023-02-25,12.1,84.4,0.0
2023-02-26,15.65,68.53,0.0
2023-02-27,15.32,83.76,0.0
2023-02-28,15.03,69.5,0.0
2023-03-01,16.11,74.97,0.0
2023-03-02,12.74,84.26,0.0
2023-03-03,10.55,87.7,0.0
2023-03-04,11.73,89.12,0.0
2023-03-05,9.84,92.92,0.0
2023-03-06,10.18,90.09,0.0
2023-03-07,10.51,95.03,0.0
2023-03-08,10.52,91.86,0.0
2023-03-09,11.44,91.58,0.0
2023-03-10,14.05,95.69,0.0
2023-03-11,14.5,88.58,0.0
2023-03-12,13.07,85.88,0.0
2023-03-13,12.37,60.24,0.0
2023-03-14,10.55,76.0,0.0
2023-03-15,11.83,90.55,0.0
2023-03-16,12.5,87.22,0.0
2023-03-17,11.55,63.56,0.0
2023-03-18,10.66,76.1,0.0
2023-03-19,12.1,78.56,0.0
2023-03-20,12.25,87.56,0.0
2023-03-21,12.35,90.82,0.0
2023-03-22,14.2,81.97,0.0
2023-03-23,14.03,76.72,0.0
2023-03-24,14.19,84.58,0.0
2023-03-25,14.69,88.45,0.0
2023-03-26,14.33,88.99,0.0
2023-03-27,13.78,86.6,5.6
2023-03-28,11.27,69.47,2.8
2023-03-29,9.12,50.76,0.0
2023-03-30,10.26,74.01,0.0
2023-03-31,13.27,85.63,0.0
2023-04-01,14.94,90.97,0.2
2023-04-02,14.77,85.06,0.8
2023-04-03,13.41,86.89,17.2
2023-04-04,12.5,87.47,3.6
2023-04-05,10.51,81.39,0.2
2023-04-06,9.84,91.55,8.4
2023-04-07,9.99,81.92,0.0
2023-04-08,11.08,78.71,0.0
2023-04-09,11.77,82.07,0.0
2023-04-10,10.64,89.51,6.4
2023-04-11,12.84,74.85,0.0
2023-04-12,13.43,79.16,0.0
2023-04-13,14.57,79.78,0.0
2023-04-14,12.82,90.19,6.4
2023-04-15,13.26,82.75,0.0
2023-04-16,12.08,93.34,16.2
2023-04-17,13.08,91.85,2.6
2023-04-18,13.54,87.88,2.6
2023-04-19,13.19,90.95,2.8
2023-04-20,15.07,86.72,0.0
2023-04-21,16.31,82.28,0.0
2023-04-22,14.46,86.7,2.6
2023-04-23,15.19,78.28,0.0
2023-04-24,15.73,77.67,0.0
2023-04-25,16.19,86.27,1.2
2023-04-26,16.66,76.41,1.2
2023-04-27,15.29,66.18,0.0
2023-04-28,14.74,72.0,0.0
2023-04-29,15.12,80.53,0.0
2023-04-30,16.0,84.73,0.2
2023-05-01,15.76,94.02,5.2
2023-05-02,16.06,81.55,10.2
2023-05-03,15.33,93.19,18.4
2023-05-04,14.75,96.89,13.8
2023-05-05,18.26,80.88,1.0
2023-05-06,18.2,79.6,0.0
2023-05-07,19.85,78.54,0.0
2023-05-08,18.01,85.05,0.0
2023-05-09,19.27,85.65,0.2
2023-05-10,17.08,89.54,1.6
2023-05-11,16.43,90.83,0.4
2023-05-12,17.99,86.44,0.0
2023-05-13,16.13,89.16,0.2
2023-05-14,18.82,90.15,0.4
2023-05-15,22.44,76.01,0.0
2023-05-16,18.61,87.83,11.4
2023-05-17,16.39,91.2,6.0
2023-05-18,17.53,89.56,0.2
2023-05-19,19.61,81.37,0.0
2023-05-20,22.46,52.0,0.0
2023-05-21,20.22,65.11,1.0
2023-05-22,19.77,66.78,0.0
2023-05-23,19.05,76.38,8.0
2023-05-24,18.68,87.0,0.2
2023-05-25,20.45,77.84,0.0
2023-05-26,20.6,80.35,0.6
2023-05-27,21.22,72.92,0.0
2023-05-28,21.02,75.22,0.4
2023-05-29,20.43,82.09,0.2
2023-05-30,20.82,83.04,0.0
2023-05-31,19.99,84.12,4.8
2023-06-01,22.06,72.12,6.2
2023-06-02,21.88,72.21,0.0
2023-06-03,20.27,87.12,7.4
2023-06-04,21.44,79.47,0.0
2023-06-05,22.93,76.58,0.0
2023-06-06,24.3,71.56,0.0
2023-06-07,22.94,73.15,0.0
2023-06-08,23.93,72.91,0.0
2023-06-09,24.03,79.02,0.0
2023-06-10,23.6,85.68,0.0
2023-06-11,23.4,85.24,0.6
2023-06-12,21.29,88.1,9.6
2023-06-13,22.78,81.15,0.0
2023-06-14,23.79,78.19,0.0
2023-06-15,21.64,89.6,1.4
2023-06-16,21.43,90.5,2.0
2023-06-17,21.3,92.88,4.8
2023-06-18,22.58,79.76,0.2
2023-06-19,23.5,78.04,0.0
2023-06-20,24.78,78.18,0.0
2023-06-21,25.96,78.51,0.0
2023-06-22,27.47,77.81,0.0
2023-06-23,27.75,77.23,0.0
2023-06-24,27.55,74.55,0.0
2023-06-25,25.63,76.53,0.2
2023-06-26,25.08,83.02,2.2
2023-06-27,26.55,75.75,0.0
2023-06-28,25.82,80.22,0.0
2023-06-29,25.55,80.32,0.0
2023-06-30,26.09,76.12,0.0
2023-07-01,25.47,76.04,0.0
2023-07-02,25.32,81.38,0.0
2023-07-03,26.18,79.44,0.0
2023-07-04,27.54,78.12,0.0
2023-07-05,26.82,78.74,0.0
2023-07-06,27.17,76.28,0.0
2023-07-07,28.74,70.5,0.0
2023-07-08,28.44,60.89,0.0
2023-07-09,27.24,70.08,0.0
2023-07-10,27.25,67.47,0.0
2023-07-11,27.64,64.28,0.0
2023-07-12,27.17,72.18,0.0
2023-07-13,27.3,77.47,0.0
2023-07-14,27.46,76.12,0.0
2023-07-15,28.43,76.81,0.0
2023-07-16,31.16,69.31,0.0
2023-07-17,31.89,66.73,0.0
2023-07-18,31.66,67.38,0.0
2023-07-19,33.05,55.18,0.0
2023-07-20,30.23,69.6,0.0
2023-07-21,30.16,70.26,0.0
2023-07-22,30.31,62.22,0.0
2023-07-23,30.26,59.81,0.0
2023-07-24,30.46,68.3,0.0
2023-07-25,30.78,58.68,0.0
2023-07-26,28.85,66.13,0.0
2023-07-27,28.38,60.02,0.0
2023-07-28,26.36,64.9,0.0
2023-07-29,25.82,71.32,0.0
2023-07-30,27.54,72.22,0.0
2023-07-31,27.83,74.28,0.0
2023-08-01,28.45,74.35,0.0
2023-08-02,27.27,76.43,0.0
2023-08-03,26.97,74.42,0.0
2023-08-04,27.4,71.87,0.0
2023-08-05,25.85,79.96,1.4
2023-08-06,24.9,74.47,0.2
2023-08-07,24.61,71.53,0.0
2023-08-08,26.85,66.1,0.0
2023-08-09,28.59,53.1,0.0
2023-08-10,26.03,69.9,0.0
2023-08-11,26.3,63.26,0.0
2023-08-12,28.37,44.15,0.0
2023-08-13,28.03,45.11,0.0
2023-08-14,27.02,56.34,3.4
2023-08-15,26.14,74.07,0.0
2023-08-16,26.64,78.22,0.0
2023-08-17,27.64,75.57,0.0
2023-08-18,29.4,68.33,0.0
2023-08-19,29.98,66.87,0.0
2023-08-20,30.87,49.22,0.0
2023-08-21,32.67,40.74,0.0
2023-08-22,33.85,28.08,0.0
2023-08-23,35.62,29.21,0.0
2023-08-24,29.33,52.44,8.0
2023-08-25,27.57,67.52,0.0
2023-08-26,25.47,80.6,13.8
2023-08-27,26.71,78.6,0.0
2023-08-28,28.05,71.62,0.0
2023-08-29,24.38,78.01,6.0
2023-08-30,23.96,75.57,0.0
2023-08-31,24.05,73.61,0.0
2023-09-01,22.99,73.16,0.0
2023-09-02,25.27,70.29,0.0
2023-09-03,26.71,67.81,0.0
2023-09-04,21.56,83.05,8.0
2023-09-05,20.37,77.04,22.4
2023-09-06,22.12,81.69,14.0
2023-09-07,25.62,62.03,0.2
2023-09-08,28.44,40.56,0.0
2023-09-09,28.69,41.64,0.0
2023-09-10,27.93,33.27,0.0
2023-09-11,26.8,41.23,0.0
2023-09-12,23.15,62.1,0.0
2023-09-13,23.21,75.49,0.0
2023-09-14,23.21,82.13,0.0
2023-09-15,23.54,83.31,0.0
2023-09-16,23.4,82.72,0.0
2023-09-17,24.98,77.56,0.0
2023-09-18,25.5,73.16,0.0
2023-09-19,24.32,77.96,0.0
2023-09-20,24.43,84.63,0.0
2023-09-21,24.93,79.81,0.0
2023-09-22,24.48,75.98,0.0
2023-09-23,24.49,66.92,0.0
2023-09-24,23.58,76.44,0.0
2023-09-25,21.81,86.49,0.4
2023-09-26,22.42,71.08,1.4
2023-09-27,22.43,69.2,0.2
2023-09-28,24.26,57.4,0.0
2023-09-29,19.66,83.69,35.2
2023-09-30,21.3,77.8,0.0
2023-10-01,21.94,75.8,0.0
2023-10-02,21.59,73.55,0.0
2023-10-03,22.61,60.94,0.0
2023-10-04,20.41,78.6,0.0
2023-10-05,21.27,79.78,0.0
2023-10-06,20.26,83.64,2.0
2023-10-07,20.59,76.15,0.0
2023-10-08,19.96,80.28,0.0
2023-10-09,21.6,69.42,0.0
2023-10-10,20.98,78.78,0.0
2023-10-11,21.27,67.86,0.0
2023-10-12,19.51,73.66,0.0
2023-10-13,19.23,84.31,0.0
2023-10-14,20.29,85.05,0.0
2023-10-15,19.99,86.77,0.0
2023-10-16,20.61,86.43,0.0
2023-10-17,18.41,93.99,34.6
2023-10-18,18.75,88.31,0.2
2023-10-19,18.84,85.71,0.0
2023-10-20,20.3,86.35,0.0
2023-10-21,20.42,75.11,0.0
2023-10-22,21.2,81.15,0.0
2023-10-23,21.44,88.42,0.0
2023-10-24,19.75,89.03,0.0
2023-10-25,19.73,87.36,0.2
2023-10-26,18.91,95.06,11.0
2023-10-27,19.46,95.58,1.4
2023-10-28,20.77,97.74,26.0
2023-10-29,19.52,89.8,0.0
2023-10-30,18.58,84.78,0.2
2023-10-31,18.27,86.65,4.0
2023-11-01,20.03,92.84,7.2
2023-11-02,18.47,93.06,16.0
2023-11-03,19.69,91.5,0.0
2023-11-04,17.99,92.72,14.4
2023-11-05,15.84,97.72,8.0
2023-11-06,19.47,92.54,1.2
2023-11-07,16.76,89.39,0.2
2023-11-08,15.81,95.04,12.0
2023-11-09,14.82,88.72,0.2
2023-11-10,13.47,95.1,35.2
2023-11-11,15.84,93.78,50.8
2023-11-12,13.83,98.5,17.6
2023-11-13,16.0,90.84,15.0
2023-11-14,13.84,91.23,0.0
2023-11-15,14.87,94.12,0.2
2023-11-16,16.24,87.9,0.2
2023-11-17,12.02,99.88,6.8
2023-11-18,13.65,67.0,1.0
2023-11-19,9.63,59.12,0.0
2023-11-20,8.97,79.57,0.0
2023-11-21,11.41,90.32,0.8
2023-11-22,16.31,94.92,25.8
2023-11-23,16.04,88.67,1.4
2023-11-24,13.8,96.28,5.4
2023-11-25,12.07,97.81,84.8
2023-11-26,7.5,66.53,0.0
2023-11-27,7.03,77.95,0.0
2023-11-28,13.55,96.79,41.0
2023-11-29,14.19,95.54,1.0
2023-11-30,12.97,91.11,0.2
2023-12-01,15.78,95.16,0.0
2023-12-02,18.12,90.13,0.0
2023-12-03,17.42,93.83,0.4
2023-12-04,13.55,83.1,0.0
2023-12-05,11.55,95.58,8.2
2023-12-06,11.54,96.6,3.4
2023-12-07,10.5,93.81,2.0
2023-12-08,8.23,84.67,0.0
2023-12-09,6.0,83.93,0.0
2023-12-10,7.14,88.5,3.8
2023-12-11,10.33,87.1,0.0
2023-12-12,9.37,88.92,0.0
2023-12-13,11.01,92.85,0.0
2023-12-14,17.2,91.58,0.0
2023-12-15,13.71,97.65,17.8
2023-12-16,12.14,65.84,4.2
2023-12-17,10.64,58.94,0.0
2023-12-18,5.9,78.7,0.0
2023-12-19,8.57,82.83,0.0
2023-12-20,8.38,86.8,0.0
2023-12-21,10.99,81.45,0.0
2023-12-22,8.46,96.81,0.2
2023-12-23,9.04,90.83,0.0
2023-12-24,9.54,93.22,0.2
2023-12-25,10.73,91.51,0.0
2023-12-26,11.15,90.98,0.0
2023-12-27,11.21,87.48,0.0
2023-12-28,8.96,87.68,0.0
2023-12-29,8.86,92.32,0.2
2023-12-30,10.68,89.35,0.0
2023-12-31,9.25,92.71,0.0
2024-01-01,11.1,96.83,1.2
2024-01-02,11.78,99.88,13.2
2024-01-03,10.1,99.17,0.4
2024-01-04,11.32,99.78,0.4
2024-01-05,10.98,94.99,0.2
2024-01-06,15.54,77.71,17.0
2024-01-07,11.52,96.38,59.6
2024-01-08,9.02,97.24,16.8
2024-01-09,9.93,78.15,2.6
2024-01-10,7.4,74.55,0.0
2024-01-11,6.31,86.32,0.2
2024-01-12,10.01,71.92,0.8
2024-01-13,6.8,67.05,0.0
2024-01-14,5.3,83.56,0.0
2024-01-15,7.96,99.49,21.0
2024-01-16,12.36,94.07,2.4
2024-01-17,12.28,95.4,1.6
2024-01-18,15.34,93.39,0.4
2024-01-19,14.89,93.5,0.0
2024-01-20,12.62,97.9,10.0
2024-01-21,10.34,50.66,0.0
2024-01-22,8.11,46.01,0.0
2024-01-23,4.33,73.3,0.0
2024-01-24,7.12,73.6,0.0
2024-01-25,7.59,80.7,0.0
2024-01-26,7.77,80.19,0.0
2024-01-27,7.06,77.17,0.0
2024-01-28,8.71,51.79,0.0
2024-01-29,8.42,46.22,0.0
2024-01-30,7.28,45.66,0.0
2024-01-31,5.91,55.17,0.0
2024-02-01,4.67,67.51,0.0
2024-02-02,5.9,79.01,0.0
2024-02-03,7.25,76.99,0.0
2024-02-04,7.77,82.99,0.0
2024-02-05,9.1,89.74,0.0
2024-02-06,10.35,87.12,0.0
2024-02-07,12.19,88.49,0.0
2024-02-08,12.79,86.6,0.0
2024-02-09,11.82,87.88,0.0
2024-02-10,12.8,82.59,0.0
2024-02-11,15.29,82.01,17.4
2024-02-12,10.12,97.54,22.4
2024-02-13,10.41,89.51,0.2
2024-02-14,11.79,69.77,0.0
2024-02-15,10.02,64.17,0.0
2024-02-16,8.95,70.41,0.0
2024-02-17,9.68,78.1,0.0
2024-02-18,10.61,84.53,0.0
2024-02-19,10.81,89.43,0.0
2024-02-20,12.35,85.17,0.0
2024-02-21,11.98,82.7,0.0
2024-02-22,11.0,87.94,0.0
2024-02-23,13.75,93.74,11.2
2024-02-24,15.73,85.89,0.0
2024-02-25,15.09,82.44,12.8
2024-02-26,16.72,62.29,0.2
2024-02-27,13.6,81.33,0.0
2024-02-28,16.79,73.09,0.0
2024-02-29,19.4,58.56,0.6
2024-03-01,14.37,78.98,14.8
2024-03-02,12.32,87.56,0.2
2024-03-03,11.76,89.0,0.0
2024-03-04,12.24,83.78,11.6
2024-03-05,10.39,88.23,0.4
2024-03-06,11.3,86.03,0.0
2024-03-07,11.42,85.49,6.6
2024-03-08,9.25,84.67,0.2
2024-03-09,8.3,95.6,0.8
2024-03-10,11.98,85.74,0.2
2024-03-11,13.73,84.87,1.2
2024-03-12,12.44,89.86,7.2
2024-03-13,11.58,92.08,2.8
2024-03-14,11.5,86.24,0.0
2024-03-15,12.26,83.72,0.0
2024-03-16,13.08,83.75,0.0
2024-03-17,13.17,89.6,5.0
2024-03-18,12.92,89.08,0.2
2024-03-19,11.66,97.32,3.8
2024-03-20,11.35,76.24,0.2
2024-03-21,11.3,82.32,0.0
2024-03-22,12.46,79.26,0.0
2024-03-23,12.77,75.15,0.0
2024-03-24,12.35,90.95,0.0
2024-03-25,15.98,79.28,1.2
2024-03-26,14.42,85.58,6.2
2024-03-27,17.93,80.67,0.0
2024-03-28,17.54,79.74,0.0
2024-03-29,15.01,82.26,0.0
2024-03-30,16.44,76.47,0.0
2024-03-31,16.39,78.03,0.0
2024-04-01,17.03,75.71,0.0
2024-04-02,16.4,83.28,0.0
2024-04-03,14.54,76.13,0.0
2024-04-04,14.86,82.21,0.0
2024-04-05,15.91,81.6,0.0
2024-04-06,16.23,84.03,0.0
2024-04-07,17.68,80.49,0.0
2024-04-08,19.85,58.87,0.0
2024-04-09,16.93,76.53,0.0
2024-04-10,16.53,82.32,0.0
2024-04-11,19.52,60.23,0.0
2024-04-12,23.8,40.57,0.0
2024-04-13,21.73,65.88,0.0
2024-04-14,20.52,77.48,0.0
2024-04-15,19.31,77.99,0.0
2024-04-16,17.94,79.31,0.0
2024-04-17,19.23,81.76,0.0
2024-04-18,15.34,80.61,2.0
2024-04-19,13.28,89.33,24.2
2024-04-20,13.26,79.27,0.0
2024-04-21,12.71,95.68,9.8
2024-04-22,14.19,86.35,0.0
2024-04-23,19.09,82.42,0.0
2024-04-24,17.29,81.38,0.0
2024-04-25,13.81,87.45,13.6
2024-04-26,13.97,80.58,0.0
2024-04-27,16.5,81.17,0.0
2024-04-28,19.75,67.29,0.0
2024-04-29,23.25,43.47,0.0
2024-04-30,19.8,66.89,0.0
2024-05-01,20.55,75.38,0.0
2024-05-02,18.68,90.22,0.6
2024-05-03,17.2,76.32,0.4
2024-05-04,15.73,78.51,0.0
2024-05-05,18.39,74.21,0.0
2024-05-06,18.33,81.97,0.0
2024-05-07,17.66,82.58,0.0
2024-05-08,18.31,87.66,2.2
2024-05-09,18.18,90.37,4.0
2024-05-10,18.04,80.83,1.4
2024-05-11,18.01,77.03,0.0
2024-05-12,17.38,84.19,2.6
2024-05-13,18.1,84.78,0.0
2024-05-14,17.14,87.91,0.2
2024-05-15,19.63,73.6,0.0
2024-05-16,19.65,82.3,0.0
2024-05-17,22.26,76.51,0.0
2024-05-18,22.61,80.92,0.0
2024-05-19,24.27,79.52,0.0
2024-05-20,24.85,76.81,0.0
2024-05-21,24.07,77.05,0.0
2024-05-22,22.07,77.52,0.0
2024-05-23,21.61,73.24,0.0
2024-05-24,20.95,73.78,0.0
2024-05-25,21.68,75.59,0.2
2024-05-26,20.82,74.48,0.6
2024-05-27,22.0,60.33,0.0
2024-05-28,20.71,74.4,0.0
2024-05-29,19.56,82.33,1.2
2024-05-30,20.72,78.11,0.0
2024-05-31,21.72,75.34,0.0
2024-06-01,23.27,70.55,0.0
2024-06-02,25.26,67.35,0.0
2024-06-03,24.91,70.25,0.0
2024-06-04,23.7,73.78,0.0
2024-06-05,23.8,77.05,0.2
2024-06-06,27.25,63.78,0.0
2024-06-07,29.46,55.08,0.0
2024-06-08,26.96,75.5,0.0
2024-06-09,26.82,78.26,0.0
2024-06-10,26.6,71.91,0.0
2024-06-11,25.34,60.24,0.0
2024-06-12,26.61,56.17,0.0
2024-06-13,28.58,55.7,0.0
2024-06-14,27.59,64.26,0.0
2024-06-15,23.79,72.1,0.0
2024-06-16,23.71,77.95,0.0
2024-06-17,25.63,73.71,0.0
2024-06-18,27.8,71.27,0.0
2024-06-19,30.52,65.4,0.0
2024-06-20,30.68,66.92,0.0
2024-06-21,33.4,44.79,0.0
2024-06-22,30.77,61.9,0.0
2024-06-23,29.69,73.97,0.0
2024-06-24,28.14,80.4,0.0
2024-06-25,29.14,72.52,0.0
2024-06-26,30.06,62.09,0.0
2024-06-27,28.15,69.91,0.0
2024-06-28,28.12,69.69,0.0
2024-06-29,30.09,57.26,0.0
2024-06-30,30.09,55.23,0.0
2024-07-01,28.74,62.67,0.0
2024-07-02,27.33,64.12,0.0
2024-07-03,26.52,66.58,0.0
2024-07-04,26.0,68.76,0.0
2024-07-05,27.16,61.81,0.0
2024-07-06,28.59,58.78,0.0
2024-07-07,29.01,59.42,0.0
2024-07-08,29.18,69.84,0.0
2024-07-09,31.93,62.7,0.0
2024-07-10,33.51,44.32,0.0
2024-07-11,31.7,53.94,0.0
2024-07-12,29.72,67.69,0.0
2024-07-13,30.43,68.68,0.0
2024-07-14,30.89,68.34,0.0
2024-07-15,30.86,70.12,0.0
2024-07-16,32.09,59.49,0.0
2024-07-17,32.79,51.91,0.0
2024-07-18,32.4,52.72,0.0
2024-07-19,31.39,52.81,0.2
2024-07-20,31.88,55.59,0.0
2024-07-21,29.93,74.12,0.0
2024-07-22,30.62,73.75,0.0
2024-07-23,28.91,72.9,0.2
2024-07-24,29.91,60.53,0.0
2024-07-25,29.2,61.19,0.0
2024-07-26,29.22,64.98,0.0
2024-07-27,30.18,58.87,0.0
2024-07-28,30.59,59.51,0.0
2024-07-29,31.27,60.1,0.0
2024-07-30,31.61,60.44,0.0
2024-07-31,32.85,41.44,0.0
2024-08-01,29.63,59.56,0.0
2024-08-02,28.23,71.26,0.0
2024-08-03,28.27,75.99,0.0
2024-08-04,29.17,72.67,0.0
2024-08-05,29.64,69.56,0.0
2024-08-06,29.16,72.8,0.0
2024-08-07,29.7,72.69,0.0
2024-08-08,29.61,73.19,0.0
2024-08-09,29.46,71.81,0.0
2024-08-10,31.19,66.58,0.0
2024-08-11,31.42,55.97,0.0
2024-08-12,31.39,54.57,0.0
2024-08-13,31.14,53.42,0.0
2024-08-14,30.44,61.48,0.0
2024-08-15,32.16,54.12,0.0
2024-08-16,30.94,55.91,0.0
2024-08-17,29.42,67.42,0.0
2024-08-18,29.79,73.44,0.0
2024-08-19,27.7,76.46,0.6
2024-08-20,27.98,74.04,1.4
2024-08-21,27.57,71.1,0.0
2024-08-22,29.7,62.15,0.0
2024-08-23,30.78,59.15,0.0
2024-08-24,30.95,63.89,0.0
2024-08-25,30.2,66.34,0.0
2024-08-26,26.54,70.45,9.0
2024-08-27,27.43,62.4,0.0
2024-08-28,28.02,58.76,0.0
2024-08-29,25.68,74.4,2.4
2024-08-30,24.47,81.83,3.4
2024-08-31,24.92,76.79,0.4
2024-09-01,26.69,66.92,0.0
2024-09-02,26.82,73.87,0.0
2024-09-03,25.9,78.58,3.6
2024-09-04,25.9,73.81,0.0
2024-09-05,26.19,74.58,0.0
2024-09-06,27.39,73.83,0.0
2024-09-07,27.74,79.29,0.0
2024-09-08,28.59,71.78,0.0
2024-09-09,26.15,80.1,25.8
2024-09-10,22.33,87.74,23.0
2024-09-11,22.89,80.94,0.0
2024-09-12,23.85,77.82,2.2
2024-09-13,23.53,87.78,19.6
2024-09-14,21.55,70.35,0.2
2024-09-15,18.8,71.64,0.0
2024-09-16,20.42,70.17,0.0
2024-09-17,19.03,84.92,2.2
2024-09-18,22.11,82.8,4.0
2024-09-19,20.02,88.88,1.0
2024-09-20,20.88,82.43,0.0
2024-09-21,21.83,76.63,0.0
2024-09-22,21.3,73.6,0.0
2024-09-23,21.08,76.76,0.0
2024-09-24,21.87,80.88,0.0
2024-09-25,22.25,85.24,0.0
2024-09-26,23.24,82.94,0.0
2024-09-27,22.54,83.42,0.0
2024-09-28,22.36,84.94,0.0
2024-09-29,22.93,73.37,0.8
2024-09-30,20.64,57.22,0.0
2024-10-01,17.77,64.56,0.0
2024-10-02,17.62,76.69,0.0
2024-10-03,20.13,81.15,0.0
2024-10-04,22.74,83.57,9.2
2024-10-05,21.57,94.1,2.0
2024-10-06,18.69,88.11,0.4
2024-10-07,17.44,81.38,0.0
2024-10-08,18.42,80.31,0.0
2024-10-09,18.3,88.2,0.0
2024-10-10,21.81,90.83,0.0
2024-10-11,22.25,87.79,0.0
2024-10-12,21.7,83.33,3.2
2024-10-13,19.52,78.43,0.0
2024-10-14,18.79,79.36,0.0
2024-10-15,19.75,80.83,0.0
2024-10-16,20.23,77.38,0.0
2024-10-17,19.24,72.56,0.0
2024-10-18,19.13,63.47,0.0
2024-10-19,18.39,58.81,0.0
2024-10-20,18.03,58.59,0.0
2024-10-21,17.19,73.72,0.0
2024-10-22,16.33,70.79,0.0
2024-10-23,15.97,69.18,0.0
2024-10-24,16.43,63.35,0.0
2024-10-25,15.45,61.13,0.0
2024-10-26,16.1,69.37,0.0
2024-10-27,14.69,69.37,0.0
2024-10-28,15.14,80.75,0.0
2024-10-29,16.37,81.49,0.0
2024-10-30,17.2,75.13,0.0
2024-10-31,16.72,68.92,0.0
2024-11-01,15.5,68.46,0.0
2024-11-02,14.83,74.42,0.0
2024-11-03,15.99,72.59,0.0
2024-11-04,14.95,80.86,0.0
2024-11-05,16.18,65.53,0.0
2024-11-06,15.87,59.1,0.0
2024-11-07,13.53,60.59,0.0
2024-11-08,14.67,51.61,0.0
2024-11-09,16.26,39.06,0.0
2024-11-10,10.83,56.81,0.0
2024-11-11,11.03,74.79,0.0
2024-11-12,14.04,78.98,0.6
2024-11-13,14.31,96.42,18.6
2024-11-14,15.81,96.53,14.8
2024-11-15,13.37,99.24,23.0
2024-11-16,12.34,74.12,0.0
2024-11-17,10.31,86.28,0.0
2024-11-18,11.15,88.65,0.0
2024-11-19,11.59,90.41,11.2
2024-11-20,15.3,97.88,12.4
2024-11-21,16.16,75.41,0.0
2024-11-22,14.48,97.22,28.2
2024-11-23,12.51,57.97,0.0
2024-11-24,7.07,60.58,0.0
2024-11-25,6.76,75.65,0.0
2024-11-26,8.18,82.29,0.0
2024-11-27,9.55,85.42,0.0
2024-11-28,11.48,88.76,0.0
2024-11-29,12.78,99.88,28.4
2024-11-30,12.12,99.26,12.0
2024-12-01,10.52,92.71,9.6
2024-12-02,13.39,63.51,0.2
2024-12-03,11.4,79.88,0.0
2024-12-04,12.05,91.49,0.0
2024-12-05,13.23,86.98,3.0
2024-12-06,15.97,77.99,2.6
2024-12-07,12.33,99.17,46.4
2024-12-08,10.22,97.43,18.0
2024-12-09,11.39,98.35,33.0
2024-12-10,10.27,99.24,4.8
2024-12-11,9.76,94.58,3.2
2024-12-12,8.96,91.92,0.2
2024-12-13,8.38,87.36,0.0
2024-12-14,8.65,97.1,38.2
2024-12-15,10.9,98.17,3.4
2024-12-16,9.58,78.03,0.0
2024-12-17,7.86,85.85,0.0
2024-12-18,8.17,88.93,0.0
2024-12-19,9.4,91.29,0.0
2024-12-20,10.2,99.77,3.8
2024-12-21,9.55,89.53,6.6
2024-12-22,6.7,92.78,0.2
2024-12-23,8.24,98.98,40.6
2024-12-24,7.02,94.9,5.6
2024-12-25,9.57,71.81,0.0
2024-12-26,11.5,61.28,0.0
2024-12-27,10.39,66.81,0.0
2024-12-28,7.17,68.67,0.0
2024-12-29,5.41,79.62,0.0
2024-12-30,6.39,80.35,0.0
2024-12-31,7.02,82.89,0.0
2025-01-01,7.64,84.82,0.0
2025-01-02,7.83,90.82,0.0
2025-01-03,9.73,92.48,0.2
2025-01-04,10.17,99.92,9.6
2025-01-05,8.84,94.76,0.2
2025-01-06,9.88,96.58,0.0
2025-01-07,12.57,98.04,2.4
2025-01-08,13.99,96.06,0.2
2025-01-09,14.24,93.71,0.0
2025-01-10,11.93,99.9,8.0
2025-01-11,12.38,98.13,1.6
2025-01-12,13.43,96.96,36.0
2025-01-13,9.72,65.52,5.2
2025-01-14,9.24,58.69,2.8
2025-01-15,9.36,69.99,0.0
2025-01-16,11.67,60.7,0.0
2025-01-17,12.28,60.49,0.4
2025-01-18,11.03,82.12,1.0
2025-01-19,9.29,78.76,0.0
2025-01-20,10.54,77.24,1.4
2025-01-21,10.13,96.78,19.4
2025-01-22,10.48,93.06,2.2
2025-01-23,10.6,90.24,0.0
2025-01-24,12.86,89.67,0.0
2025-01-25,11.17,89.35,0.0
2025-01-26,10.56,90.65,0.2
2025-01-27,11.19,90.06,0.0
2025-01-28,11.59,89.75,0.2
2025-01-29,15.84,85.14,0.0
2025-01-30,12.6,92.09,19.6
2025-01-31,11.91,92.09,0.2
2025-02-01,10.99,86.23,0.2
2025-02-02,11.41,83.44,0.0
2025-02-03,11.3,93.22,9.0
2025-02-04,11.67,74.35,0.0
2025-02-05,10.17,71.0,0.0
2025-02-06,6.95,76.86,0.0
2025-02-07,7.92,64.63,0.0
2025-02-08,7.71,56.21,0.0
2025-02-09,5.44,71.31,0.0
2025-02-10,6.2,65.31,0.0
2025-02-11,6.12,73.34,0.0
2025-02-12,8.48,81.4,0.0
2025-02-13,7.62,99.54,27.6
2025-02-14,9.01,99.65,16.4
2025-02-15,10.53,94.8,0.2
2025-02-16,11.22,93.38,0.4
2025-02-17,10.28,91.81,2.4
2025-02-18,10.45,84.53,0.0
2025-02-19,10.08,72.96,0.0
2025-02-20,7.23,69.22,0.0
2025-02-21,5.82,74.53,0.0
2025-02-22,5.8,71.51,0.0
2025-02-23,7.27,87.58,0.0
2025-02-24,10.34,92.03,0.4
2025-02-25,11.18,92.08,0.2
2025-02-26,11.67,86.56,0.0
2025-02-27,11.05,97.24,13.6
2025-02-28,10.83,90.04,0.0
2025-03-01,11.74,86.71,0.0
2025-03-02,11.21,87.33,0.0
2025-03-03,11.33,69.04,0.0
2025-03-04,11.85,49.68,0.0
2025-03-05,12.06,51.5,0.0
2025-03-06,11.35,61.44,0.0
2025-03-07,11.54,63.43,0.0
2025-03-08,11.99,70.35,0.0
2025-03-09,12.13,77.24,0.0
2025-03-10,12.58,78.67,0.0
2025-03-11,15.01,78.25,0.0
2025-03-12,18.47,71.12,0.0
2025-03-13,18.2,84.06,0.0
2025-03-14,17.2,79.91,0.0
2025-03-15,18.59,67.5,0.0
2025-03-16,17.77,83.69,0.0
2025-03-17,13.13,73.65,0.0
2025-03-18,9.49,82.6,5.4
2025-03-19,9.47,57.1,0.0
2025-03-20,8.74,76.6,0.0
2025-03-21,10.28,80.81,0.0
2025-03-22,10.98,82.76,0.0
2025-03-23,12.94,79.33,0.2
2025-03-24,17.81,61.68,0.2
2025-03-25,13.95,93.75,6.4
2025-03-26,16.45,78.47,0.0
2025-03-27,14.3,92.34,6.8
2025-03-28,12.75,90.66,1.4
2025-03-29,12.66,97.83,19.0
2025-03-30,14.59,88.14,1.4
2025-03-31,13.63,88.09,2.4
2025-04-01,14.68,79.72,0.8
2025-04-02,14.74,81.08,0.0
2025-04-03,14.38,88.6,0.6
2025-04-04,13.31,89.17,0.4
2025-04-05,13.6,83.17,0.6
2025-04-06,13.56,86.93,13.4
2025-04-07,12.71,69.73,0.6
2025-04-08,12.27,59.8,0.0
2025-04-09,11.66,68.61,0.0
2025-04-10,10.49,78.2,0.0
2025-04-11,12.64,76.01,0.0
2025-04-12,13.27,82.18,0.0
2025-04-13,14.62,81.67,0.0
2025-04-14,15.93,88.72,0.0
2025-04-15,17.91,85.89,0.2
2025-04-16,19.68,78.33,0.0
2025-04-17,19.43,81.9,0.0
2025-04-18,17.02,82.5,0.0
2025-04-19,15.22,84.47,0.0
2025-04-20,16.68,84.6,0.0
2025-04-21,17.29,77.84,0.0
2025-04-22,18.68,74.0,0.0
2025-04-23,17.45,84.7,0.0
2025-04-24,17.02,89.92,6.2
2025-04-25,17.68,87.9,0.2
2025-04-26,16.63,85.24,0.0
2025-04-27,18.19,68.27,0.0
2025-04-28,19.87,48.55,0.0
2025-04-29,18.1,41.86,0.0
2025-04-30,17.33,59.15,0.0
2025-05-01,18.25,72.69,0.0
2025-05-02,19.29,73.01,0.0
2025-05-03,19.0,82.2,0.0
2025-05-04,18.88,82.24,0.0
2025-05-05,19.25,80.01,0.0
2025-05-06,18.99,78.15,0.0
2025-05-07,20.84,73.76,0.0
2025-05-08,20.24,74.41,0.0
2025-05-09,21.27,72.98,0.6
2025-05-10,20.96,78.6,0.0
2025-05-11,19.18,85.42,0.0
2025-05-12,20.27,78.47,0.8
2025-05-13,18.46,81.44,1.8
2025-05-14,17.95,81.36,0.0
2025-05-15,18.74,80.33,2.0
2025-05-16,17.19,97.92,38.0
2025-05-17,16.64,84.15,0.2
2025-05-18,16.58,75.92,0.0
2025-05-19,17.62,81.08,0.0
2025-05-20,19.18,82.84,0.0
2025-05-21,21.17,74.66,0.0
2025-05-22,21.7,78.66,0.2
2025-05-23,18.34,90.69,2.6
2025-05-24,21.88,79.62,0.0
2025-05-25,21.65,74.98,0.0
2025-05-26,19.97,59.94,0.0
2025-05-27,19.38,75.64,0.0
2025-05-28,18.12,88.88,7.2
2025-05-29,17.57,88.11,1.2
2025-05-30,21.24,68.34,0.2
2025-05-31,20.35,75.03,4.4
2025-06-01,21.36,76.85,0.0
2025-06-02,21.78,80.06,0.0
2025-06-03,21.92,82.03,0.0
2025-06-04,22.12,85.09,0.0
2025-06-05,22.95,82.32,0.0
2025-06-06,23.76,82.07,0.0
2025-06-07,24.95,80.49,0.0
2025-06-08,25.32,80.42,0.0
2025-06-09,26.66,77.45,0.0
2025-06-10,28.95,64.92,0.0
2025-06-11,27.21,72.8,0.0
2025-06-12,27.1,72.89,0.0
2025-06-13,27.41,73.97,0.2
2025-06-14,27.69,72.01,0.0
2025-06-15,27.0,73.19,0.0
2025-06-16,26.44,78.62,0.0
2025-06-17,27.47,73.99,0.0
2025-06-18,28.12,60.17,0.0
2025-06-19,28.19,59.2,0.0
2025-06-20,27.07,69.4,0.0
2025-06-21,26.01,71.8,0.4
2025-06-22,27.25,58.11,0.0
2025-06-23,27.2,63.68,0.0
2025-06-24,26.74,74.4,0.0
2025-06-25,27.57,75.53,0.0
2025-06-26,29.33,72.58,0.0
2025-06-27,31.48,65.96,0.0
2025-06-28,29.24,70.35,4.4
2025-06-29,30.38,54.01,0.0
2025-06-30,29.27,62.16,0.0
2025-07-01,30.13,63.33,0.0
2025-07-02,31.61,52.26,0.0
2025-07-03,29.91,63.31,0.0
2025-07-04,29.78,68.07,0.0
2025-07-05,30.27,63.66,0.0
2025-07-06,29.79,57.72,0.0
2025-07-07,28.0,71.22,0.0
2025-07-08,28.8,75.76,0.0
2025-07-09,29.62,60.97,0.0
2025-07-10,26.74,48.7,0.0
2025-07-11,26.44,57.58,0.0
2025-07-12,26.09,64.51,0.0
2025-07-13,26.18,70.74,0.0
2025-07-14,26.77,76.07,0.0
2025-07-15,27.46,73.19,0.0
2025-07-16,30.13,58.83,0.0
2025-07-17,27.99,72.65,0.0
2025-07-18,28.17,77.33,0.0
2025-07-19,26.95,74.09,0.0
2025-07-20,28.49,67.48,0.0
2025-07-21,28.78,68.47,0.0
2025-07-22,28.96,64.88,0.0
2025-07-23,27.92,72.12,0.0
2025-07-24,28.76,73.1,0.0
2025-07-25,30.65,63.97,0.0
2025-07-26,33.53,48.06,0.0
2025-07-27,29.93,58.92,0.0
2025-07-28,27.14,68.28,0.0
2025-07-29,26.21,79.06,8.2
2025-07-30,25.87,74.85,0.6
2025-07-31,26.55,75.97,0.0
2025-08-01,27.2,66.06,0.0
2025-08-02,27.45,72.92,0.0
2025-08-03,27.05,72.71,0.0
2025-08-04,26.3,69.74,0.0
2025-08-05,25.85,73.91,0.0
2025-08-06,28.19,62.53,0.0
2025-08-07,29.73,60.1,0.0
2025-08-08,32.6,43.12,0.0
2025-08-09,34.33,31.2,0.0
2025-08-10,35.36,22.59,0.0
2025-08-11,36.45,26.08,0.0
2025-08-12,36.35,28.06,0.0
2025-08-13,34.98,32.58,0.0
2025-08-14,30.06,51.88,0.0
2025-08-15,29.79,54.87,0.0
2025-08-16,29.23,45.6,0.0
2025-08-17,27.52,52.25,0.0
2025-08-18,26.85,63.67,0.0
2025-08-19,27.31,65.12,0.0
2025-08-20,27.83,71.39,0.0
2025-08-21,27.53,73.92,0.0
2025-08-22,27.31,78.05,0.0
2025-08-23,27.98,70.74,0.0
2025-08-24,27.49,66.97,0.0
2025-08-25,27.38,70.2,0.0
2025-08-26,26.79,62.74,0.0
2025-08-27,19.07,80.3,0.0
2025-10-27,30.8,30.0,0.0
